match_id,map,team_id,player_id,nickname,kills,deaths,assists,headshots_percent,winning_team_id,team_won
1-000a4040-5366-426a-968a-d28f8fa466dc,de_mirage,99c560e6-662d-4b0c-a48b-b232fa52cb88,99c560e6-662d-4b0c-a48b-b232fa52cb88,n0xinho,18,17,3,39,4938508e-6420-4220-86b6-3a2fc6b51237,0
1-000a4040-5366-426a-968a-d28f8fa466dc,de_mirage,99c560e6-662d-4b0c-a48b-b232fa52cb88,3b3b0662-0a3a-418c-9734-2f2051b049fc,polski-,15,15,5,33,4938508e-6420-4220-86b6-3a2fc6b51237,0
1-000a4040-5366-426a-968a-d28f8fa466dc,de_mirage,99c560e6-662d-4b0c-a48b-b232fa52cb88,b10cd2ba-fdaf-46bf-aba0-7397bde298e9,flacotiverso,14,17,7,57,4938508e-6420-4220-86b6-3a2fc6b51237,0
1-02aa5b31-24b8-4062-968b-46e58accc68b,de_vertigo,d0629912-ac9e-4c21-bfe4-b6b9922a0f68,d2d79f95-19d1-479b-82e9-97b88223f169,agb-_-,6,5,1,67,71822d99-31e3-4be4-8f2c-4601b0fc2a9d,0
1-02aa5b31-24b8-4062-968b-46e58accc68b,de_vertigo,d0629912-ac9e-4c21-bfe4-b6b9922a0f68,bc8c9779-1f8f-4017-9646-6701423c6ff9,frantarasco,3,6,2,67,71822d99-31e3-4be4-8f2c-4601b0fc2a9d,0
1-0600c9eb-ab17-418a-9d7b-925a7f0c4d08,de_mirage,bc8c9779-1f8f-4017-9646-6701423c6ff9,bc8c9779-1f8f-4017-9646-6701423c6ff9,frantarasco,22,28,10,32,bc8c9779-1f8f-4017-9646-6701423c6ff9,1
1-0600c9eb-ab17-418a-9d7b-925a7f0c4d08,de_mirage,bc8c9779-1f8f-4017-9646-6701423c6ff9,a24967e1-bb38-4b2f-bb78-e118e613c0c7,gordotiverso,26,21,9,38,bc8c9779-1f8f-4017-9646-6701423c6ff9,1
1-0600c9eb-ab17-418a-9d7b-925a7f0c4d08,de_mirage,bc8c9779-1f8f-4017-9646-6701423c6ff9,99c560e6-662d-4b0c-a48b-b232fa52cb88,n0xinho,30,23,8,40,bc8c9779-1f8f-4017-9646-6701423c6ff9,1
1-0600c9eb-ab17-418a-9d7b-925a7f0c4d08,de_mirage,bc8c9779-1f8f-4017-9646-6701423c6ff9,b10cd2ba-fdaf-46bf-aba0-7397bde298e9,flacotiverso,23,21,8,22,bc8c9779-1f8f-4017-9646-6701423c6ff9,1
1-063caaf6-e25f-45a8-a14f-e20f037818b9,de_dust2,99c560e6-662d-4b0c-a48b-b232fa52cb88,99c560e6-662d-4b0c-a48b-b232fa52cb88,n0xinho,12,12,2,0,e017aaac-d766-4b88-bbd7-557c2a7f266e,0
1-063caaf6-e25f-45a8-a14f-e20f037818b9,de_dust2,99c560e6-662d-4b0c-a48b-b232fa52cb88,bc8c9779-1f8f-4017-9646-6701423c6ff9,frantarasco,7,16,1,43,e017aaac-d766-4b88-bbd7-557c2a7f266e,0
1-063caaf6-e25f-45a8-a14f-e20f037818b9,de_dust2,99c560e6-662d-4b0c-a48b-b232fa52cb88,b10cd2ba-fdaf-46bf-aba0-7397bde298e9,flacotiverso,6,15,4,50,e017aaac-d766-4b88-bbd7-557c2a7f266e,0
1-063caaf6-e25f-45a8-a14f-e20f037818b9,de_dust2,99c560e6-662d-4b0c-a48b-b232fa52cb88,49a74302-be88-4ac5-9a6c-f0c7864e6b2d,hhmero,11,13,3,36,e017aaac-d766-4b88-bbd7-557c2a7f266e,0
1-0661ca65-04db-480c-9a70-25a926cf9c75,de_dust2,6d7859d8-d6b3-48e6-b8b6-a31b27f8d623,49a74302-be88-4ac5-9a6c-f0c7864e6b2d,hhmero,23,22,9,48,6d7859d8-d6b3-48e6-b8b6-a31b27f8d623,1
1-0661ca65-04db-480c-9a70-25a926cf9c75,de_dust2,6d7859d8-d6b3-48e6-b8b6-a31b27f8d623,b10cd2ba-fdaf-46bf-aba0-7397bde298e9,flacotiverso,26,20,8,38,6d7859d8-d6b3-48e6-b8b6-a31b27f8d623,1
1-06aaf935-8215-4755-b4ca-25abee40c2b1,de_inferno,d02c4268-5e5e-426c-9125-4a81d6ad4d7d,d02c4268-5e5e-426c-9125-4a81d6ad4d7d,ELGERENTE,17,15,6,47,4b0c7ced-ac98-4dd0-81ab-0823dc52eb2c,0
1-06aaf935-8215-4755-b4ca-25abee40c2b1,de_inferno,d02c4268-5e5e-426c-9125-4a81d6ad4d7d,a24967e1-bb38-4b2f-bb78-e118e613c0c7,gordotiverso,11,16,8,55,4b0c7ced-ac98-4dd0-81ab-0823dc52eb2c,0
1-06aaf935-8215-4755-b4ca-25abee40c2b1,de_inferno,d02c4268-5e5e-426c-9125-4a81d6ad4d7d,49a74302-be88-4ac5-9a6c-f0c7864e6b2d,hhmero,8,15,2,38,4b0c7ced-ac98-4dd0-81ab-0823dc52eb2c,0
1-074d79d4-889a-4a83-af33-ad5310139f1a,de_ancient,3b3b0662-0a3a-418c-9734-2f2051b049fc,3b3b0662-0a3a-418c-9734-2f2051b049fc,polski-,23,14,5,57,cea1d63f-921f-4813-879c-bc23594860df,0
1-074d79d4-889a-4a83-af33-ad5310139f1a,de_ancient,3b3b0662-0a3a-418c-9734-2f2051b049fc,d2d79f95-19d1-479b-82e9-97b88223f169,agb-_-,8,19,7,75,cea1d63f-921f-4813-879c-bc23594860df,0
1-074d79d4-889a-4a83-af33-ad5310139f1a,de_ancient,3b3b0662-0a3a-418c-9734-2f2051b049fc,1acb8f8e-b15e-49c2-8a91-88bf299f0f99,santibest10,16,17,6,56,cea1d63f-921f-4813-879c-bc23594860df,0
1-07636088-f237-4841-9f0e-5d844f2e96a8,de_mirage,1acb8f8e-b15e-49c2-8a91-88bf299f0f99,1acb8f8e-b15e-49c2-8a91-88bf299f0f99,santibest10,26,10,7,46,1acb8f8e-b15e-49c2-8a91-88bf299f0f99,1
1-07636088-f237-4841-9f0e-5d844f2e96a8,de_mirage,1acb8f8e-b15e-49c2-8a91-88bf299f0f99,a24967e1-bb38-4b2f-bb78-e118e613c0c7,gordotiverso,10,13,5,50,1acb8f8e-b15e-49c2-8a91-88bf299f0f99,1
1-07636088-f237-4841-9f0e-5d844f2e96a8,de_mirage,1acb8f8e-b15e-49c2-8a91-88bf299f0f99,d2d79f95-19d1-479b-82e9-97b88223f169,agb-_-,15,13,5,27,1acb8f8e-b15e-49c2-8a91-88bf299f0f99,1
1-079e9cf7-c9de-4f85-88d0-6cae3fe6c931,de_inferno,ad3d1390-9edf-4170-9f42-e39e4ac2e217,b10cd2ba-fdaf-46bf-aba0-7397bde298e9,flacotiverso,17,11,6,35,ad3d1390-9edf-4170-9f42-e39e4ac2e217,1
1-079e9cf7-c9de-4f85-88d0-6cae3fe6c931,de_inferno,ad3d1390-9edf-4170-9f42-e39e4ac2e217,a24967e1-bb38-4b2f-bb78-e118e613c0c7,gordotiverso,15,12,4,33,ad3d1390-9edf-4170-9f42-e39e4ac2e217,1
1-079e9cf7-c9de-4f85-88d0-6cae3fe6c931,de_inferno,ad3d1390-9edf-4170-9f42-e39e4ac2e217,3b3b0662-0a3a-418c-9734-2f2051b049fc,polski-,18,14,6,61,ad3d1390-9edf-4170-9f42-e39e4ac2e217,1
1-079e9cf7-c9de-4f85-88d0-6cae3fe6c931,de_inferno,ad3d1390-9edf-4170-9f42-e39e4ac2e217,d2d79f95-19d1-479b-82e9-97b88223f169,agb-_-,14,13,7,43,ad3d1390-9edf-4170-9f42-e39e4ac2e217,1
1-079e9cf7-c9de-4f85-88d0-6cae3fe6c931,de_inferno,ad3d1390-9edf-4170-9f42-e39e4ac2e217,d02c4268-5e5e-426c-9125-4a81d6ad4d7d,ELGERENTE,22,16,7,36,ad3d1390-9edf-4170-9f42-e39e4ac2e217,1
1-0866733d-9c68-4e14-a005-a1abca12b70f,de_inferno,bc8c9779-1f8f-4017-9646-6701423c6ff9,bc8c9779-1f8f-4017-9646-6701423c6ff9,frantarasco,16,19,9,25,bc8c9779-1f8f-4017-9646-6701423c6ff9,1
1-0866733d-9c68-4e14-a005-a1abca12b70f,de_inferno,bc8c9779-1f8f-4017-9646-6701423c6ff9,a24967e1-bb38-4b2f-bb78-e118e613c0c7,gordotiverso,12,15,6,33,bc8c9779-1f8f-4017-9646-6701423c6ff9,1
1-0866733d-9c68-4e14-a005-a1abca12b70f,de_inferno,bc8c9779-1f8f-4017-9646-6701423c6ff9,1acb8f8e-b15e-49c2-8a91-88bf299f0f99,santibest10,22,13,4,68,bc8c9779-1f8f-4017-9646-6701423c6ff9,1
1-0866733d-9c68-4e14-a005-a1abca12b70f,de_inferno,bc8c9779-1f8f-4017-9646-6701423c6ff9,d2d79f95-19d1-479b-82e9-97b88223f169,agb-_-,16,19,9,44,bc8c9779-1f8f-4017-9646-6701423c6ff9,1
1-08ff222a-91d2-4762-9c4e-43e508cb6965,de_dust2,a735d855-d8c1-4177-8dc7-9972e1305faa,3b3b0662-0a3a-418c-9734-2f2051b049fc,polski-,24,9,6,58,a735d855-d8c1-4177-8dc7-9972e1305faa,1
1-08ff222a-91d2-4762-9c4e-43e508cb6965,de_dust2,a735d855-d8c1-4177-8dc7-9972e1305faa,d2d79f95-19d1-479b-82e9-97b88223f169,agb-_-,15,14,3,47,a735d855-d8c1-4177-8dc7-9972e1305faa,1
1-090ef5fc-b5d5-433a-b948-9cc43f64a3df,de_inferno,acf24035-c7e5-49bc-8a04-7ca44018cb92,a62e1894-7ac4-4d65-9c92-939ca4f0f200,Fakabot,5,18,4,40,483931db-1054-4a63-93c4-a9afcdc1f1a2,0
1-090ef5fc-b5d5-433a-b948-9cc43f64a3df,de_inferno,acf24035-c7e5-49bc-8a04-7ca44018cb92,a24967e1-bb38-4b2f-bb78-e118e613c0c7,gordotiverso,8,16,2,25,483931db-1054-4a63-93c4-a9afcdc1f1a2,0
1-090ef5fc-b5d5-433a-b948-9cc43f64a3df,de_inferno,acf24035-c7e5-49bc-8a04-7ca44018cb92,99c560e6-662d-4b0c-a48b-b232fa52cb88,n0xinho,20,16,5,55,483931db-1054-4a63-93c4-a9afcdc1f1a2,0
1-090ef5fc-b5d5-433a-b948-9cc43f64a3df,de_inferno,acf24035-c7e5-49bc-8a04-7ca44018cb92,1acb8f8e-b15e-49c2-8a91-88bf299f0f99,santibest10,21,18,2,62,483931db-1054-4a63-93c4-a9afcdc1f1a2,0
1-090ef5fc-b5d5-433a-b948-9cc43f64a3df,de_inferno,acf24035-c7e5-49bc-8a04-7ca44018cb92,d02c4268-5e5e-426c-9125-4a81d6ad4d7d,ELGERENTE,11,15,7,64,483931db-1054-4a63-93c4-a9afcdc1f1a2,0
1-096bbea9-3230-4060-bb70-b6c453f27895,de_inferno,c73b39a6-4ee5-423f-8591-84a4e71e9bb1,99c560e6-662d-4b0c-a48b-b232fa52cb88,n0xinho,19,14,8,42,b7996c0b-6b15-4d49-b73f-ea133b75e5d9,0
1-096bbea9-3230-4060-bb70-b6c453f27895,de_inferno,c73b39a6-4ee5-423f-8591-84a4e71e9bb1,4482a031-efdb-4c3a-899f-6e5c22310547,santutu_,11,16,3,64,b7996c0b-6b15-4d49-b73f-ea133b75e5d9,0
1-096bbea9-3230-4060-bb70-b6c453f27895,de_inferno,c73b39a6-4ee5-423f-8591-84a4e71e9bb1,d2d79f95-19d1-479b-82e9-97b88223f169,agb-_-,8,18,8,88,b7996c0b-6b15-4d49-b73f-ea133b75e5d9,0
1-096bbea9-3230-4060-bb70-b6c453f27895,de_inferno,c73b39a6-4ee5-423f-8591-84a4e71e9bb1,1acb8f8e-b15e-49c2-8a91-88bf299f0f99,santibest10,16,16,2,38,b7996c0b-6b15-4d49-b73f-ea133b75e5d9,0
1-096bbea9-3230-4060-bb70-b6c453f27895,de_inferno,c73b39a6-4ee5-423f-8591-84a4e71e9bb1,b10cd2ba-fdaf-46bf-aba0-7397bde298e9,flacotiverso,4,17,3,50,b7996c0b-6b15-4d49-b73f-ea133b75e5d9,0
1-09b44161-aab5-4710-b542-5cdca12355f2,de_inferno,99c560e6-662d-4b0c-a48b-b232fa52cb88,99c560e6-662d-4b0c-a48b-b232fa52cb88,n0xinho,34,26,6,56,f26a3d07-7458-494f-95d0-a591442b3ef2,0
1-09b44161-aab5-4710-b542-5cdca12355f2,de_inferno,99c560e6-662d-4b0c-a48b-b232fa52cb88,a24967e1-bb38-4b2f-bb78-e118e613c0c7,gordotiverso,28,34,6,46,f26a3d07-7458-494f-95d0-a591442b3ef2,0
1-09b44161-aab5-4710-b542-5cdca12355f2,de_inferno,99c560e6-662d-4b0c-a48b-b232fa52cb88,1acb8f8e-b15e-49c2-8a91-88bf299f0f99,santibest10,27,32,7,56,f26a3d07-7458-494f-95d0-a591442b3ef2,0
1-09b44161-aab5-4710-b542-5cdca12355f2,de_inferno,99c560e6-662d-4b0c-a48b-b232fa52cb88,b10cd2ba-fdaf-46bf-aba0-7397bde298e9,flacotiverso,16,30,11,50,f26a3d07-7458-494f-95d0-a591442b3ef2,0
1-09befcc7-60a9-4cc9-bb61-d0a949763e90,de_dust2,9bd95a86-5518-4165-a7fe-5a1fe30d35dd,b10cd2ba-fdaf-46bf-aba0-7397bde298e9,flacotiverso,25,19,5,72,65749803-b7cf-4ea2-afc1-9c95d2eb521a,0
1-09befcc7-60a9-4cc9-bb61-d0a949763e90,de_dust2,9bd95a86-5518-4165-a7fe-5a1fe30d35dd,a62e1894-7ac4-4d65-9c92-939ca4f0f200,Fakabot,15,20,8,87,65749803-b7cf-4ea2-afc1-9c95d2eb521a,0
1-09befcc7-60a9-4cc9-bb61-d0a949763e90,de_dust2,9bd95a86-5518-4165-a7fe-5a1fe30d35dd,bc8c9779-1f8f-4017-9646-6701423c6ff9,frantarasco,16,22,4,44,65749803-b7cf-4ea2-afc1-9c95d2eb521a,0
1-09ce02d6-836e-45bf-a619-8c3294e4ef32,de_inferno,3b3b0662-0a3a-418c-9734-2f2051b049fc,3b3b0662-0a3a-418c-9734-2f2051b049fc,polski-,21,9,9,24,3b3b0662-0a3a-418c-9734-2f2051b049fc,1
1-09ce02d6-836e-45bf-a619-8c3294e4ef32,de_inferno,3b3b0662-0a3a-418c-9734-2f2051b049fc,a24967e1-bb38-4b2f-bb78-e118e613c0c7,gordotiverso,10,10,8,30,3b3b0662-0a3a-418c-9734-2f2051b049fc,1
1-09ce02d6-836e-45bf-a619-8c3294e4ef32,de_inferno,3b3b0662-0a3a-418c-9734-2f2051b049fc,d2d79f95-19d1-479b-82e9-97b88223f169,agb-_-,17,11,4,71,3b3b0662-0a3a-418c-9734-2f2051b049fc,1
1-09f96c6a-fe6c-4105-a2c7-3f525849b5be,de_inferno,a24967e1-bb38-4b2f-bb78-e118e613c0c7,a24967e1-bb38-4b2f-bb78-e118e613c0c7,gordotiverso,12,8,5,33,a24967e1-bb38-4b2f-bb78-e118e613c0c7,1
1-09f96c6a-fe6c-4105-a2c7-3f525849b5be,de_inferno,a24967e1-bb38-4b2f-bb78-e118e613c0c7,99c560e6-662d-4b0c-a48b-b232fa52cb88,n0xinho,18,7,5,56,a24967e1-bb38-4b2f-bb78-e118e613c0c7,1
1-09f96c6a-fe6c-4105-a2c7-3f525849b5be,de_inferno,a24967e1-bb38-4b2f-bb78-e118e613c0c7,b10cd2ba-fdaf-46bf-aba0-7397bde298e9,flacotiverso,22,8,3,36,a24967e1-bb38-4b2f-bb78-e118e613c0c7,1
1-09f96c6a-fe6c-4105-a2c7-3f525849b5be,de_inferno,a24967e1-bb38-4b2f-bb78-e118e613c0c7,49a74302-be88-4ac5-9a6c-f0c7864e6b2d,hhmero,9,10,5,44,a24967e1-bb38-4b2f-bb78-e118e613c0c7,1
1-0acb3db5-ca2c-4c06-9a05-6e3ebf510a7c,de_mirage,12c7d2bb-5813-4c28-a2ef-22ed90edabed,1acb8f8e-b15e-49c2-8a91-88bf299f0f99,santibest10,16,8,2,19,12c7d2bb-5813-4c28-a2ef-22ed90edabed,1
1-0acb3db5-ca2c-4c06-9a05-6e3ebf510a7c,de_mirage,12c7d2bb-5813-4c28-a2ef-22ed90edabed,d2d79f95-19d1-479b-82e9-97b88223f169,agb-_-,8,11,4,88,12c7d2bb-5813-4c28-a2ef-22ed90edabed,1
1-0b809420-79d7-492b-b199-1455385bcfda,de_mirage,7f88fdb8-a9aa-46c8-bd6a-82a92c723bd0,b10cd2ba-fdaf-46bf-aba0-7397bde298e9,flacotiverso,26,25,12,50,d84c63a7-9da5-4558-8f76-4290d123d835,0
1-0b809420-79d7-492b-b199-1455385bcfda,de_mirage,7f88fdb8-a9aa-46c8-bd6a-82a92c723bd0,a24967e1-bb38-4b2f-bb78-e118e613c0c7,gordotiverso,19,25,6,26,d84c63a7-9da5-4558-8f76-4290d123d835,0
1-0b809420-79d7-492b-b199-1455385bcfda,de_mirage,7f88fdb8-a9aa-46c8-bd6a-82a92c723bd0,d2d79f95-19d1-479b-82e9-97b88223f169,agb-_-,24,25,5,50,d84c63a7-9da5-4558-8f76-4290d123d835,0
1-0b809420-79d7-492b-b199-1455385bcfda,de_mirage,7f88fdb8-a9aa-46c8-bd6a-82a92c723bd0,1acb8f8e-b15e-49c2-8a91-88bf299f0f99,santibest10,33,25,3,61,d84c63a7-9da5-4558-8f76-4290d123d835,0
1-0b99c4be-3c3c-4d8f-86a0-e16df12a20de,de_mirage,bc8c9779-1f8f-4017-9646-6701423c6ff9,bc8c9779-1f8f-4017-9646-6701423c6ff9,frantarasco,13,8,4,8,bc8c9779-1f8f-4017-9646-6701423c6ff9,1
1-0b99c4be-3c3c-4d8f-86a0-e16df12a20de,de_mirage,bc8c9779-1f8f-4017-9646-6701423c6ff9,d2d79f95-19d1-479b-82e9-97b88223f169,agb-_-,14,13,5,57,bc8c9779-1f8f-4017-9646-6701423c6ff9,1
1-0b99c4be-3c3c-4d8f-86a0-e16df12a20de,de_mirage,bc8c9779-1f8f-4017-9646-6701423c6ff9,b10cd2ba-fdaf-46bf-aba0-7397bde298e9,flacotiverso,17,13,7,59,bc8c9779-1f8f-4017-9646-6701423c6ff9,1
1-0b99c4be-3c3c-4d8f-86a0-e16df12a20de,de_mirage,bc8c9779-1f8f-4017-9646-6701423c6ff9,d02c4268-5e5e-426c-9125-4a81d6ad4d7d,ELGERENTE,19,8,5,63,bc8c9779-1f8f-4017-9646-6701423c6ff9,1
1-0d5dd713-9bf3-4779-963e-660e8cfb0f8f,de_mirage,55847677-73f2-4c56-a47c-9ffe917a7e9c,49a74302-be88-4ac5-9a6c-f0c7864e6b2d,hhmero,21,17,1,38,ebb45ec7-6644-4c45-a491-db9828f3f6c7,0
1-0d5dd713-9bf3-4779-963e-660e8cfb0f8f,de_mirage,55847677-73f2-4c56-a47c-9ffe917a7e9c,b10cd2ba-fdaf-46bf-aba0-7397bde298e9,flacotiverso,16,17,3,56,ebb45ec7-6644-4c45-a491-db9828f3f6c7,0
1-0d8192e9-ac94-4fc4-9d51-8eae6f347d24,de_mirage,d8f9c8ff-c309-4a36-8575-6fe6bfa4440e,a24967e1-bb38-4b2f-bb78-e118e613c0c7,gordotiverso,11,14,11,36,d8f9c8ff-c309-4a36-8575-6fe6bfa4440e,1
1-0d8192e9-ac94-4fc4-9d51-8eae6f347d24,de_mirage,d8f9c8ff-c309-4a36-8575-6fe6bfa4440e,99c560e6-662d-4b0c-a48b-b232fa52cb88,n0xinho,21,9,6,24,d8f9c8ff-c309-4a36-8575-6fe6bfa4440e,1
1-0d8192e9-ac94-4fc4-9d51-8eae6f347d24,de_mirage,d8f9c8ff-c309-4a36-8575-6fe6bfa4440e,b10cd2ba-fdaf-46bf-aba0-7397bde298e9,flacotiverso,22,12,4,32,d8f9c8ff-c309-4a36-8575-6fe6bfa4440e,1
1-0d8192e9-ac94-4fc4-9d51-8eae6f347d24,de_mirage,d8f9c8ff-c309-4a36-8575-6fe6bfa4440e,49a74302-be88-4ac5-9a6c-f0c7864e6b2d,hhmero,11,9,2,36,d8f9c8ff-c309-4a36-8575-6fe6bfa4440e,1
1-0e2dae17-8ace-4386-baea-4747c169f9ed,de_mirage,922e6ce2-7279-4771-93eb-d14c89041c76,922e6ce2-7279-4771-93eb-d14c89041c76,monzooo,25,15,2,40,922e6ce2-7279-4771-93eb-d14c89041c76,1
1-0e2dae17-8ace-4386-baea-4747c169f9ed,de_mirage,922e6ce2-7279-4771-93eb-d14c89041c76,bc8c9779-1f8f-4017-9646-6701423c6ff9,frantarasco,16,20,8,31,922e6ce2-7279-4771-93eb-d14c89041c76,1
1-0e2dae17-8ace-4386-baea-4747c169f9ed,de_mirage,922e6ce2-7279-4771-93eb-d14c89041c76,b10cd2ba-fdaf-46bf-aba0-7397bde298e9,flacotiverso,16,16,4,50,922e6ce2-7279-4771-93eb-d14c89041c76,1
1-0e623404-9783-4c2f-a6f1-b16749f1b0b5,de_mirage,30dae9f2-e4a2-44c7-8ccb-d15e08de5668,1acb8f8e-b15e-49c2-8a91-88bf299f0f99,santibest10,15,17,1,40,627a000f-c334-4a75-8486-0144422ee9b5,0
1-0e623404-9783-4c2f-a6f1-b16749f1b0b5,de_mirage,30dae9f2-e4a2-44c7-8ccb-d15e08de5668,bc8c9779-1f8f-4017-9646-6701423c6ff9,frantarasco,17,16,7,53,627a000f-c334-4a75-8486-0144422ee9b5,0
1-0e623404-9783-4c2f-a6f1-b16749f1b0b5,de_mirage,30dae9f2-e4a2-44c7-8ccb-d15e08de5668,99c560e6-662d-4b0c-a48b-b232fa52cb88,n0xinho,16,17,4,50,627a000f-c334-4a75-8486-0144422ee9b5,0
1-0e623404-9783-4c2f-a6f1-b16749f1b0b5,de_mirage,30dae9f2-e4a2-44c7-8ccb-d15e08de5668,d2d79f95-19d1-479b-82e9-97b88223f169,agb-_-,9,15,9,44,627a000f-c334-4a75-8486-0144422ee9b5,0
1-0e623404-9783-4c2f-a6f1-b16749f1b0b5,de_mirage,30dae9f2-e4a2-44c7-8ccb-d15e08de5668,b10cd2ba-fdaf-46bf-aba0-7397bde298e9,flacotiverso,15,15,9,47,627a000f-c334-4a75-8486-0144422ee9b5,0
1-0f78f1ac-cf3b-4457-9684-3fac608d52ac,de_inferno,1acb8f8e-b15e-49c2-8a91-88bf299f0f99,1acb8f8e-b15e-49c2-8a91-88bf299f0f99,santibest10,24,14,10,50,1acb8f8e-b15e-49c2-8a91-88bf299f0f99,1
1-0f78f1ac-cf3b-4457-9684-3fac608d52ac,de_inferno,1acb8f8e-b15e-49c2-8a91-88bf299f0f99,99c560e6-662d-4b0c-a48b-b232fa52cb88,n0xinho,25,14,7,60,1acb8f8e-b15e-49c2-8a91-88bf299f0f99,1
1-108906b5-cb49-4eff-9648-a2ccc56014dd,de_mirage,ec567fc9-76ca-4417-a235-3ae6b611dc55,922e6ce2-7279-4771-93eb-d14c89041c76,monzooo,34,28,10,38,ec567fc9-76ca-4417-a235-3ae6b611dc55,1
1-108906b5-cb49-4eff-9648-a2ccc56014dd,de_mirage,ec567fc9-76ca-4417-a235-3ae6b611dc55,bc8c9779-1f8f-4017-9646-6701423c6ff9,frantarasco,22,24,8,36,ec567fc9-76ca-4417-a235-3ae6b611dc55,1
1-108906b5-cb49-4eff-9648-a2ccc56014dd,de_mirage,ec567fc9-76ca-4417-a235-3ae6b611dc55,d2d79f95-19d1-479b-82e9-97b88223f169,agb-_-,26,25,11,50,ec567fc9-76ca-4417-a235-3ae6b611dc55,1
1-108906b5-cb49-4eff-9648-a2ccc56014dd,de_mirage,ec567fc9-76ca-4417-a235-3ae6b611dc55,b10cd2ba-fdaf-46bf-aba0-7397bde298e9,flacotiverso,26,27,8,38,ec567fc9-76ca-4417-a235-3ae6b611dc55,1
1-108906b5-cb49-4eff-9648-a2ccc56014dd,de_mirage,ec567fc9-76ca-4417-a235-3ae6b611dc55,49a74302-be88-4ac5-9a6c-f0c7864e6b2d,hhmero,28,21,4,25,ec567fc9-76ca-4417-a235-3ae6b611dc55,1
1-1105c1b2-2ccd-4309-a9c6-d1f66b24774b,de_ancient,74a1bb88-5dd0-47a7-bc15-6654978b8449,d2d79f95-19d1-479b-82e9-97b88223f169,agb-_-,12,18,4,42,c3e46ede-8b5e-4b6e-8af0-b510c85fd633,0
1-1105c1b2-2ccd-4309-a9c6-d1f66b24774b,de_ancient,74a1bb88-5dd0-47a7-bc15-6654978b8449,a24967e1-bb38-4b2f-bb78-e118e613c0c7,gordotiverso,13,16,4,69,c3e46ede-8b5e-4b6e-8af0-b510c85fd633,0
1-1105c1b2-2ccd-4309-a9c6-d1f66b24774b,de_ancient,74a1bb88-5dd0-47a7-bc15-6654978b8449,bc8c9779-1f8f-4017-9646-6701423c6ff9,frantarasco,19,19,7,58,c3e46ede-8b5e-4b6e-8af0-b510c85fd633,0
1-1105c1b2-2ccd-4309-a9c6-d1f66b24774b,de_ancient,74a1bb88-5dd0-47a7-bc15-6654978b8449,99c560e6-662d-4b0c-a48b-b232fa52cb88,n0xinho,16,17,6,56,c3e46ede-8b5e-4b6e-8af0-b510c85fd633,0
1-1105c1b2-2ccd-4309-a9c6-d1f66b24774b,de_ancient,74a1bb88-5dd0-47a7-bc15-6654978b8449,d02c4268-5e5e-426c-9125-4a81d6ad4d7d,ELGERENTE,19,14,4,53,c3e46ede-8b5e-4b6e-8af0-b510c85fd633,0
1-11f2d93b-a380-4923-ae06-48b451143635,de_nuke,efeac137-7266-4e79-a1d6-80032600e14f,1acb8f8e-b15e-49c2-8a91-88bf299f0f99,santibest10,18,19,10,28,efeac137-7266-4e79-a1d6-80032600e14f,1
1-11f2d93b-a380-4923-ae06-48b451143635,de_nuke,efeac137-7266-4e79-a1d6-80032600e14f,3b3b0662-0a3a-418c-9734-2f2051b049fc,polski-,31,20,12,32,efeac137-7266-4e79-a1d6-80032600e14f,1
1-11f2d93b-a380-4923-ae06-48b451143635,de_nuke,efeac137-7266-4e79-a1d6-80032600e14f,bc8c9779-1f8f-4017-9646-6701423c6ff9,frantarasco,22,21,6,45,efeac137-7266-4e79-a1d6-80032600e14f,1
1-11f2d93b-a380-4923-ae06-48b451143635,de_nuke,efeac137-7266-4e79-a1d6-80032600e14f,d2d79f95-19d1-479b-82e9-97b88223f169,agb-_-,20,22,4,30,efeac137-7266-4e79-a1d6-80032600e14f,1
1-15eae770-589e-41a0-8ba1-29e0ebabbcbb,de_mirage,a24967e1-bb38-4b2f-bb78-e118e613c0c7,a24967e1-bb38-4b2f-bb78-e118e613c0c7,gordotiverso,12,17,6,58,26404832-9fb5-4747-8088-2006f65571a6,0
1-15eae770-589e-41a0-8ba1-29e0ebabbcbb,de_mirage,a24967e1-bb38-4b2f-bb78-e118e613c0c7,b10cd2ba-fdaf-46bf-aba0-7397bde298e9,flacotiverso,14,18,5,64,26404832-9fb5-4747-8088-2006f65571a6,0
1-15fb2785-2861-42fd-8325-a58c8c8d01ec,de_dust2,a24967e1-bb38-4b2f-bb78-e118e613c0c7,a24967e1-bb38-4b2f-bb78-e118e613c0c7,gordotiverso,5,19,5,40,321b515a-7736-479c-be2a-2935c87eee3f,0
1-15fb2785-2861-42fd-8325-a58c8c8d01ec,de_dust2,a24967e1-bb38-4b2f-bb78-e118e613c0c7,99c560e6-662d-4b0c-a48b-b232fa52cb88,n0xinho,20,15,3,60,321b515a-7736-479c-be2a-2935c87eee3f,0
1-15fb2785-2861-42fd-8325-a58c8c8d01ec,de_dust2,a24967e1-bb38-4b2f-bb78-e118e613c0c7,b10cd2ba-fdaf-46bf-aba0-7397bde298e9,flacotiverso,17,18,6,41,321b515a-7736-479c-be2a-2935c87eee3f,0
1-15fb2785-2861-42fd-8325-a58c8c8d01ec,de_dust2,a24967e1-bb38-4b2f-bb78-e118e613c0c7,49a74302-be88-4ac5-9a6c-f0c7864e6b2d,hhmero,19,18,2,26,321b515a-7736-479c-be2a-2935c87eee3f,0
1-1629860d-893c-46dd-b03d-807c557aa055,de_nuke,0425184c-5590-49e8-ada2-34568b8aa5f4,3b3b0662-0a3a-418c-9734-2f2051b049fc,polski-,8,3,3,62,0425184c-5590-49e8-ada2-34568b8aa5f4,1
1-1629860d-893c-46dd-b03d-807c557aa055,de_nuke,0425184c-5590-49e8-ada2-34568b8aa5f4,bc8c9779-1f8f-4017-9646-6701423c6ff9,frantarasco,4,7,3,75,0425184c-5590-49e8-ada2-34568b8aa5f4,1
1-1629860d-893c-46dd-b03d-807c557aa055,de_nuke,0425184c-5590-49e8-ada2-34568b8aa5f4,d2d79f95-19d1-479b-82e9-97b88223f169,agb-_-,9,6,2,56,0425184c-5590-49e8-ada2-34568b8aa5f4,1
1-1635c7a9-a4d4-494e-911c-9224e3704eaf,de_mirage,a62e1894-7ac4-4d65-9c92-939ca4f0f200,a62e1894-7ac4-4d65-9c92-939ca4f0f200,Fakabot,8,16,2,25,ef16324f-db8e-4c76-8b1b-54a8bade2db6,0
1-1635c7a9-a4d4-494e-911c-9224e3704eaf,de_mirage,a62e1894-7ac4-4d65-9c92-939ca4f0f200,bc8c9779-1f8f-4017-9646-6701423c6ff9,frantarasco,7,16,3,57,ef16324f-db8e-4c76-8b1b-54a8bade2db6,0
1-1635c7a9-a4d4-494e-911c-9224e3704eaf,de_mirage,a62e1894-7ac4-4d65-9c92-939ca4f0f200,d2d79f95-19d1-479b-82e9-97b88223f169,agb-_-,7,17,2,29,ef16324f-db8e-4c76-8b1b-54a8bade2db6,0
1-1635c7a9-a4d4-494e-911c-9224e3704eaf,de_mirage,a62e1894-7ac4-4d65-9c92-939ca4f0f200,b10cd2ba-fdaf-46bf-aba0-7397bde298e9,flacotiverso,11,15,2,55,ef16324f-db8e-4c76-8b1b-54a8bade2db6,0
1-1638dc3a-6cc4-49b5-b3d0-e1c7c9a2f21f,de_cache,95c032df-440f-4075-b86d-d65549bf88c9,bc8c9779-1f8f-4017-9646-6701423c6ff9,frantarasco,18,11,4,44,95c032df-440f-4075-b86d-d65549bf88c9,1
1-1638dc3a-6cc4-49b5-b3d0-e1c7c9a2f21f,de_cache,95c032df-440f-4075-b86d-d65549bf88c9,a24967e1-bb38-4b2f-bb78-e118e613c0c7,gordotiverso,9,12,5,33,95c032df-440f-4075-b86d-d65549bf88c9,1
1-1638dc3a-6cc4-49b5-b3d0-e1c7c9a2f21f,de_cache,95c032df-440f-4075-b86d-d65549bf88c9,99c560e6-662d-4b0c-a48b-b232fa52cb88,n0xinho,20,8,1,50,95c032df-440f-4075-b86d-d65549bf88c9,1
1-1638dc3a-6cc4-49b5-b3d0-e1c7c9a2f21f,de_cache,95c032df-440f-4075-b86d-d65549bf88c9,d2d79f95-19d1-479b-82e9-97b88223f169,agb-_-,15,11,8,67,95c032df-440f-4075-b86d-d65549bf88c9,1
1-1638dc3a-6cc4-49b5-b3d0-e1c7c9a2f21f,de_cache,95c032df-440f-4075-b86d-d65549bf88c9,1acb8f8e-b15e-49c2-8a91-88bf299f0f99,santibest10,14,13,5,50,95c032df-440f-4075-b86d-d65549bf88c9,1
1-16508393-eba5-4650-b796-e36b80642448,de_mirage,0425184c-5590-49e8-ada2-34568b8aa5f4,d2d79f95-19d1-479b-82e9-97b88223f169,agb-_-,17,11,5,47,0425184c-5590-49e8-ada2-34568b8aa5f4,1
1-16508393-eba5-4650-b796-e36b80642448,de_mirage,0425184c-5590-49e8-ada2-34568b8aa5f4,bc8c9779-1f8f-4017-9646-6701423c6ff9,frantarasco,10,9,2,60,0425184c-5590-49e8-ada2-34568b8aa5f4,1
1-1716ee4e-a1e7-4a8c-9569-742e566feab3,de_mirage,a62e1894-7ac4-4d65-9c92-939ca4f0f200,a62e1894-7ac4-4d65-9c92-939ca4f0f200,Fakabot,24,18,6,38,a62e1894-7ac4-4d65-9c92-939ca4f0f200,1
1-1716ee4e-a1e7-4a8c-9569-742e566feab3,de_mirage,a62e1894-7ac4-4d65-9c92-939ca4f0f200,4482a031-efdb-4c3a-899f-6e5c22310547,santutu_,17,18,7,29,a62e1894-7ac4-4d65-9c92-939ca4f0f200,1
1-1716ee4e-a1e7-4a8c-9569-742e566feab3,de_mirage,a62e1894-7ac4-4d65-9c92-939ca4f0f200,922e6ce2-7279-4771-93eb-d14c89041c76,monzooo,22,19,5,45,a62e1894-7ac4-4d65-9c92-939ca4f0f200,1
1-1716ee4e-a1e7-4a8c-9569-742e566feab3,de_mirage,a62e1894-7ac4-4d65-9c92-939ca4f0f200,bc8c9779-1f8f-4017-9646-6701423c6ff9,frantarasco,27,17,9,37,a62e1894-7ac4-4d65-9c92-939ca4f0f200,1
1-17af48f4-9436-4809-aac8-69b59bccf4bf,de_mirage,74a1bb88-5dd0-47a7-bc15-6654978b8449,d2d79f95-19d1-479b-82e9-97b88223f169,agb-_-,16,15,3,81,74a1bb88-5dd0-47a7-bc15-6654978b8449,1
1-17af48f4-9436-4809-aac8-69b59bccf4bf,de_mirage,74a1bb88-5dd0-47a7-bc15-6654978b8449,a24967e1-bb38-4b2f-bb78-e118e613c0c7,gordotiverso,16,16,8,19,74a1bb88-5dd0-47a7-bc15-6654978b8449,1
1-17af48f4-9436-4809-aac8-69b59bccf4bf,de_mirage,74a1bb88-5dd0-47a7-bc15-6654978b8449,bc8c9779-1f8f-4017-9646-6701423c6ff9,frantarasco,21,13,4,52,74a1bb88-5dd0-47a7-bc15-6654978b8449,1
1-17af48f4-9436-4809-aac8-69b59bccf4bf,de_mirage,74a1bb88-5dd0-47a7-bc15-6654978b8449,99c560e6-662d-4b0c-a48b-b232fa52cb88,n0xinho,20,17,8,45,74a1bb88-5dd0-47a7-bc15-6654978b8449,1
1-17af48f4-9436-4809-aac8-69b59bccf4bf,de_mirage,74a1bb88-5dd0-47a7-bc15-6654978b8449,d02c4268-5e5e-426c-9125-4a81d6ad4d7d,ELGERENTE,14,19,8,50,74a1bb88-5dd0-47a7-bc15-6654978b8449,1
1-18422a85-9e52-4101-a8f5-a4315e8006e4,de_inferno,7b3607d0-4de6-4d70-8808-f6ed6873d37e,99c560e6-662d-4b0c-a48b-b232fa52cb88,n0xinho,34,18,7,38,f0cc5f7a-e96d-4ba9-8c63-e04e5c259173,0
1-18422a85-9e52-4101-a8f5-a4315e8006e4,de_inferno,7b3607d0-4de6-4d70-8808-f6ed6873d37e,922e6ce2-7279-4771-93eb-d14c89041c76,monzooo,12,26,2,50,f0cc5f7a-e96d-4ba9-8c63-e04e5c259173,0
1-18422a85-9e52-4101-a8f5-a4315e8006e4,de_inferno,7b3607d0-4de6-4d70-8808-f6ed6873d37e,3b3b0662-0a3a-418c-9734-2f2051b049fc,polski-,27,19,7,52,f0cc5f7a-e96d-4ba9-8c63-e04e5c259173,0
1-18422a85-9e52-4101-a8f5-a4315e8006e4,de_inferno,7b3607d0-4de6-4d70-8808-f6ed6873d37e,b10cd2ba-fdaf-46bf-aba0-7397bde298e9,flacotiverso,21,21,13,43,f0cc5f7a-e96d-4ba9-8c63-e04e5c259173,0
1-192c1e76-52de-4d67-b43d-5e543975005f,de_nuke,4bbf659c-a9c2-4a63-90c0-421d12bb99f1,99c560e6-662d-4b0c-a48b-b232fa52cb88,n0xinho,22,16,5,23,4bbf659c-a9c2-4a63-90c0-421d12bb99f1,1
1-192c1e76-52de-4d67-b43d-5e543975005f,de_nuke,4bbf659c-a9c2-4a63-90c0-421d12bb99f1,bc8c9779-1f8f-4017-9646-6701423c6ff9,frantarasco,11,18,8,64,4bbf659c-a9c2-4a63-90c0-421d12bb99f1,1
1-192c1e76-52de-4d67-b43d-5e543975005f,de_nuke,4bbf659c-a9c2-4a63-90c0-421d12bb99f1,d2d79f95-19d1-479b-82e9-97b88223f169,agb-_-,11,20,9,45,4bbf659c-a9c2-4a63-90c0-421d12bb99f1,1
1-192c1e76-52de-4d67-b43d-5e543975005f,de_nuke,4bbf659c-a9c2-4a63-90c0-421d12bb99f1,1acb8f8e-b15e-49c2-8a91-88bf299f0f99,santibest10,21,16,5,43,4bbf659c-a9c2-4a63-90c0-421d12bb99f1,1
1-192c1e76-52de-4d67-b43d-5e543975005f,de_nuke,4bbf659c-a9c2-4a63-90c0-421d12bb99f1,b10cd2ba-fdaf-46bf-aba0-7397bde298e9,flacotiverso,19,18,7,26,4bbf659c-a9c2-4a63-90c0-421d12bb99f1,1
1-1970b5f4-cc03-44c6-bb0e-ee8d465f595b,de_nuke,e4ff793f-1aed-4c77-aa57-da0b35bafb65,1acb8f8e-b15e-49c2-8a91-88bf299f0f99,santibest10,17,15,7,24,1c56fa84-2e6b-4884-917f-d60368136895,0
1-1970b5f4-cc03-44c6-bb0e-ee8d465f595b,de_nuke,e4ff793f-1aed-4c77-aa57-da0b35bafb65,a24967e1-bb38-4b2f-bb78-e118e613c0c7,gordotiverso,17,18,5,29,1c56fa84-2e6b-4884-917f-d60368136895,0
1-1970b5f4-cc03-44c6-bb0e-ee8d465f595b,de_nuke,e4ff793f-1aed-4c77-aa57-da0b35bafb65,99c560e6-662d-4b0c-a48b-b232fa52cb88,n0xinho,14,16,4,50,1c56fa84-2e6b-4884-917f-d60368136895,0
1-1970b5f4-cc03-44c6-bb0e-ee8d465f595b,de_nuke,e4ff793f-1aed-4c77-aa57-da0b35bafb65,d2d79f95-19d1-479b-82e9-97b88223f169,agb-_-,16,16,6,44,1c56fa84-2e6b-4884-917f-d60368136895,0
1-1a5d6347-a7a2-4579-bc01-b9a26b679d32,de_dust2,5481b8f8-37cc-4aed-b1d2-d335094e7a2d,1acb8f8e-b15e-49c2-8a91-88bf299f0f99,santibest10,20,14,5,55,3ce3d90b-9ac3-405d-8afb-32683903a89c,0
1-1a5d6347-a7a2-4579-bc01-b9a26b679d32,de_dust2,5481b8f8-37cc-4aed-b1d2-d335094e7a2d,bc8c9779-1f8f-4017-9646-6701423c6ff9,frantarasco,15,19,6,73,3ce3d90b-9ac3-405d-8afb-32683903a89c,0
1-1a5d6347-a7a2-4579-bc01-b9a26b679d32,de_dust2,5481b8f8-37cc-4aed-b1d2-d335094e7a2d,a24967e1-bb38-4b2f-bb78-e118e613c0c7,gordotiverso,6,18,6,0,3ce3d90b-9ac3-405d-8afb-32683903a89c,0
1-1af617e3-8a00-49a8-98eb-cbcd1d422328,de_anubis,68c92dbc-2d26-4f80-85aa-aac0013b731e,d02c4268-5e5e-426c-9125-4a81d6ad4d7d,ELGERENTE,9,13,1,56,68c92dbc-2d26-4f80-85aa-aac0013b731e,1
1-1af617e3-8a00-49a8-98eb-cbcd1d422328,de_anubis,68c92dbc-2d26-4f80-85aa-aac0013b731e,b10cd2ba-fdaf-46bf-aba0-7397bde298e9,flacotiverso,11,15,6,55,68c92dbc-2d26-4f80-85aa-aac0013b731e,1
1-1d061802-99ca-4147-855d-ab4664e3cb89,de_ancient,0d7b92b0-f89f-4809-bdac-565f617dcb4f,1acb8f8e-b15e-49c2-8a91-88bf299f0f99,santibest10,16,20,7,62,782af96c-8294-40b3-8f78-e7eec1a4ae66,0
1-1d061802-99ca-4147-855d-ab4664e3cb89,de_ancient,0d7b92b0-f89f-4809-bdac-565f617dcb4f,a24967e1-bb38-4b2f-bb78-e118e613c0c7,gordotiverso,15,17,6,33,782af96c-8294-40b3-8f78-e7eec1a4ae66,0
1-1d061802-99ca-4147-855d-ab4664e3cb89,de_ancient,0d7b92b0-f89f-4809-bdac-565f617dcb4f,bc8c9779-1f8f-4017-9646-6701423c6ff9,frantarasco,20,20,5,30,782af96c-8294-40b3-8f78-e7eec1a4ae66,0
1-1d061802-99ca-4147-855d-ab4664e3cb89,de_ancient,0d7b92b0-f89f-4809-bdac-565f617dcb4f,d2d79f95-19d1-479b-82e9-97b88223f169,agb-_-,16,17,11,56,782af96c-8294-40b3-8f78-e7eec1a4ae66,0
1-1d061802-99ca-4147-855d-ab4664e3cb89,de_ancient,0d7b92b0-f89f-4809-bdac-565f617dcb4f,b10cd2ba-fdaf-46bf-aba0-7397bde298e9,flacotiverso,13,15,5,62,782af96c-8294-40b3-8f78-e7eec1a4ae66,0
1-1d6c1210-3d34-4660-b16e-916f816c4777,de_nuke,88060fff-1930-403e-9702-5d0acf6258a9,1acb8f8e-b15e-49c2-8a91-88bf299f0f99,santibest10,36,29,6,47,88060fff-1930-403e-9702-5d0acf6258a9,1
1-1d6c1210-3d34-4660-b16e-916f816c4777,de_nuke,88060fff-1930-403e-9702-5d0acf6258a9,a24967e1-bb38-4b2f-bb78-e118e613c0c7,gordotiverso,27,27,8,44,88060fff-1930-403e-9702-5d0acf6258a9,1
1-1d6c1210-3d34-4660-b16e-916f816c4777,de_nuke,88060fff-1930-403e-9702-5d0acf6258a9,bc8c9779-1f8f-4017-9646-6701423c6ff9,frantarasco,26,31,4,38,88060fff-1930-403e-9702-5d0acf6258a9,1
1-1d6c1210-3d34-4660-b16e-916f816c4777,de_nuke,88060fff-1930-403e-9702-5d0acf6258a9,99c560e6-662d-4b0c-a48b-b232fa52cb88,n0xinho,30,31,11,33,88060fff-1930-403e-9702-5d0acf6258a9,1
1-1d6c1210-3d34-4660-b16e-916f816c4777,de_nuke,88060fff-1930-403e-9702-5d0acf6258a9,b10cd2ba-fdaf-46bf-aba0-7397bde298e9,flacotiverso,25,30,9,40,88060fff-1930-403e-9702-5d0acf6258a9,1
1-1e20a9d1-d26e-4b22-b153-698ec059cd81,de_mirage,a73e01d3-7986-4d5a-960d-2ae464a4a80e,d2d79f95-19d1-479b-82e9-97b88223f169,agb-_-,20,17,8,60,d798bc46-d085-4dbf-9fad-7b866e2b1c65,0
1-1e20a9d1-d26e-4b22-b153-698ec059cd81,de_mirage,a73e01d3-7986-4d5a-960d-2ae464a4a80e,3b3b0662-0a3a-418c-9734-2f2051b049fc,polski-,14,18,3,50,d798bc46-d085-4dbf-9fad-7b866e2b1c65,0
1-1e20a9d1-d26e-4b22-b153-698ec059cd81,de_mirage,a73e01d3-7986-4d5a-960d-2ae464a4a80e,bc8c9779-1f8f-4017-9646-6701423c6ff9,frantarasco,20,17,7,45,d798bc46-d085-4dbf-9fad-7b866e2b1c65,0
1-1e20a9d1-d26e-4b22-b153-698ec059cd81,de_mirage,a73e01d3-7986-4d5a-960d-2ae464a4a80e,1acb8f8e-b15e-49c2-8a91-88bf299f0f99,santibest10,19,15,5,47,d798bc46-d085-4dbf-9fad-7b866e2b1c65,0
1-1e431e41-bafe-4519-8f90-8e10352caa29,de_dust2,f903f467-34f7-4159-8a83-62cfcc5f2b67,1acb8f8e-b15e-49c2-8a91-88bf299f0f99,santibest10,14,17,6,50,9ce52b0c-25a0-4672-b30a-78330f3d7ecd,0
1-1e431e41-bafe-4519-8f90-8e10352caa29,de_dust2,f903f467-34f7-4159-8a83-62cfcc5f2b67,99c560e6-662d-4b0c-a48b-b232fa52cb88,n0xinho,16,17,3,56,9ce52b0c-25a0-4672-b30a-78330f3d7ecd,0
1-1e431e41-bafe-4519-8f90-8e10352caa29,de_dust2,f903f467-34f7-4159-8a83-62cfcc5f2b67,b10cd2ba-fdaf-46bf-aba0-7397bde298e9,flacotiverso,10,16,2,30,9ce52b0c-25a0-4672-b30a-78330f3d7ecd,0
1-1f1fbf48-f04c-434b-a6c4-2643ea21ed0d,de_mirage,a384921a-dbeb-4967-a52f-a185fa9a6c80,a62e1894-7ac4-4d65-9c92-939ca4f0f200,Fakabot,16,20,11,62,a384921a-dbeb-4967-a52f-a185fa9a6c80,1
1-1f1fbf48-f04c-434b-a6c4-2643ea21ed0d,de_mirage,a384921a-dbeb-4967-a52f-a185fa9a6c80,bc8c9779-1f8f-4017-9646-6701423c6ff9,frantarasco,7,21,8,29,a384921a-dbeb-4967-a52f-a185fa9a6c80,1
1-22f53552-a8b1-4223-9a0d-62427bac5bc2,de_dust2,adbe20da-352f-446d-bd1c-66078fdeee27,a24967e1-bb38-4b2f-bb78-e118e613c0c7,gordotiverso,13,13,4,31,adbe20da-352f-446d-bd1c-66078fdeee27,1
1-22f53552-a8b1-4223-9a0d-62427bac5bc2,de_dust2,adbe20da-352f-446d-bd1c-66078fdeee27,b10cd2ba-fdaf-46bf-aba0-7397bde298e9,flacotiverso,16,12,5,44,adbe20da-352f-446d-bd1c-66078fdeee27,1
1-24a026fb-19e3-4ecc-8c5f-240acd6d4e11,de_inferno,e88590bf-b974-4b06-bc0d-6beb75a39ab3,922e6ce2-7279-4771-93eb-d14c89041c76,monzooo,4,15,4,25,5d3a878b-cf3a-40c2-8e13-550d2d1f74ef,0
1-24a026fb-19e3-4ecc-8c5f-240acd6d4e11,de_inferno,e88590bf-b974-4b06-bc0d-6beb75a39ab3,b10cd2ba-fdaf-46bf-aba0-7397bde298e9,flacotiverso,9,13,3,78,5d3a878b-cf3a-40c2-8e13-550d2d1f74ef,0
1-24a318c5-a301-49e0-a133-b911953b1713,de_nuke,3b3b0662-0a3a-418c-9734-2f2051b049fc,3b3b0662-0a3a-418c-9734-2f2051b049fc,polski-,23,9,4,61,3b3b0662-0a3a-418c-9734-2f2051b049fc,1
1-24a318c5-a301-49e0-a133-b911953b1713,de_nuke,3b3b0662-0a3a-418c-9734-2f2051b049fc,1acb8f8e-b15e-49c2-8a91-88bf299f0f99,santibest10,17,13,4,41,3b3b0662-0a3a-418c-9734-2f2051b049fc,1
1-24a318c5-a301-49e0-a133-b911953b1713,de_nuke,3b3b0662-0a3a-418c-9734-2f2051b049fc,d2d79f95-19d1-479b-82e9-97b88223f169,agb-_-,12,13,12,17,3b3b0662-0a3a-418c-9734-2f2051b049fc,1
1-25775400-03ae-4224-8b0b-05a388cd1857,de_dust2,3b3b0662-0a3a-418c-9734-2f2051b049fc,3b3b0662-0a3a-418c-9734-2f2051b049fc,polski-,17,18,6,47,51c39e4d-4a54-4484-8433-1093c491cad6,0
1-25775400-03ae-4224-8b0b-05a388cd1857,de_dust2,3b3b0662-0a3a-418c-9734-2f2051b049fc,d2d79f95-19d1-479b-82e9-97b88223f169,agb-_-,16,17,6,50,51c39e4d-4a54-4484-8433-1093c491cad6,0
1-25775400-03ae-4224-8b0b-05a388cd1857,de_dust2,3b3b0662-0a3a-418c-9734-2f2051b049fc,1acb8f8e-b15e-49c2-8a91-88bf299f0f99,santibest10,13,16,4,77,51c39e4d-4a54-4484-8433-1093c491cad6,0
1-2684ac3e-5767-423e-9e42-96b414b00f76,de_dust2,ad3d1390-9edf-4170-9f42-e39e4ac2e217,1acb8f8e-b15e-49c2-8a91-88bf299f0f99,santibest10,22,10,9,45,ad3d1390-9edf-4170-9f42-e39e4ac2e217,1
1-2684ac3e-5767-423e-9e42-96b414b00f76,de_dust2,ad3d1390-9edf-4170-9f42-e39e4ac2e217,922e6ce2-7279-4771-93eb-d14c89041c76,monzooo,14,15,10,57,ad3d1390-9edf-4170-9f42-e39e4ac2e217,1
1-2684ac3e-5767-423e-9e42-96b414b00f76,de_dust2,ad3d1390-9edf-4170-9f42-e39e4ac2e217,3b3b0662-0a3a-418c-9734-2f2051b049fc,polski-,19,10,12,37,ad3d1390-9edf-4170-9f42-e39e4ac2e217,1
1-2684ac3e-5767-423e-9e42-96b414b00f76,de_dust2,ad3d1390-9edf-4170-9f42-e39e4ac2e217,99c560e6-662d-4b0c-a48b-b232fa52cb88,n0xinho,21,12,5,76,ad3d1390-9edf-4170-9f42-e39e4ac2e217,1
1-2684ac3e-5767-423e-9e42-96b414b00f76,de_dust2,ad3d1390-9edf-4170-9f42-e39e4ac2e217,b10cd2ba-fdaf-46bf-aba0-7397bde298e9,flacotiverso,11,14,4,36,ad3d1390-9edf-4170-9f42-e39e4ac2e217,1
1-26af9a98-9653-4c5f-85d4-2fe14bc773be,de_mirage,bc8c9779-1f8f-4017-9646-6701423c6ff9,bc8c9779-1f8f-4017-9646-6701423c6ff9,frantarasco,13,18,3,54,83fa4a70-23ee-4a54-981c-974cdf163361,0
1-26af9a98-9653-4c5f-85d4-2fe14bc773be,de_mirage,bc8c9779-1f8f-4017-9646-6701423c6ff9,a24967e1-bb38-4b2f-bb78-e118e613c0c7,gordotiverso,10,13,4,60,83fa4a70-23ee-4a54-981c-974cdf163361,0
1-26af9a98-9653-4c5f-85d4-2fe14bc773be,de_mirage,bc8c9779-1f8f-4017-9646-6701423c6ff9,99c560e6-662d-4b0c-a48b-b232fa52cb88,n0xinho,15,14,2,53,83fa4a70-23ee-4a54-981c-974cdf163361,0
1-27b4924b-d910-4a92-ac34-d18414f4ac9e,de_anubis,45d56a21-7fdd-4d57-97ea-3b26fe1cfa11,922e6ce2-7279-4771-93eb-d14c89041c76,monzooo,17,17,5,35,45d56a21-7fdd-4d57-97ea-3b26fe1cfa11,1
1-27b4924b-d910-4a92-ac34-d18414f4ac9e,de_anubis,45d56a21-7fdd-4d57-97ea-3b26fe1cfa11,a62e1894-7ac4-4d65-9c92-939ca4f0f200,Fakabot,25,15,9,64,45d56a21-7fdd-4d57-97ea-3b26fe1cfa11,1
1-2906b541-9b8a-481c-a954-670a26305255,de_dust2,a24967e1-bb38-4b2f-bb78-e118e613c0c7,a24967e1-bb38-4b2f-bb78-e118e613c0c7,gordotiverso,5,12,6,40,a24967e1-bb38-4b2f-bb78-e118e613c0c7,1
1-2906b541-9b8a-481c-a954-670a26305255,de_dust2,a24967e1-bb38-4b2f-bb78-e118e613c0c7,d02c4268-5e5e-426c-9125-4a81d6ad4d7d,ELGERENTE,10,10,1,20,a24967e1-bb38-4b2f-bb78-e118e613c0c7,1
1-29b1ddf3-310c-41ac-9d6e-15111472064e,de_dust2,44b5c642-29e7-4dd4-a12f-e55738067766,d2d79f95-19d1-479b-82e9-97b88223f169,agb-_-,11,17,8,64,44b5c642-29e7-4dd4-a12f-e55738067766,1
1-29b1ddf3-310c-41ac-9d6e-15111472064e,de_dust2,44b5c642-29e7-4dd4-a12f-e55738067766,3b3b0662-0a3a-418c-9734-2f2051b049fc,polski-,20,12,7,30,44b5c642-29e7-4dd4-a12f-e55738067766,1
1-2a235593-5d6a-49fd-85d7-ddace665289a,de_mirage,8c45a29c-e509-4d0d-992e-0d8aeb2c40fb,1acb8f8e-b15e-49c2-8a91-88bf299f0f99,santibest10,14,13,0,14,c541f537-7758-4059-a017-ff38ad3c8367,0
1-2a235593-5d6a-49fd-85d7-ddace665289a,de_mirage,8c45a29c-e509-4d0d-992e-0d8aeb2c40fb,a62e1894-7ac4-4d65-9c92-939ca4f0f200,Fakabot,10,15,3,80,c541f537-7758-4059-a017-ff38ad3c8367,0
1-2a235593-5d6a-49fd-85d7-ddace665289a,de_mirage,8c45a29c-e509-4d0d-992e-0d8aeb2c40fb,3b3b0662-0a3a-418c-9734-2f2051b049fc,polski-,7,15,5,43,c541f537-7758-4059-a017-ff38ad3c8367,0
1-2a235593-5d6a-49fd-85d7-ddace665289a,de_mirage,8c45a29c-e509-4d0d-992e-0d8aeb2c40fb,d2d79f95-19d1-479b-82e9-97b88223f169,agb-_-,3,14,4,67,c541f537-7758-4059-a017-ff38ad3c8367,0
1-2a235593-5d6a-49fd-85d7-ddace665289a,de_mirage,8c45a29c-e509-4d0d-992e-0d8aeb2c40fb,b10cd2ba-fdaf-46bf-aba0-7397bde298e9,flacotiverso,5,15,3,20,c541f537-7758-4059-a017-ff38ad3c8367,0
1-2accd5a9-247e-48df-8c10-79223b977b9b,de_dust2,6a913c22-3ca1-4f8e-8fa7-c4632e654176,3b3b0662-0a3a-418c-9734-2f2051b049fc,polski-,17,15,11,59,c70fee2a-6b66-4420-bf6b-f4e596f6db92,0
1-2accd5a9-247e-48df-8c10-79223b977b9b,de_dust2,6a913c22-3ca1-4f8e-8fa7-c4632e654176,bc8c9779-1f8f-4017-9646-6701423c6ff9,frantarasco,18,16,8,39,c70fee2a-6b66-4420-bf6b-f4e596f6db92,0
1-2accd5a9-247e-48df-8c10-79223b977b9b,de_dust2,6a913c22-3ca1-4f8e-8fa7-c4632e654176,1acb8f8e-b15e-49c2-8a91-88bf299f0f99,santibest10,14,18,3,36,c70fee2a-6b66-4420-bf6b-f4e596f6db92,0
1-2bbf5d77-b1d0-459b-a426-bf2c56102656,de_mirage,a9a33b8e-ae32-4bed-8f90-0a65b8bb6d1f,bc8c9779-1f8f-4017-9646-6701423c6ff9,frantarasco,14,17,6,43,a9a33b8e-ae32-4bed-8f90-0a65b8bb6d1f,1
1-2bbf5d77-b1d0-459b-a426-bf2c56102656,de_mirage,a9a33b8e-ae32-4bed-8f90-0a65b8bb6d1f,a62e1894-7ac4-4d65-9c92-939ca4f0f200,Fakabot,19,20,6,42,a9a33b8e-ae32-4bed-8f90-0a65b8bb6d1f,1
1-2bbf5d77-b1d0-459b-a426-bf2c56102656,de_mirage,a9a33b8e-ae32-4bed-8f90-0a65b8bb6d1f,b10cd2ba-fdaf-46bf-aba0-7397bde298e9,flacotiverso,12,18,10,50,a9a33b8e-ae32-4bed-8f90-0a65b8bb6d1f,1
1-2bc95098-2cd1-4c64-b112-0f7a4b75f10a,de_mirage,8c45a29c-e509-4d0d-992e-0d8aeb2c40fb,1acb8f8e-b15e-49c2-8a91-88bf299f0f99,santibest10,18,12,6,33,8c45a29c-e509-4d0d-992e-0d8aeb2c40fb,1
1-2bc95098-2cd1-4c64-b112-0f7a4b75f10a,de_mirage,8c45a29c-e509-4d0d-992e-0d8aeb2c40fb,a24967e1-bb38-4b2f-bb78-e118e613c0c7,gordotiverso,11,12,7,36,8c45a29c-e509-4d0d-992e-0d8aeb2c40fb,1
1-2bc95098-2cd1-4c64-b112-0f7a4b75f10a,de_mirage,8c45a29c-e509-4d0d-992e-0d8aeb2c40fb,3b3b0662-0a3a-418c-9734-2f2051b049fc,polski-,19,17,6,42,8c45a29c-e509-4d0d-992e-0d8aeb2c40fb,1
1-2bc95098-2cd1-4c64-b112-0f7a4b75f10a,de_mirage,8c45a29c-e509-4d0d-992e-0d8aeb2c40fb,99c560e6-662d-4b0c-a48b-b232fa52cb88,n0xinho,15,17,4,40,8c45a29c-e509-4d0d-992e-0d8aeb2c40fb,1
1-2bc95098-2cd1-4c64-b112-0f7a4b75f10a,de_mirage,8c45a29c-e509-4d0d-992e-0d8aeb2c40fb,b10cd2ba-fdaf-46bf-aba0-7397bde298e9,flacotiverso,13,19,5,54,8c45a29c-e509-4d0d-992e-0d8aeb2c40fb,1
1-2d01a6c6-1475-4092-90cd-b0fee0428332,de_mirage,e55ba82b-bf62-4ad9-8d0c-b27ed307e3a6,99c560e6-662d-4b0c-a48b-b232fa52cb88,n0xinho,19,20,4,32,4dacff5b-22cb-4303-89ed-1c9c38d73a14,0
1-2d01a6c6-1475-4092-90cd-b0fee0428332,de_mirage,e55ba82b-bf62-4ad9-8d0c-b27ed307e3a6,b10cd2ba-fdaf-46bf-aba0-7397bde298e9,flacotiverso,18,20,6,28,4dacff5b-22cb-4303-89ed-1c9c38d73a14,0
1-2df1d653-2473-4c68-94db-ef075218da5f,de_mirage,3b3b0662-0a3a-418c-9734-2f2051b049fc,3b3b0662-0a3a-418c-9734-2f2051b049fc,polski-,18,13,8,72,3b3b0662-0a3a-418c-9734-2f2051b049fc,1
1-2df1d653-2473-4c68-94db-ef075218da5f,de_mirage,3b3b0662-0a3a-418c-9734-2f2051b049fc,d2d79f95-19d1-479b-82e9-97b88223f169,agb-_-,11,16,10,45,3b3b0662-0a3a-418c-9734-2f2051b049fc,1
1-2df1d653-2473-4c68-94db-ef075218da5f,de_mirage,3b3b0662-0a3a-418c-9734-2f2051b049fc,1acb8f8e-b15e-49c2-8a91-88bf299f0f99,santibest10,13,11,3,54,3b3b0662-0a3a-418c-9734-2f2051b049fc,1
1-2e8f7101-cbfa-45ed-9e4f-7fa352d6a71c,de_inferno,82099cbc-cee1-4cc8-8ba6-f4b08166e6dc,99c560e6-662d-4b0c-a48b-b232fa52cb88,n0xinho,29,19,6,38,862d38a0-78e8-49d0-8f4c-f43fe5b7eaa9,0
1-2e8f7101-cbfa-45ed-9e4f-7fa352d6a71c,de_inferno,82099cbc-cee1-4cc8-8ba6-f4b08166e6dc,3b3b0662-0a3a-418c-9734-2f2051b049fc,polski-,28,20,9,46,862d38a0-78e8-49d0-8f4c-f43fe5b7eaa9,0
1-2e8f7101-cbfa-45ed-9e4f-7fa352d6a71c,de_inferno,82099cbc-cee1-4cc8-8ba6-f4b08166e6dc,1acb8f8e-b15e-49c2-8a91-88bf299f0f99,santibest10,14,22,7,50,862d38a0-78e8-49d0-8f4c-f43fe5b7eaa9,0
1-2e8f7101-cbfa-45ed-9e4f-7fa352d6a71c,de_inferno,82099cbc-cee1-4cc8-8ba6-f4b08166e6dc,b10cd2ba-fdaf-46bf-aba0-7397bde298e9,flacotiverso,25,22,8,52,862d38a0-78e8-49d0-8f4c-f43fe5b7eaa9,0
1-2e8f7101-cbfa-45ed-9e4f-7fa352d6a71c,de_inferno,82099cbc-cee1-4cc8-8ba6-f4b08166e6dc,49a74302-be88-4ac5-9a6c-f0c7864e6b2d,hhmero,11,24,2,45,862d38a0-78e8-49d0-8f4c-f43fe5b7eaa9,0
1-2fccf106-754a-4596-ba59-1c7270165052,de_ancient,e5d50d23-bc21-4ecc-8045-596f6d4b35b2,b10cd2ba-fdaf-46bf-aba0-7397bde298e9,flacotiverso,11,18,6,64,e5d50d23-bc21-4ecc-8045-596f6d4b35b2,1
1-2fccf106-754a-4596-ba59-1c7270165052,de_ancient,e5d50d23-bc21-4ecc-8045-596f6d4b35b2,a24967e1-bb38-4b2f-bb78-e118e613c0c7,gordotiverso,16,17,5,38,e5d50d23-bc21-4ecc-8045-596f6d4b35b2,1
1-2fccf106-754a-4596-ba59-1c7270165052,de_ancient,e5d50d23-bc21-4ecc-8045-596f6d4b35b2,bc8c9779-1f8f-4017-9646-6701423c6ff9,frantarasco,18,17,6,39,e5d50d23-bc21-4ecc-8045-596f6d4b35b2,1
1-2fccf106-754a-4596-ba59-1c7270165052,de_ancient,e5d50d23-bc21-4ecc-8045-596f6d4b35b2,d2d79f95-19d1-479b-82e9-97b88223f169,agb-_-,15,19,7,33,e5d50d23-bc21-4ecc-8045-596f6d4b35b2,1
1-2fccf106-754a-4596-ba59-1c7270165052,de_ancient,e5d50d23-bc21-4ecc-8045-596f6d4b35b2,1acb8f8e-b15e-49c2-8a91-88bf299f0f99,santibest10,20,15,5,40,e5d50d23-bc21-4ecc-8045-596f6d4b35b2,1
1-310521d7-4e76-4bb5-b9cd-6175bccd315a,de_mirage,0425184c-5590-49e8-ada2-34568b8aa5f4,d2d79f95-19d1-479b-82e9-97b88223f169,agb-_-,18,10,7,44,0425184c-5590-49e8-ada2-34568b8aa5f4,1
1-310521d7-4e76-4bb5-b9cd-6175bccd315a,de_mirage,0425184c-5590-49e8-ada2-34568b8aa5f4,bc8c9779-1f8f-4017-9646-6701423c6ff9,frantarasco,15,10,2,40,0425184c-5590-49e8-ada2-34568b8aa5f4,1
1-335609c8-3000-4db5-9c59-85f13d5cb55c,de_ancient,99c560e6-662d-4b0c-a48b-b232fa52cb88,99c560e6-662d-4b0c-a48b-b232fa52cb88,n0xinho,14,12,7,14,99c560e6-662d-4b0c-a48b-b232fa52cb88,1
1-335609c8-3000-4db5-9c59-85f13d5cb55c,de_ancient,99c560e6-662d-4b0c-a48b-b232fa52cb88,a62e1894-7ac4-4d65-9c92-939ca4f0f200,Fakabot,10,12,6,50,99c560e6-662d-4b0c-a48b-b232fa52cb88,1
1-335609c8-3000-4db5-9c59-85f13d5cb55c,de_ancient,99c560e6-662d-4b0c-a48b-b232fa52cb88,1acb8f8e-b15e-49c2-8a91-88bf299f0f99,santibest10,17,11,5,53,99c560e6-662d-4b0c-a48b-b232fa52cb88,1
1-335f7c89-c249-41aa-a578-03d73710aa89,de_cache,8f84f9e0-3527-4a07-a2be-525255fdef6e,d02c4268-5e5e-426c-9125-4a81d6ad4d7d,ELGERENTE,23,16,6,30,8f84f9e0-3527-4a07-a2be-525255fdef6e,1
1-335f7c89-c249-41aa-a578-03d73710aa89,de_cache,8f84f9e0-3527-4a07-a2be-525255fdef6e,d2d79f95-19d1-479b-82e9-97b88223f169,agb-_-,15,16,5,60,8f84f9e0-3527-4a07-a2be-525255fdef6e,1
1-35315031-4252-4d00-81e6-5f25a861b1e3,de_mirage,a24967e1-bb38-4b2f-bb78-e118e613c0c7,a24967e1-bb38-4b2f-bb78-e118e613c0c7,gordotiverso,17,11,7,29,a24967e1-bb38-4b2f-bb78-e118e613c0c7,1
1-35315031-4252-4d00-81e6-5f25a861b1e3,de_mirage,a24967e1-bb38-4b2f-bb78-e118e613c0c7,a62e1894-7ac4-4d65-9c92-939ca4f0f200,Fakabot,16,12,3,69,a24967e1-bb38-4b2f-bb78-e118e613c0c7,1
1-35315031-4252-4d00-81e6-5f25a861b1e3,de_mirage,a24967e1-bb38-4b2f-bb78-e118e613c0c7,bc8c9779-1f8f-4017-9646-6701423c6ff9,frantarasco,21,13,4,43,a24967e1-bb38-4b2f-bb78-e118e613c0c7,1
1-36edf56e-505a-4b21-af5e-882e09b31627,de_nuke,81e904a1-333a-419f-ae4f-7f0037f6cddd,99c560e6-662d-4b0c-a48b-b232fa52cb88,n0xinho,19,17,3,37,a69fc591-4b4b-48bd-b720-eca72e45f44e,0
1-36edf56e-505a-4b21-af5e-882e09b31627,de_nuke,81e904a1-333a-419f-ae4f-7f0037f6cddd,a62e1894-7ac4-4d65-9c92-939ca4f0f200,Fakabot,24,18,10,62,a69fc591-4b4b-48bd-b720-eca72e45f44e,0
1-36edf56e-505a-4b21-af5e-882e09b31627,de_nuke,81e904a1-333a-419f-ae4f-7f0037f6cddd,bc8c9779-1f8f-4017-9646-6701423c6ff9,frantarasco,19,22,10,47,a69fc591-4b4b-48bd-b720-eca72e45f44e,0
1-36edf56e-505a-4b21-af5e-882e09b31627,de_nuke,81e904a1-333a-419f-ae4f-7f0037f6cddd,d2d79f95-19d1-479b-82e9-97b88223f169,agb-_-,18,16,7,56,a69fc591-4b4b-48bd-b720-eca72e45f44e,0
1-36ee503b-6540-4a9a-9966-b975d2fb8151,de_inferno,ed617ec7-2e69-46e7-8496-233168601f8c,d02c4268-5e5e-426c-9125-4a81d6ad4d7d,ELGERENTE,17,14,10,53,ed617ec7-2e69-46e7-8496-233168601f8c,1
1-36ee503b-6540-4a9a-9966-b975d2fb8151,de_inferno,ed617ec7-2e69-46e7-8496-233168601f8c,a62e1894-7ac4-4d65-9c92-939ca4f0f200,Fakabot,18,18,7,44,ed617ec7-2e69-46e7-8496-233168601f8c,1
1-36ee503b-6540-4a9a-9966-b975d2fb8151,de_inferno,ed617ec7-2e69-46e7-8496-233168601f8c,a24967e1-bb38-4b2f-bb78-e118e613c0c7,gordotiverso,23,17,9,35,ed617ec7-2e69-46e7-8496-233168601f8c,1
1-36ee503b-6540-4a9a-9966-b975d2fb8151,de_inferno,ed617ec7-2e69-46e7-8496-233168601f8c,d2d79f95-19d1-479b-82e9-97b88223f169,agb-_-,11,18,3,18,ed617ec7-2e69-46e7-8496-233168601f8c,1
1-36ee503b-6540-4a9a-9966-b975d2fb8151,de_inferno,ed617ec7-2e69-46e7-8496-233168601f8c,b10cd2ba-fdaf-46bf-aba0-7397bde298e9,flacotiverso,13,21,4,62,ed617ec7-2e69-46e7-8496-233168601f8c,1
1-3910a1b2-d4f1-40f2-a511-bcfda065286e,de_mirage,e5d50d23-bc21-4ecc-8045-596f6d4b35b2,b10cd2ba-fdaf-46bf-aba0-7397bde298e9,flacotiverso,10,13,8,30,e5d50d23-bc21-4ecc-8045-596f6d4b35b2,1
1-3910a1b2-d4f1-40f2-a511-bcfda065286e,de_mirage,e5d50d23-bc21-4ecc-8045-596f6d4b35b2,a24967e1-bb38-4b2f-bb78-e118e613c0c7,gordotiverso,17,10,3,24,e5d50d23-bc21-4ecc-8045-596f6d4b35b2,1
1-3910a1b2-d4f1-40f2-a511-bcfda065286e,de_mirage,e5d50d23-bc21-4ecc-8045-596f6d4b35b2,bc8c9779-1f8f-4017-9646-6701423c6ff9,frantarasco,15,11,6,27,e5d50d23-bc21-4ecc-8045-596f6d4b35b2,1
1-3910a1b2-d4f1-40f2-a511-bcfda065286e,de_mirage,e5d50d23-bc21-4ecc-8045-596f6d4b35b2,d2d79f95-19d1-479b-82e9-97b88223f169,agb-_-,14,12,4,57,e5d50d23-bc21-4ecc-8045-596f6d4b35b2,1
1-3910a1b2-d4f1-40f2-a511-bcfda065286e,de_mirage,e5d50d23-bc21-4ecc-8045-596f6d4b35b2,1acb8f8e-b15e-49c2-8a91-88bf299f0f99,santibest10,27,15,7,56,e5d50d23-bc21-4ecc-8045-596f6d4b35b2,1
1-3a9525bf-3ff6-4db0-bd7b-c9ae4fb82876,de_dust2,e321278e-709c-452e-b8db-4d087d7cb879,bc8c9779-1f8f-4017-9646-6701423c6ff9,frantarasco,15,18,5,67,635b89c7-dbd6-4035-a6ab-b345b7a74694,0
1-3a9525bf-3ff6-4db0-bd7b-c9ae4fb82876,de_dust2,e321278e-709c-452e-b8db-4d087d7cb879,1acb8f8e-b15e-49c2-8a91-88bf299f0f99,santibest10,22,14,2,41,635b89c7-dbd6-4035-a6ab-b345b7a74694,0
1-3a9525bf-3ff6-4db0-bd7b-c9ae4fb82876,de_dust2,e321278e-709c-452e-b8db-4d087d7cb879,a24967e1-bb38-4b2f-bb78-e118e613c0c7,gordotiverso,7,16,4,29,635b89c7-dbd6-4035-a6ab-b345b7a74694,0
1-3acdc288-8ebf-4040-ba93-36ec7d614e85,de_inferno,30dae9f2-e4a2-44c7-8ccb-d15e08de5668,1acb8f8e-b15e-49c2-8a91-88bf299f0f99,santibest10,23,10,8,65,30dae9f2-e4a2-44c7-8ccb-d15e08de5668,1
1-3acdc288-8ebf-4040-ba93-36ec7d614e85,de_inferno,30dae9f2-e4a2-44c7-8ccb-d15e08de5668,bc8c9779-1f8f-4017-9646-6701423c6ff9,frantarasco,10,14,10,0,30dae9f2-e4a2-44c7-8ccb-d15e08de5668,1
1-3acdc288-8ebf-4040-ba93-36ec7d614e85,de_inferno,30dae9f2-e4a2-44c7-8ccb-d15e08de5668,99c560e6-662d-4b0c-a48b-b232fa52cb88,n0xinho,12,8,3,33,30dae9f2-e4a2-44c7-8ccb-d15e08de5668,1
1-3acdc288-8ebf-4040-ba93-36ec7d614e85,de_inferno,30dae9f2-e4a2-44c7-8ccb-d15e08de5668,d2d79f95-19d1-479b-82e9-97b88223f169,agb-_-,14,11,8,43,30dae9f2-e4a2-44c7-8ccb-d15e08de5668,1
1-3acdc288-8ebf-4040-ba93-36ec7d614e85,de_inferno,30dae9f2-e4a2-44c7-8ccb-d15e08de5668,b10cd2ba-fdaf-46bf-aba0-7397bde298e9,flacotiverso,15,15,6,33,30dae9f2-e4a2-44c7-8ccb-d15e08de5668,1
1-3c2d500e-7bbd-4dcf-961f-283e93bac3cc,de_cache,ded1e097-cda7-46eb-a250-4de49835185e,99c560e6-662d-4b0c-a48b-b232fa52cb88,n0xinho,9,14,4,89,711382b7-609b-40b9-b6ff-e11e5b185b6e,0
1-3c2d500e-7bbd-4dcf-961f-283e93bac3cc,de_cache,ded1e097-cda7-46eb-a250-4de49835185e,922e6ce2-7279-4771-93eb-d14c89041c76,monzooo,8,17,4,0,711382b7-609b-40b9-b6ff-e11e5b185b6e,0
1-3c2d500e-7bbd-4dcf-961f-283e93bac3cc,de_cache,ded1e097-cda7-46eb-a250-4de49835185e,3b3b0662-0a3a-418c-9734-2f2051b049fc,polski-,12,15,2,42,711382b7-609b-40b9-b6ff-e11e5b185b6e,0
1-3c2d500e-7bbd-4dcf-961f-283e93bac3cc,de_cache,ded1e097-cda7-46eb-a250-4de49835185e,bc8c9779-1f8f-4017-9646-6701423c6ff9,frantarasco,5,16,4,60,711382b7-609b-40b9-b6ff-e11e5b185b6e,0
1-3c2d500e-7bbd-4dcf-961f-283e93bac3cc,de_cache,ded1e097-cda7-46eb-a250-4de49835185e,d2d79f95-19d1-479b-82e9-97b88223f169,agb-_-,20,15,1,25,711382b7-609b-40b9-b6ff-e11e5b185b6e,0
1-3d71a01a-4ed2-4803-b083-91fa114dc3aa,de_mirage,bc8c9779-1f8f-4017-9646-6701423c6ff9,bc8c9779-1f8f-4017-9646-6701423c6ff9,frantarasco,12,19,6,42,bc8c9779-1f8f-4017-9646-6701423c6ff9,1
1-3d71a01a-4ed2-4803-b083-91fa114dc3aa,de_mirage,bc8c9779-1f8f-4017-9646-6701423c6ff9,922e6ce2-7279-4771-93eb-d14c89041c76,monzooo,30,14,3,57,bc8c9779-1f8f-4017-9646-6701423c6ff9,1
1-3d71a01a-4ed2-4803-b083-91fa114dc3aa,de_mirage,bc8c9779-1f8f-4017-9646-6701423c6ff9,b10cd2ba-fdaf-46bf-aba0-7397bde298e9,flacotiverso,14,18,8,43,bc8c9779-1f8f-4017-9646-6701423c6ff9,1
1-3d8ff317-32eb-4e50-ae34-87ea9a66eade,de_mirage,a46e1250-820c-4359-a314-2c1b9d23f8fd,d2d79f95-19d1-479b-82e9-97b88223f169,agb-_-,13,14,2,46,a46e1250-820c-4359-a314-2c1b9d23f8fd,1
1-3d8ff317-32eb-4e50-ae34-87ea9a66eade,de_mirage,a46e1250-820c-4359-a314-2c1b9d23f8fd,3b3b0662-0a3a-418c-9734-2f2051b049fc,polski-,20,12,3,35,a46e1250-820c-4359-a314-2c1b9d23f8fd,1
1-3df713f7-2bf7-4c23-8a15-c8190da811d8,de_mirage,bc8c9779-1f8f-4017-9646-6701423c6ff9,bc8c9779-1f8f-4017-9646-6701423c6ff9,frantarasco,16,17,6,50,eb486258-8f7f-45c2-b5f5-54a4c3690eec,0
1-3df713f7-2bf7-4c23-8a15-c8190da811d8,de_mirage,bc8c9779-1f8f-4017-9646-6701423c6ff9,49a74302-be88-4ac5-9a6c-f0c7864e6b2d,hhmero,17,17,2,47,eb486258-8f7f-45c2-b5f5-54a4c3690eec,0
1-3e0cb7c4-d75a-48bf-9dff-84d1a7667836,de_mirage,9c652186-6df2-4a1b-852c-2dc0219e1fd2,99c560e6-662d-4b0c-a48b-b232fa52cb88,n0xinho,13,17,3,38,0bbd9c8b-af5d-47f6-bf43-6d07f3bd1b10,0
1-3e0cb7c4-d75a-48bf-9dff-84d1a7667836,de_mirage,9c652186-6df2-4a1b-852c-2dc0219e1fd2,3b3b0662-0a3a-418c-9734-2f2051b049fc,polski-,23,17,7,39,0bbd9c8b-af5d-47f6-bf43-6d07f3bd1b10,0
1-3e0cb7c4-d75a-48bf-9dff-84d1a7667836,de_mirage,9c652186-6df2-4a1b-852c-2dc0219e1fd2,1acb8f8e-b15e-49c2-8a91-88bf299f0f99,santibest10,19,17,5,47,0bbd9c8b-af5d-47f6-bf43-6d07f3bd1b10,0
1-3e0cb7c4-d75a-48bf-9dff-84d1a7667836,de_mirage,9c652186-6df2-4a1b-852c-2dc0219e1fd2,b10cd2ba-fdaf-46bf-aba0-7397bde298e9,flacotiverso,11,18,7,45,0bbd9c8b-af5d-47f6-bf43-6d07f3bd1b10,0
1-3e0cb7c4-d75a-48bf-9dff-84d1a7667836,de_mirage,9c652186-6df2-4a1b-852c-2dc0219e1fd2,d02c4268-5e5e-426c-9125-4a81d6ad4d7d,ELGERENTE,16,17,1,69,0bbd9c8b-af5d-47f6-bf43-6d07f3bd1b10,0
1-3e899b0f-7808-4e47-be8d-ae237998c3e5,de_dust2,3ad92381-a6d0-4f1b-9bc3-09d4146f4413,a24967e1-bb38-4b2f-bb78-e118e613c0c7,gordotiverso,6,20,8,67,b7679664-269c-45c5-875e-edfd79df7615,0
1-3e899b0f-7808-4e47-be8d-ae237998c3e5,de_dust2,3ad92381-a6d0-4f1b-9bc3-09d4146f4413,b10cd2ba-fdaf-46bf-aba0-7397bde298e9,flacotiverso,3,20,3,67,b7679664-269c-45c5-875e-edfd79df7615,0
1-3f67abb1-578b-4bc8-8bea-0f1f6b494ad4,de_dust2,95c032df-440f-4075-b86d-d65549bf88c9,bc8c9779-1f8f-4017-9646-6701423c6ff9,frantarasco,10,25,8,50,b7fa4f23-23ee-4cb7-b796-4140b570c2e5,0
1-3f67abb1-578b-4bc8-8bea-0f1f6b494ad4,de_dust2,95c032df-440f-4075-b86d-d65549bf88c9,99c560e6-662d-4b0c-a48b-b232fa52cb88,n0xinho,19,21,9,58,b7fa4f23-23ee-4cb7-b796-4140b570c2e5,0
1-3f67abb1-578b-4bc8-8bea-0f1f6b494ad4,de_dust2,95c032df-440f-4075-b86d-d65549bf88c9,d2d79f95-19d1-479b-82e9-97b88223f169,agb-_-,28,20,7,64,b7fa4f23-23ee-4cb7-b796-4140b570c2e5,0
1-3f67abb1-578b-4bc8-8bea-0f1f6b494ad4,de_dust2,95c032df-440f-4075-b86d-d65549bf88c9,1acb8f8e-b15e-49c2-8a91-88bf299f0f99,santibest10,23,19,4,30,b7fa4f23-23ee-4cb7-b796-4140b570c2e5,0
1-3f67abb1-578b-4bc8-8bea-0f1f6b494ad4,de_dust2,95c032df-440f-4075-b86d-d65549bf88c9,b10cd2ba-fdaf-46bf-aba0-7397bde298e9,flacotiverso,13,22,9,46,b7fa4f23-23ee-4cb7-b796-4140b570c2e5,0
1-40f9ce03-a573-48a7-ac6e-1f71a7fa83bc,de_dust2,b58f767a-3e9f-46ed-a667-faf5105f6f1d,1acb8f8e-b15e-49c2-8a91-88bf299f0f99,santibest10,27,20,5,44,5a8fb34b-8751-487f-aba8-083c51858efb,0
1-40f9ce03-a573-48a7-ac6e-1f71a7fa83bc,de_dust2,b58f767a-3e9f-46ed-a667-faf5105f6f1d,bc8c9779-1f8f-4017-9646-6701423c6ff9,frantarasco,14,24,7,50,5a8fb34b-8751-487f-aba8-083c51858efb,0
1-40f9ce03-a573-48a7-ac6e-1f71a7fa83bc,de_dust2,b58f767a-3e9f-46ed-a667-faf5105f6f1d,99c560e6-662d-4b0c-a48b-b232fa52cb88,n0xinho,25,20,9,48,5a8fb34b-8751-487f-aba8-083c51858efb,0
1-40f9ce03-a573-48a7-ac6e-1f71a7fa83bc,de_dust2,b58f767a-3e9f-46ed-a667-faf5105f6f1d,d2d79f95-19d1-479b-82e9-97b88223f169,agb-_-,13,22,14,31,5a8fb34b-8751-487f-aba8-083c51858efb,0
1-40f9ce03-a573-48a7-ac6e-1f71a7fa83bc,de_dust2,b58f767a-3e9f-46ed-a667-faf5105f6f1d,b10cd2ba-fdaf-46bf-aba0-7397bde298e9,flacotiverso,17,17,3,53,5a8fb34b-8751-487f-aba8-083c51858efb,0
1-415aa74d-3c51-4b0c-9a10-8c928f78604f,de_nuke,b20b3588-a24d-4cc4-930e-0512c6f2d6a0,bc8c9779-1f8f-4017-9646-6701423c6ff9,frantarasco,22,17,7,55,4337d442-5e99-42a0-b6fb-6244e1318751,0
1-415aa74d-3c51-4b0c-9a10-8c928f78604f,de_nuke,b20b3588-a24d-4cc4-930e-0512c6f2d6a0,d2d79f95-19d1-479b-82e9-97b88223f169,agb-_-,18,19,2,39,4337d442-5e99-42a0-b6fb-6244e1318751,0
1-415aa74d-3c51-4b0c-9a10-8c928f78604f,de_nuke,b20b3588-a24d-4cc4-930e-0512c6f2d6a0,1acb8f8e-b15e-49c2-8a91-88bf299f0f99,santibest10,19,16,3,58,4337d442-5e99-42a0-b6fb-6244e1318751,0
1-415f9250-bbe4-4497-98c2-03bcaa9525f9,de_mirage,f4f4de5d-7b4e-4693-8f0b-93c722ca780c,a24967e1-bb38-4b2f-bb78-e118e613c0c7,gordotiverso,12,17,5,83,f4f4de5d-7b4e-4693-8f0b-93c722ca780c,1
1-415f9250-bbe4-4497-98c2-03bcaa9525f9,de_mirage,f4f4de5d-7b4e-4693-8f0b-93c722ca780c,99c560e6-662d-4b0c-a48b-b232fa52cb88,n0xinho,16,16,7,56,f4f4de5d-7b4e-4693-8f0b-93c722ca780c,1
1-415f9250-bbe4-4497-98c2-03bcaa9525f9,de_mirage,f4f4de5d-7b4e-4693-8f0b-93c722ca780c,1acb8f8e-b15e-49c2-8a91-88bf299f0f99,santibest10,28,9,4,39,f4f4de5d-7b4e-4693-8f0b-93c722ca780c,1
1-415f9250-bbe4-4497-98c2-03bcaa9525f9,de_mirage,f4f4de5d-7b4e-4693-8f0b-93c722ca780c,b10cd2ba-fdaf-46bf-aba0-7397bde298e9,flacotiverso,11,14,3,55,f4f4de5d-7b4e-4693-8f0b-93c722ca780c,1
1-42060785-e7b9-4bb6-aad9-7ff8756e1bc2,de_nuke,49a74302-be88-4ac5-9a6c-f0c7864e6b2d,49a74302-be88-4ac5-9a6c-f0c7864e6b2d,hhmero,21,13,3,29,49a74302-be88-4ac5-9a6c-f0c7864e6b2d,1
1-42060785-e7b9-4bb6-aad9-7ff8756e1bc2,de_nuke,49a74302-be88-4ac5-9a6c-f0c7864e6b2d,a24967e1-bb38-4b2f-bb78-e118e613c0c7,gordotiverso,18,20,6,33,49a74302-be88-4ac5-9a6c-f0c7864e6b2d,1
1-42060785-e7b9-4bb6-aad9-7ff8756e1bc2,de_nuke,49a74302-be88-4ac5-9a6c-f0c7864e6b2d,99c560e6-662d-4b0c-a48b-b232fa52cb88,n0xinho,24,16,5,50,49a74302-be88-4ac5-9a6c-f0c7864e6b2d,1
1-42060785-e7b9-4bb6-aad9-7ff8756e1bc2,de_nuke,49a74302-be88-4ac5-9a6c-f0c7864e6b2d,b10cd2ba-fdaf-46bf-aba0-7397bde298e9,flacotiverso,16,18,10,56,49a74302-be88-4ac5-9a6c-f0c7864e6b2d,1
1-42820726-2dec-4631-8968-e025c3746acf,de_mirage,bff5047d-98bd-4fe1-ad28-04b5995cea3b,bc8c9779-1f8f-4017-9646-6701423c6ff9,frantarasco,18,21,8,72,bff5047d-98bd-4fe1-ad28-04b5995cea3b,1
1-42820726-2dec-4631-8968-e025c3746acf,de_mirage,bff5047d-98bd-4fe1-ad28-04b5995cea3b,a24967e1-bb38-4b2f-bb78-e118e613c0c7,gordotiverso,12,15,3,33,bff5047d-98bd-4fe1-ad28-04b5995cea3b,1
1-42820726-2dec-4631-8968-e025c3746acf,de_mirage,bff5047d-98bd-4fe1-ad28-04b5995cea3b,1acb8f8e-b15e-49c2-8a91-88bf299f0f99,santibest10,24,14,5,21,bff5047d-98bd-4fe1-ad28-04b5995cea3b,1
1-42b8dbaa-01f6-4f4d-800c-9e42981e04ef,de_dust2,b10cd2ba-fdaf-46bf-aba0-7397bde298e9,b10cd2ba-fdaf-46bf-aba0-7397bde298e9,flacotiverso,21,14,6,48,b10cd2ba-fdaf-46bf-aba0-7397bde298e9,1
1-42b8dbaa-01f6-4f4d-800c-9e42981e04ef,de_dust2,b10cd2ba-fdaf-46bf-aba0-7397bde298e9,49a74302-be88-4ac5-9a6c-f0c7864e6b2d,hhmero,13,12,6,38,b10cd2ba-fdaf-46bf-aba0-7397bde298e9,1
1-432e191e-e4c4-4066-9f3a-cff5a4594faf,de_inferno,88060fff-1930-403e-9702-5d0acf6258a9,1acb8f8e-b15e-49c2-8a91-88bf299f0f99,santibest10,24,14,5,42,bab9608e-b05c-4df5-bced-a1a59d44865d,0
1-432e191e-e4c4-4066-9f3a-cff5a4594faf,de_inferno,88060fff-1930-403e-9702-5d0acf6258a9,a24967e1-bb38-4b2f-bb78-e118e613c0c7,gordotiverso,8,17,9,50,bab9608e-b05c-4df5-bced-a1a59d44865d,0
1-432e191e-e4c4-4066-9f3a-cff5a4594faf,de_inferno,88060fff-1930-403e-9702-5d0acf6258a9,bc8c9779-1f8f-4017-9646-6701423c6ff9,frantarasco,20,16,6,45,bab9608e-b05c-4df5-bced-a1a59d44865d,0
1-432e191e-e4c4-4066-9f3a-cff5a4594faf,de_inferno,88060fff-1930-403e-9702-5d0acf6258a9,99c560e6-662d-4b0c-a48b-b232fa52cb88,n0xinho,20,15,5,75,bab9608e-b05c-4df5-bced-a1a59d44865d,0
1-432e191e-e4c4-4066-9f3a-cff5a4594faf,de_inferno,88060fff-1930-403e-9702-5d0acf6258a9,b10cd2ba-fdaf-46bf-aba0-7397bde298e9,flacotiverso,16,18,5,44,bab9608e-b05c-4df5-bced-a1a59d44865d,0
1-445079d3-2c6c-43a8-a178-e9c97935cda6,de_dust2,3978e5c4-9b13-4113-8bb4-f96ebebc7ab0,b10cd2ba-fdaf-46bf-aba0-7397bde298e9,flacotiverso,9,10,5,22,3978e5c4-9b13-4113-8bb4-f96ebebc7ab0,1
1-445079d3-2c6c-43a8-a178-e9c97935cda6,de_dust2,3978e5c4-9b13-4113-8bb4-f96ebebc7ab0,a24967e1-bb38-4b2f-bb78-e118e613c0c7,gordotiverso,18,6,10,50,3978e5c4-9b13-4113-8bb4-f96ebebc7ab0,1
1-449bf88b-04e7-4776-ac9e-34c494fd0ae4,de_mirage,3b7432cc-9267-4d22-8fb2-35a7aeb3dcfe,99c560e6-662d-4b0c-a48b-b232fa52cb88,n0xinho,17,15,6,18,3b7432cc-9267-4d22-8fb2-35a7aeb3dcfe,1
1-449bf88b-04e7-4776-ac9e-34c494fd0ae4,de_mirage,3b7432cc-9267-4d22-8fb2-35a7aeb3dcfe,a62e1894-7ac4-4d65-9c92-939ca4f0f200,Fakabot,12,15,3,17,3b7432cc-9267-4d22-8fb2-35a7aeb3dcfe,1
1-449bf88b-04e7-4776-ac9e-34c494fd0ae4,de_mirage,3b7432cc-9267-4d22-8fb2-35a7aeb3dcfe,d2d79f95-19d1-479b-82e9-97b88223f169,agb-_-,22,14,8,55,3b7432cc-9267-4d22-8fb2-35a7aeb3dcfe,1
1-449bf88b-04e7-4776-ac9e-34c494fd0ae4,de_mirage,3b7432cc-9267-4d22-8fb2-35a7aeb3dcfe,1acb8f8e-b15e-49c2-8a91-88bf299f0f99,santibest10,20,11,8,55,3b7432cc-9267-4d22-8fb2-35a7aeb3dcfe,1
1-449bf88b-04e7-4776-ac9e-34c494fd0ae4,de_mirage,3b7432cc-9267-4d22-8fb2-35a7aeb3dcfe,49a74302-be88-4ac5-9a6c-f0c7864e6b2d,hhmero,17,13,6,47,3b7432cc-9267-4d22-8fb2-35a7aeb3dcfe,1
1-45830e6f-da2f-4f19-ad9c-cde198b6e603,de_inferno,48f76b55-4568-452d-bffa-c7074d4c0fcf,99c560e6-662d-4b0c-a48b-b232fa52cb88,n0xinho,13,16,5,31,48f76b55-4568-452d-bffa-c7074d4c0fcf,1
1-45830e6f-da2f-4f19-ad9c-cde198b6e603,de_inferno,48f76b55-4568-452d-bffa-c7074d4c0fcf,a24967e1-bb38-4b2f-bb78-e118e613c0c7,gordotiverso,16,15,3,44,48f76b55-4568-452d-bffa-c7074d4c0fcf,1
1-45830e6f-da2f-4f19-ad9c-cde198b6e603,de_inferno,48f76b55-4568-452d-bffa-c7074d4c0fcf,d2d79f95-19d1-479b-82e9-97b88223f169,agb-_-,17,19,4,53,48f76b55-4568-452d-bffa-c7074d4c0fcf,1
1-45830e6f-da2f-4f19-ad9c-cde198b6e603,de_inferno,48f76b55-4568-452d-bffa-c7074d4c0fcf,1acb8f8e-b15e-49c2-8a91-88bf299f0f99,santibest10,18,17,8,56,48f76b55-4568-452d-bffa-c7074d4c0fcf,1
1-45830e6f-da2f-4f19-ad9c-cde198b6e603,de_inferno,48f76b55-4568-452d-bffa-c7074d4c0fcf,b10cd2ba-fdaf-46bf-aba0-7397bde298e9,flacotiverso,17,17,6,53,48f76b55-4568-452d-bffa-c7074d4c0fcf,1
1-464b4dde-4485-431f-af37-8e314c73eb37,de_mirage,861c3f0b-cef3-4c6c-a3c8-0fdbc6cb6323,a62e1894-7ac4-4d65-9c92-939ca4f0f200,Fakabot,13,18,4,77,1a2cd7f7-d408-46c5-b703-3d38931fb592,0
1-464b4dde-4485-431f-af37-8e314c73eb37,de_mirage,861c3f0b-cef3-4c6c-a3c8-0fdbc6cb6323,922e6ce2-7279-4771-93eb-d14c89041c76,monzooo,3,18,5,67,1a2cd7f7-d408-46c5-b703-3d38931fb592,0
1-47bc5210-1c37-4153-821f-ebf9b506bf63,de_dust2,a24967e1-bb38-4b2f-bb78-e118e613c0c7,a24967e1-bb38-4b2f-bb78-e118e613c0c7,gordotiverso,22,23,11,36,8d89fdb2-f5b5-4f1f-9ae1-ee5c62213805,0
1-47bc5210-1c37-4153-821f-ebf9b506bf63,de_dust2,a24967e1-bb38-4b2f-bb78-e118e613c0c7,a62e1894-7ac4-4d65-9c92-939ca4f0f200,Fakabot,20,25,10,50,8d89fdb2-f5b5-4f1f-9ae1-ee5c62213805,0
1-47bc5210-1c37-4153-821f-ebf9b506bf63,de_dust2,a24967e1-bb38-4b2f-bb78-e118e613c0c7,4482a031-efdb-4c3a-899f-6e5c22310547,santutu_,13,25,3,54,8d89fdb2-f5b5-4f1f-9ae1-ee5c62213805,0
1-47bc5210-1c37-4153-821f-ebf9b506bf63,de_dust2,a24967e1-bb38-4b2f-bb78-e118e613c0c7,bc8c9779-1f8f-4017-9646-6701423c6ff9,frantarasco,27,24,10,44,8d89fdb2-f5b5-4f1f-9ae1-ee5c62213805,0
1-48b0d32c-207a-40ee-ab0f-144928aa1500,de_ancient,ad3d1390-9edf-4170-9f42-e39e4ac2e217,b10cd2ba-fdaf-46bf-aba0-7397bde298e9,flacotiverso,13,17,6,77,ad3d1390-9edf-4170-9f42-e39e4ac2e217,1
1-48b0d32c-207a-40ee-ab0f-144928aa1500,de_ancient,ad3d1390-9edf-4170-9f42-e39e4ac2e217,a24967e1-bb38-4b2f-bb78-e118e613c0c7,gordotiverso,17,15,7,59,ad3d1390-9edf-4170-9f42-e39e4ac2e217,1
1-48b0d32c-207a-40ee-ab0f-144928aa1500,de_ancient,ad3d1390-9edf-4170-9f42-e39e4ac2e217,3b3b0662-0a3a-418c-9734-2f2051b049fc,polski-,22,13,6,50,ad3d1390-9edf-4170-9f42-e39e4ac2e217,1
1-48b0d32c-207a-40ee-ab0f-144928aa1500,de_ancient,ad3d1390-9edf-4170-9f42-e39e4ac2e217,d2d79f95-19d1-479b-82e9-97b88223f169,agb-_-,15,20,9,47,ad3d1390-9edf-4170-9f42-e39e4ac2e217,1
1-48b0d32c-207a-40ee-ab0f-144928aa1500,de_ancient,ad3d1390-9edf-4170-9f42-e39e4ac2e217,d02c4268-5e5e-426c-9125-4a81d6ad4d7d,ELGERENTE,21,15,4,43,ad3d1390-9edf-4170-9f42-e39e4ac2e217,1
1-49403ed2-4873-44ec-bdae-56b9930f9d2c,de_mirage,f7c7f90c-9909-4299-8f41-1659e701b209,bc8c9779-1f8f-4017-9646-6701423c6ff9,frantarasco,11,7,6,45,f7c7f90c-9909-4299-8f41-1659e701b209,1
1-49403ed2-4873-44ec-bdae-56b9930f9d2c,de_mirage,f7c7f90c-9909-4299-8f41-1659e701b209,a62e1894-7ac4-4d65-9c92-939ca4f0f200,Fakabot,14,1,1,43,f7c7f90c-9909-4299-8f41-1659e701b209,1
1-49403ed2-4873-44ec-bdae-56b9930f9d2c,de_mirage,f7c7f90c-9909-4299-8f41-1659e701b209,a24967e1-bb38-4b2f-bb78-e118e613c0c7,gordotiverso,16,5,4,12,f7c7f90c-9909-4299-8f41-1659e701b209,1
1-49403ed2-4873-44ec-bdae-56b9930f9d2c,de_mirage,f7c7f90c-9909-4299-8f41-1659e701b209,922e6ce2-7279-4771-93eb-d14c89041c76,monzooo,15,7,3,20,f7c7f90c-9909-4299-8f41-1659e701b209,1
1-49403ed2-4873-44ec-bdae-56b9930f9d2c,de_mirage,f7c7f90c-9909-4299-8f41-1659e701b209,b10cd2ba-fdaf-46bf-aba0-7397bde298e9,flacotiverso,7,4,1,29,f7c7f90c-9909-4299-8f41-1659e701b209,1
1-4941d6d5-2003-49c4-8572-5cd6c7186fb9,de_dust2,bc8c9779-1f8f-4017-9646-6701423c6ff9,bc8c9779-1f8f-4017-9646-6701423c6ff9,frantarasco,25,15,3,44,bc8c9779-1f8f-4017-9646-6701423c6ff9,1
1-4941d6d5-2003-49c4-8572-5cd6c7186fb9,de_dust2,bc8c9779-1f8f-4017-9646-6701423c6ff9,a62e1894-7ac4-4d65-9c92-939ca4f0f200,Fakabot,16,15,14,69,bc8c9779-1f8f-4017-9646-6701423c6ff9,1
1-4941d6d5-2003-49c4-8572-5cd6c7186fb9,de_dust2,bc8c9779-1f8f-4017-9646-6701423c6ff9,d2d79f95-19d1-479b-82e9-97b88223f169,agb-_-,14,13,9,50,bc8c9779-1f8f-4017-9646-6701423c6ff9,1
1-4941d6d5-2003-49c4-8572-5cd6c7186fb9,de_dust2,bc8c9779-1f8f-4017-9646-6701423c6ff9,d02c4268-5e5e-426c-9125-4a81d6ad4d7d,ELGERENTE,18,14,6,50,bc8c9779-1f8f-4017-9646-6701423c6ff9,1
1-49c3c7b6-b427-4d64-9913-9ecfc12259bd,de_nuke,99c560e6-662d-4b0c-a48b-b232fa52cb88,99c560e6-662d-4b0c-a48b-b232fa52cb88,n0xinho,21,20,9,52,99c560e6-662d-4b0c-a48b-b232fa52cb88,1
1-49c3c7b6-b427-4d64-9913-9ecfc12259bd,de_nuke,99c560e6-662d-4b0c-a48b-b232fa52cb88,a24967e1-bb38-4b2f-bb78-e118e613c0c7,gordotiverso,14,23,10,29,99c560e6-662d-4b0c-a48b-b232fa52cb88,1
1-49c3c7b6-b427-4d64-9913-9ecfc12259bd,de_nuke,99c560e6-662d-4b0c-a48b-b232fa52cb88,1acb8f8e-b15e-49c2-8a91-88bf299f0f99,santibest10,31,18,5,39,99c560e6-662d-4b0c-a48b-b232fa52cb88,1
1-49c3c7b6-b427-4d64-9913-9ecfc12259bd,de_nuke,99c560e6-662d-4b0c-a48b-b232fa52cb88,b10cd2ba-fdaf-46bf-aba0-7397bde298e9,flacotiverso,16,24,13,38,99c560e6-662d-4b0c-a48b-b232fa52cb88,1
1-4aa96cb1-fbda-4bf0-827b-e1a25cd9a319,de_mirage,0d685239-9151-4cc1-8bd8-e644573d1310,99c560e6-662d-4b0c-a48b-b232fa52cb88,n0xinho,29,21,8,48,0d685239-9151-4cc1-8bd8-e644573d1310,1
1-4aa96cb1-fbda-4bf0-827b-e1a25cd9a319,de_mirage,0d685239-9151-4cc1-8bd8-e644573d1310,a62e1894-7ac4-4d65-9c92-939ca4f0f200,Fakabot,15,24,5,60,0d685239-9151-4cc1-8bd8-e644573d1310,1
1-4aa96cb1-fbda-4bf0-827b-e1a25cd9a319,de_mirage,0d685239-9151-4cc1-8bd8-e644573d1310,a24967e1-bb38-4b2f-bb78-e118e613c0c7,gordotiverso,21,25,4,43,0d685239-9151-4cc1-8bd8-e644573d1310,1
1-4aa96cb1-fbda-4bf0-827b-e1a25cd9a319,de_mirage,0d685239-9151-4cc1-8bd8-e644573d1310,4482a031-efdb-4c3a-899f-6e5c22310547,santutu_,18,22,7,44,0d685239-9151-4cc1-8bd8-e644573d1310,1
1-4aa96cb1-fbda-4bf0-827b-e1a25cd9a319,de_mirage,0d685239-9151-4cc1-8bd8-e644573d1310,bc8c9779-1f8f-4017-9646-6701423c6ff9,frantarasco,30,19,10,53,0d685239-9151-4cc1-8bd8-e644573d1310,1
1-4ad7bd66-b608-4f4d-b3bf-1c8c567dafff,de_anubis,ad3d1390-9edf-4170-9f42-e39e4ac2e217,b10cd2ba-fdaf-46bf-aba0-7397bde298e9,flacotiverso,14,19,5,50,c4da737c-7a44-4a8d-a010-32c4acb3d79b,0
1-4ad7bd66-b608-4f4d-b3bf-1c8c567dafff,de_anubis,ad3d1390-9edf-4170-9f42-e39e4ac2e217,a24967e1-bb38-4b2f-bb78-e118e613c0c7,gordotiverso,8,17,2,50,c4da737c-7a44-4a8d-a010-32c4acb3d79b,0
1-4ad7bd66-b608-4f4d-b3bf-1c8c567dafff,de_anubis,ad3d1390-9edf-4170-9f42-e39e4ac2e217,3b3b0662-0a3a-418c-9734-2f2051b049fc,polski-,26,14,2,42,c4da737c-7a44-4a8d-a010-32c4acb3d79b,0
1-4ad7bd66-b608-4f4d-b3bf-1c8c567dafff,de_anubis,ad3d1390-9edf-4170-9f42-e39e4ac2e217,d2d79f95-19d1-479b-82e9-97b88223f169,agb-_-,11,16,4,45,c4da737c-7a44-4a8d-a010-32c4acb3d79b,0
1-4ad7bd66-b608-4f4d-b3bf-1c8c567dafff,de_anubis,ad3d1390-9edf-4170-9f42-e39e4ac2e217,d02c4268-5e5e-426c-9125-4a81d6ad4d7d,ELGERENTE,15,18,5,53,c4da737c-7a44-4a8d-a010-32c4acb3d79b,0
1-4cda300b-48c1-4293-a6fc-2df7fcfee79b,de_ancient,1acb8f8e-b15e-49c2-8a91-88bf299f0f99,1acb8f8e-b15e-49c2-8a91-88bf299f0f99,santibest10,12,12,4,58,1acb8f8e-b15e-49c2-8a91-88bf299f0f99,1
1-4cda300b-48c1-4293-a6fc-2df7fcfee79b,de_ancient,1acb8f8e-b15e-49c2-8a91-88bf299f0f99,99c560e6-662d-4b0c-a48b-b232fa52cb88,n0xinho,15,14,6,40,1acb8f8e-b15e-49c2-8a91-88bf299f0f99,1
1-4daeafd0-4b13-45b6-8561-8db210a7f819,de_mirage,5d776e72-d1ce-4234-b1fa-8a811d1e60bf,49a74302-be88-4ac5-9a6c-f0c7864e6b2d,hhmero,21,17,5,71,5d776e72-d1ce-4234-b1fa-8a811d1e60bf,1
1-4daeafd0-4b13-45b6-8561-8db210a7f819,de_mirage,5d776e72-d1ce-4234-b1fa-8a811d1e60bf,b10cd2ba-fdaf-46bf-aba0-7397bde298e9,flacotiverso,22,16,4,55,5d776e72-d1ce-4234-b1fa-8a811d1e60bf,1
1-4db63970-e28d-4087-bb63-b338421ad3e3,de_anubis,0ca64c96-306c-4107-97d0-be0aaccdd964,a62e1894-7ac4-4d65-9c92-939ca4f0f200,Fakabot,19,14,4,37,0ca64c96-306c-4107-97d0-be0aaccdd964,1
1-4db63970-e28d-4087-bb63-b338421ad3e3,de_anubis,0ca64c96-306c-4107-97d0-be0aaccdd964,bc8c9779-1f8f-4017-9646-6701423c6ff9,frantarasco,12,14,4,58,0ca64c96-306c-4107-97d0-be0aaccdd964,1
1-4dd3fdfd-9566-4973-b9f8-3f9a402f4ab6,de_ancient,bff5047d-98bd-4fe1-ad28-04b5995cea3b,a24967e1-bb38-4b2f-bb78-e118e613c0c7,gordotiverso,19,10,10,21,bff5047d-98bd-4fe1-ad28-04b5995cea3b,1
1-4dd3fdfd-9566-4973-b9f8-3f9a402f4ab6,de_ancient,bff5047d-98bd-4fe1-ad28-04b5995cea3b,1acb8f8e-b15e-49c2-8a91-88bf299f0f99,santibest10,23,10,6,61,bff5047d-98bd-4fe1-ad28-04b5995cea3b,1
1-4dd3fdfd-9566-4973-b9f8-3f9a402f4ab6,de_ancient,bff5047d-98bd-4fe1-ad28-04b5995cea3b,bc8c9779-1f8f-4017-9646-6701423c6ff9,frantarasco,15,11,6,27,bff5047d-98bd-4fe1-ad28-04b5995cea3b,1
1-4e438dc6-e5d3-4f62-9547-26680450592d,de_mirage,c2fbf840-ed25-4e29-ac0c-86f1f67f54c1,d2d79f95-19d1-479b-82e9-97b88223f169,agb-_-,24,17,2,58,696d0424-b6c0-4ff7-ad9c-63ced0fbbcc9,0
1-4e438dc6-e5d3-4f62-9547-26680450592d,de_mirage,c2fbf840-ed25-4e29-ac0c-86f1f67f54c1,a62e1894-7ac4-4d65-9c92-939ca4f0f200,Fakabot,15,15,6,53,696d0424-b6c0-4ff7-ad9c-63ced0fbbcc9,0
1-4e438dc6-e5d3-4f62-9547-26680450592d,de_mirage,c2fbf840-ed25-4e29-ac0c-86f1f67f54c1,a24967e1-bb38-4b2f-bb78-e118e613c0c7,gordotiverso,11,15,3,64,696d0424-b6c0-4ff7-ad9c-63ced0fbbcc9,0
1-4e438dc6-e5d3-4f62-9547-26680450592d,de_mirage,c2fbf840-ed25-4e29-ac0c-86f1f67f54c1,b10cd2ba-fdaf-46bf-aba0-7397bde298e9,flacotiverso,8,17,7,50,696d0424-b6c0-4ff7-ad9c-63ced0fbbcc9,0
1-4e438dc6-e5d3-4f62-9547-26680450592d,de_mirage,c2fbf840-ed25-4e29-ac0c-86f1f67f54c1,d02c4268-5e5e-426c-9125-4a81d6ad4d7d,ELGERENTE,15,17,2,47,696d0424-b6c0-4ff7-ad9c-63ced0fbbcc9,0
1-4ed6dc89-b5e2-4afd-bae2-82f62e9a2ae6,de_nuke,b9105459-b5ef-46c5-b721-5a51cf1d273b,1acb8f8e-b15e-49c2-8a91-88bf299f0f99,santibest10,20,6,1,65,b9105459-b5ef-46c5-b721-5a51cf1d273b,1
1-4ed6dc89-b5e2-4afd-bae2-82f62e9a2ae6,de_nuke,b9105459-b5ef-46c5-b721-5a51cf1d273b,a24967e1-bb38-4b2f-bb78-e118e613c0c7,gordotiverso,7,10,3,71,b9105459-b5ef-46c5-b721-5a51cf1d273b,1
1-4ed6dc89-b5e2-4afd-bae2-82f62e9a2ae6,de_nuke,b9105459-b5ef-46c5-b721-5a51cf1d273b,d2d79f95-19d1-479b-82e9-97b88223f169,agb-_-,11,7,4,64,b9105459-b5ef-46c5-b721-5a51cf1d273b,1
1-50ef15f6-7dd0-4700-9ac8-19127a76b19a,de_dust2,afd285dd-242a-47bb-9a54-e7587d3f062a,99c560e6-662d-4b0c-a48b-b232fa52cb88,n0xinho,14,9,7,36,afd285dd-242a-47bb-9a54-e7587d3f062a,1
1-50ef15f6-7dd0-4700-9ac8-19127a76b19a,de_dust2,afd285dd-242a-47bb-9a54-e7587d3f062a,3b3b0662-0a3a-418c-9734-2f2051b049fc,polski-,15,11,7,40,afd285dd-242a-47bb-9a54-e7587d3f062a,1
1-5124e6b9-941f-4464-a743-70976e01423c,de_dust2,e4ff793f-1aed-4c77-aa57-da0b35bafb65,1acb8f8e-b15e-49c2-8a91-88bf299f0f99,santibest10,26,17,10,42,e4ff793f-1aed-4c77-aa57-da0b35bafb65,1
1-5124e6b9-941f-4464-a743-70976e01423c,de_dust2,e4ff793f-1aed-4c77-aa57-da0b35bafb65,a24967e1-bb38-4b2f-bb78-e118e613c0c7,gordotiverso,20,13,3,30,e4ff793f-1aed-4c77-aa57-da0b35bafb65,1
1-5124e6b9-941f-4464-a743-70976e01423c,de_dust2,e4ff793f-1aed-4c77-aa57-da0b35bafb65,99c560e6-662d-4b0c-a48b-b232fa52cb88,n0xinho,20,14,3,65,e4ff793f-1aed-4c77-aa57-da0b35bafb65,1
1-5124e6b9-941f-4464-a743-70976e01423c,de_dust2,e4ff793f-1aed-4c77-aa57-da0b35bafb65,d2d79f95-19d1-479b-82e9-97b88223f169,agb-_-,17,18,4,47,e4ff793f-1aed-4c77-aa57-da0b35bafb65,1
1-51e9955b-5fe7-422b-88bd-32e4ccb0b21f,de_nuke,70c19fb6-21a4-4254-abd3-077fa1eec03c,1acb8f8e-b15e-49c2-8a91-88bf299f0f99,santibest10,16,19,3,50,70c19fb6-21a4-4254-abd3-077fa1eec03c,1
1-51e9955b-5fe7-422b-88bd-32e4ccb0b21f,de_nuke,70c19fb6-21a4-4254-abd3-077fa1eec03c,3b3b0662-0a3a-418c-9734-2f2051b049fc,polski-,23,21,4,70,70c19fb6-21a4-4254-abd3-077fa1eec03c,1
1-51ed2a9b-5503-4e21-a9e1-cee359fe9c37,de_mirage,f56bacbb-0b77-4d72-a793-5d6c6ef21315,d02c4268-5e5e-426c-9125-4a81d6ad4d7d,ELGERENTE,22,8,3,64,f56bacbb-0b77-4d72-a793-5d6c6ef21315,1
1-51ed2a9b-5503-4e21-a9e1-cee359fe9c37,de_mirage,f56bacbb-0b77-4d72-a793-5d6c6ef21315,49a74302-be88-4ac5-9a6c-f0c7864e6b2d,hhmero,12,10,1,33,f56bacbb-0b77-4d72-a793-5d6c6ef21315,1
1-51fcf27d-7754-4290-9a53-89b8c1c8f2b4,de_inferno,30dae9f2-e4a2-44c7-8ccb-d15e08de5668,1acb8f8e-b15e-49c2-8a91-88bf299f0f99,santibest10,14,17,9,36,30dae9f2-e4a2-44c7-8ccb-d15e08de5668,1
1-51fcf27d-7754-4290-9a53-89b8c1c8f2b4,de_inferno,30dae9f2-e4a2-44c7-8ccb-d15e08de5668,3b3b0662-0a3a-418c-9734-2f2051b049fc,polski-,24,15,8,67,30dae9f2-e4a2-44c7-8ccb-d15e08de5668,1
1-51fcf27d-7754-4290-9a53-89b8c1c8f2b4,de_inferno,30dae9f2-e4a2-44c7-8ccb-d15e08de5668,99c560e6-662d-4b0c-a48b-b232fa52cb88,n0xinho,16,16,10,31,30dae9f2-e4a2-44c7-8ccb-d15e08de5668,1
1-51fcf27d-7754-4290-9a53-89b8c1c8f2b4,de_inferno,30dae9f2-e4a2-44c7-8ccb-d15e08de5668,d2d79f95-19d1-479b-82e9-97b88223f169,agb-_-,12,15,2,33,30dae9f2-e4a2-44c7-8ccb-d15e08de5668,1
1-51fcf27d-7754-4290-9a53-89b8c1c8f2b4,de_inferno,30dae9f2-e4a2-44c7-8ccb-d15e08de5668,b10cd2ba-fdaf-46bf-aba0-7397bde298e9,flacotiverso,17,15,4,47,30dae9f2-e4a2-44c7-8ccb-d15e08de5668,1
1-530034d1-fbdc-415a-8ac1-31682aa55884,de_mirage,65434156-87b8-4a91-92c3-347612f6124e,b10cd2ba-fdaf-46bf-aba0-7397bde298e9,flacotiverso,10,15,4,40,4f653c5a-decf-4f6b-abe3-1c6f904e2b66,0
1-530034d1-fbdc-415a-8ac1-31682aa55884,de_mirage,65434156-87b8-4a91-92c3-347612f6124e,922e6ce2-7279-4771-93eb-d14c89041c76,monzooo,13,16,7,46,4f653c5a-decf-4f6b-abe3-1c6f904e2b66,0
1-5422da4d-109d-4b57-bd34-bee28f0397f3,de_dust2,56c807d5-eb96-41bd-b532-aab25fd3d0b3,49a74302-be88-4ac5-9a6c-f0c7864e6b2d,hhmero,12,15,7,92,ce30b629-e398-4930-bb0b-0611a2e642e7,0
1-5422da4d-109d-4b57-bd34-bee28f0397f3,de_dust2,56c807d5-eb96-41bd-b532-aab25fd3d0b3,b10cd2ba-fdaf-46bf-aba0-7397bde298e9,flacotiverso,9,17,2,44,ce30b629-e398-4930-bb0b-0611a2e642e7,0
1-543268a8-e991-40ef-a0df-9f831c76953b,de_dust2,9f747cd3-9012-4889-9b74-85db2446c8b3,bc8c9779-1f8f-4017-9646-6701423c6ff9,frantarasco,15,16,5,33,9f747cd3-9012-4889-9b74-85db2446c8b3,1
1-543268a8-e991-40ef-a0df-9f831c76953b,de_dust2,9f747cd3-9012-4889-9b74-85db2446c8b3,d2d79f95-19d1-479b-82e9-97b88223f169,agb-_-,19,19,6,58,9f747cd3-9012-4889-9b74-85db2446c8b3,1
1-543268a8-e991-40ef-a0df-9f831c76953b,de_dust2,9f747cd3-9012-4889-9b74-85db2446c8b3,b10cd2ba-fdaf-46bf-aba0-7397bde298e9,flacotiverso,10,19,8,60,9f747cd3-9012-4889-9b74-85db2446c8b3,1
1-543268a8-e991-40ef-a0df-9f831c76953b,de_dust2,9f747cd3-9012-4889-9b74-85db2446c8b3,d02c4268-5e5e-426c-9125-4a81d6ad4d7d,ELGERENTE,21,15,7,38,9f747cd3-9012-4889-9b74-85db2446c8b3,1
1-55fea078-97b3-43c3-b9d8-d5ce59b07826,de_mirage,bc8c9779-1f8f-4017-9646-6701423c6ff9,bc8c9779-1f8f-4017-9646-6701423c6ff9,frantarasco,18,15,5,56,d1a2b610-4506-49b3-8603-c93e7b7d9568,0
1-55fea078-97b3-43c3-b9d8-d5ce59b07826,de_mirage,bc8c9779-1f8f-4017-9646-6701423c6ff9,922e6ce2-7279-4771-93eb-d14c89041c76,monzooo,15,20,9,27,d1a2b610-4506-49b3-8603-c93e7b7d9568,0
1-55fea078-97b3-43c3-b9d8-d5ce59b07826,de_mirage,bc8c9779-1f8f-4017-9646-6701423c6ff9,b10cd2ba-fdaf-46bf-aba0-7397bde298e9,flacotiverso,9,18,4,56,d1a2b610-4506-49b3-8603-c93e7b7d9568,0
1-560d4446-ccc1-49df-ac55-bf70c7445f84,de_dust2,e5d50d23-bc21-4ecc-8045-596f6d4b35b2,b10cd2ba-fdaf-46bf-aba0-7397bde298e9,flacotiverso,10,15,6,70,d2f0a2b2-c5fc-42e1-b146-13a3ff6ae7f3,0
1-560d4446-ccc1-49df-ac55-bf70c7445f84,de_dust2,e5d50d23-bc21-4ecc-8045-596f6d4b35b2,a24967e1-bb38-4b2f-bb78-e118e613c0c7,gordotiverso,11,16,1,45,d2f0a2b2-c5fc-42e1-b146-13a3ff6ae7f3,0
1-560d4446-ccc1-49df-ac55-bf70c7445f84,de_dust2,e5d50d23-bc21-4ecc-8045-596f6d4b35b2,bc8c9779-1f8f-4017-9646-6701423c6ff9,frantarasco,8,16,6,38,d2f0a2b2-c5fc-42e1-b146-13a3ff6ae7f3,0
1-560d4446-ccc1-49df-ac55-bf70c7445f84,de_dust2,e5d50d23-bc21-4ecc-8045-596f6d4b35b2,d2d79f95-19d1-479b-82e9-97b88223f169,agb-_-,16,15,1,56,d2f0a2b2-c5fc-42e1-b146-13a3ff6ae7f3,0
1-560d4446-ccc1-49df-ac55-bf70c7445f84,de_dust2,e5d50d23-bc21-4ecc-8045-596f6d4b35b2,1acb8f8e-b15e-49c2-8a91-88bf299f0f99,santibest10,7,16,2,43,d2f0a2b2-c5fc-42e1-b146-13a3ff6ae7f3,0
1-569f6981-30e9-47de-a0ba-f0abc7f49c62,de_nuke,5c0e861a-c660-40ed-a310-dc5356df2ea5,3b3b0662-0a3a-418c-9734-2f2051b049fc,polski-,18,15,3,33,5c0e861a-c660-40ed-a310-dc5356df2ea5,1
1-569f6981-30e9-47de-a0ba-f0abc7f49c62,de_nuke,5c0e861a-c660-40ed-a310-dc5356df2ea5,d2d79f95-19d1-479b-82e9-97b88223f169,agb-_-,17,16,2,35,5c0e861a-c660-40ed-a310-dc5356df2ea5,1
1-56a6f52e-c21e-4f0d-9fd9-d139d7f18191,de_mirage,99c560e6-662d-4b0c-a48b-b232fa52cb88,99c560e6-662d-4b0c-a48b-b232fa52cb88,n0xinho,13,15,13,15,99c560e6-662d-4b0c-a48b-b232fa52cb88,1
1-56a6f52e-c21e-4f0d-9fd9-d139d7f18191,de_mirage,99c560e6-662d-4b0c-a48b-b232fa52cb88,bc8c9779-1f8f-4017-9646-6701423c6ff9,frantarasco,16,17,4,44,99c560e6-662d-4b0c-a48b-b232fa52cb88,1
1-56aebeff-2a0e-4e7c-8703-00937fcc33a8,de_mirage,a4f181d0-c31a-42b9-a3ce-f5465a92f73f,d2d79f95-19d1-479b-82e9-97b88223f169,agb-_-,10,18,3,40,e229902a-f806-497b-a6e7-8077872f7805,0
1-56aebeff-2a0e-4e7c-8703-00937fcc33a8,de_mirage,a4f181d0-c31a-42b9-a3ce-f5465a92f73f,3b3b0662-0a3a-418c-9734-2f2051b049fc,polski-,30,18,5,57,e229902a-f806-497b-a6e7-8077872f7805,0
1-56aebeff-2a0e-4e7c-8703-00937fcc33a8,de_mirage,a4f181d0-c31a-42b9-a3ce-f5465a92f73f,1acb8f8e-b15e-49c2-8a91-88bf299f0f99,santibest10,19,17,3,53,e229902a-f806-497b-a6e7-8077872f7805,0
1-56aebeff-2a0e-4e7c-8703-00937fcc33a8,de_mirage,a4f181d0-c31a-42b9-a3ce-f5465a92f73f,b10cd2ba-fdaf-46bf-aba0-7397bde298e9,flacotiverso,10,21,7,20,e229902a-f806-497b-a6e7-8077872f7805,0
1-56aebeff-2a0e-4e7c-8703-00937fcc33a8,de_mirage,a4f181d0-c31a-42b9-a3ce-f5465a92f73f,49a74302-be88-4ac5-9a6c-f0c7864e6b2d,hhmero,22,19,9,55,e229902a-f806-497b-a6e7-8077872f7805,0
1-56efb276-7a5e-4ad8-bf33-5530f3eea36b,de_ancient,99c560e6-662d-4b0c-a48b-b232fa52cb88,99c560e6-662d-4b0c-a48b-b232fa52cb88,n0xinho,19,18,13,32,5bffab85-9db7-4e12-9d35-25f436c776ad,0
1-56efb276-7a5e-4ad8-bf33-5530f3eea36b,de_ancient,99c560e6-662d-4b0c-a48b-b232fa52cb88,a62e1894-7ac4-4d65-9c92-939ca4f0f200,Fakabot,11,19,5,27,5bffab85-9db7-4e12-9d35-25f436c776ad,0
1-56efb276-7a5e-4ad8-bf33-5530f3eea36b,de_ancient,99c560e6-662d-4b0c-a48b-b232fa52cb88,d02c4268-5e5e-426c-9125-4a81d6ad4d7d,ELGERENTE,20,17,6,25,5bffab85-9db7-4e12-9d35-25f436c776ad,0
1-57657342-bea7-4020-a244-3f059fc7444a,de_ancient,62c91b99-8b2d-49fa-bd55-78fd4aefb169,bc8c9779-1f8f-4017-9646-6701423c6ff9,frantarasco,22,15,8,45,62c91b99-8b2d-49fa-bd55-78fd4aefb169,1
1-57657342-bea7-4020-a244-3f059fc7444a,de_ancient,62c91b99-8b2d-49fa-bd55-78fd4aefb169,a62e1894-7ac4-4d65-9c92-939ca4f0f200,Fakabot,11,15,8,18,62c91b99-8b2d-49fa-bd55-78fd4aefb169,1
1-57657342-bea7-4020-a244-3f059fc7444a,de_ancient,62c91b99-8b2d-49fa-bd55-78fd4aefb169,b10cd2ba-fdaf-46bf-aba0-7397bde298e9,flacotiverso,23,13,4,35,62c91b99-8b2d-49fa-bd55-78fd4aefb169,1
1-57ee773f-e4a9-4613-9638-bee8e61ad9ec,de_mirage,99c560e6-662d-4b0c-a48b-b232fa52cb88,99c560e6-662d-4b0c-a48b-b232fa52cb88,n0xinho,21,15,10,38,402a03a0-1d2a-465a-8461-318f79fc6d8a,0
1-57ee773f-e4a9-4613-9638-bee8e61ad9ec,de_mirage,99c560e6-662d-4b0c-a48b-b232fa52cb88,b10cd2ba-fdaf-46bf-aba0-7397bde298e9,flacotiverso,16,17,5,81,402a03a0-1d2a-465a-8461-318f79fc6d8a,0
1-57ee773f-e4a9-4613-9638-bee8e61ad9ec,de_mirage,99c560e6-662d-4b0c-a48b-b232fa52cb88,d02c4268-5e5e-426c-9125-4a81d6ad4d7d,ELGERENTE,23,18,5,43,402a03a0-1d2a-465a-8461-318f79fc6d8a,0
1-5892e21b-f8bb-4f68-b802-15315258263f,de_mirage,3b3b0662-0a3a-418c-9734-2f2051b049fc,3b3b0662-0a3a-418c-9734-2f2051b049fc,polski-,30,14,8,50,3b3b0662-0a3a-418c-9734-2f2051b049fc,1
1-5892e21b-f8bb-4f68-b802-15315258263f,de_mirage,3b3b0662-0a3a-418c-9734-2f2051b049fc,99c560e6-662d-4b0c-a48b-b232fa52cb88,n0xinho,19,18,4,21,3b3b0662-0a3a-418c-9734-2f2051b049fc,1
1-596fdca1-f0e8-4fb2-9887-ad7d23216297,de_mirage,48f76b55-4568-452d-bffa-c7074d4c0fcf,99c560e6-662d-4b0c-a48b-b232fa52cb88,n0xinho,19,15,10,68,61610d07-29fa-4650-afdb-44e9c1227954,0
1-596fdca1-f0e8-4fb2-9887-ad7d23216297,de_mirage,48f76b55-4568-452d-bffa-c7074d4c0fcf,a24967e1-bb38-4b2f-bb78-e118e613c0c7,gordotiverso,14,19,5,14,61610d07-29fa-4650-afdb-44e9c1227954,0
1-596fdca1-f0e8-4fb2-9887-ad7d23216297,de_mirage,48f76b55-4568-452d-bffa-c7074d4c0fcf,d2d79f95-19d1-479b-82e9-97b88223f169,agb-_-,16,18,3,69,61610d07-29fa-4650-afdb-44e9c1227954,0
1-596fdca1-f0e8-4fb2-9887-ad7d23216297,de_mirage,48f76b55-4568-452d-bffa-c7074d4c0fcf,1acb8f8e-b15e-49c2-8a91-88bf299f0f99,santibest10,25,18,3,32,61610d07-29fa-4650-afdb-44e9c1227954,0
1-596fdca1-f0e8-4fb2-9887-ad7d23216297,de_mirage,48f76b55-4568-452d-bffa-c7074d4c0fcf,b10cd2ba-fdaf-46bf-aba0-7397bde298e9,flacotiverso,15,19,9,60,61610d07-29fa-4650-afdb-44e9c1227954,0
1-59f8e0bb-c982-4679-b474-a3c0f73744ea,de_inferno,3133516c-b7b9-4453-b1de-bb358fa1a2e4,99c560e6-662d-4b0c-a48b-b232fa52cb88,n0xinho,24,24,7,12,ac329c30-2a06-4221-9724-50f3f08161c9,0
1-59f8e0bb-c982-4679-b474-a3c0f73744ea,de_inferno,3133516c-b7b9-4453-b1de-bb358fa1a2e4,4482a031-efdb-4c3a-899f-6e5c22310547,santutu_,21,21,11,52,ac329c30-2a06-4221-9724-50f3f08161c9,0
1-59f8e0bb-c982-4679-b474-a3c0f73744ea,de_inferno,3133516c-b7b9-4453-b1de-bb358fa1a2e4,1acb8f8e-b15e-49c2-8a91-88bf299f0f99,santibest10,26,19,9,42,ac329c30-2a06-4221-9724-50f3f08161c9,0
1-59f8e0bb-c982-4679-b474-a3c0f73744ea,de_inferno,3133516c-b7b9-4453-b1de-bb358fa1a2e4,b10cd2ba-fdaf-46bf-aba0-7397bde298e9,flacotiverso,20,24,6,60,ac329c30-2a06-4221-9724-50f3f08161c9,0
1-59fa086f-8157-4ff9-ac97-fa6357f490d7,de_mirage,d02c4268-5e5e-426c-9125-4a81d6ad4d7d,d02c4268-5e5e-426c-9125-4a81d6ad4d7d,ELGERENTE,17,22,10,47,b1167b93-6eb0-4e2e-93ef-e4752592afac,0
1-59fa086f-8157-4ff9-ac97-fa6357f490d7,de_mirage,d02c4268-5e5e-426c-9125-4a81d6ad4d7d,a62e1894-7ac4-4d65-9c92-939ca4f0f200,Fakabot,30,21,8,50,b1167b93-6eb0-4e2e-93ef-e4752592afac,0
1-59fa086f-8157-4ff9-ac97-fa6357f490d7,de_mirage,d02c4268-5e5e-426c-9125-4a81d6ad4d7d,bc8c9779-1f8f-4017-9646-6701423c6ff9,frantarasco,14,23,3,43,b1167b93-6eb0-4e2e-93ef-e4752592afac,0
1-59fa086f-8157-4ff9-ac97-fa6357f490d7,de_mirage,d02c4268-5e5e-426c-9125-4a81d6ad4d7d,d2d79f95-19d1-479b-82e9-97b88223f169,agb-_-,19,22,5,58,b1167b93-6eb0-4e2e-93ef-e4752592afac,0
1-5cb67f10-83aa-41b3-b907-982cbe365eb2,de_nuke,e5d50d23-bc21-4ecc-8045-596f6d4b35b2,b10cd2ba-fdaf-46bf-aba0-7397bde298e9,flacotiverso,19,18,7,47,387c8308-9583-4fd1-b3e9-8824fad15c0c,0
1-5cb67f10-83aa-41b3-b907-982cbe365eb2,de_nuke,e5d50d23-bc21-4ecc-8045-596f6d4b35b2,a24967e1-bb38-4b2f-bb78-e118e613c0c7,gordotiverso,18,18,4,56,387c8308-9583-4fd1-b3e9-8824fad15c0c,0
1-5cb67f10-83aa-41b3-b907-982cbe365eb2,de_nuke,e5d50d23-bc21-4ecc-8045-596f6d4b35b2,bc8c9779-1f8f-4017-9646-6701423c6ff9,frantarasco,12,20,2,33,387c8308-9583-4fd1-b3e9-8824fad15c0c,0
1-5cb67f10-83aa-41b3-b907-982cbe365eb2,de_nuke,e5d50d23-bc21-4ecc-8045-596f6d4b35b2,d2d79f95-19d1-479b-82e9-97b88223f169,agb-_-,11,19,5,36,387c8308-9583-4fd1-b3e9-8824fad15c0c,0
1-5cb67f10-83aa-41b3-b907-982cbe365eb2,de_nuke,e5d50d23-bc21-4ecc-8045-596f6d4b35b2,1acb8f8e-b15e-49c2-8a91-88bf299f0f99,santibest10,21,15,6,38,387c8308-9583-4fd1-b3e9-8824fad15c0c,0
1-5d91c240-7102-41d6-bd61-cf78f5ea56a8,de_nuke,53eb0762-3ef7-480b-b791-c73993464b9f,b10cd2ba-fdaf-46bf-aba0-7397bde298e9,flacotiverso,3,15,5,100,f3b0f1ba-e559-4739-88ad-d2f06e4754c9,0
1-5d91c240-7102-41d6-bd61-cf78f5ea56a8,de_nuke,53eb0762-3ef7-480b-b791-c73993464b9f,49a74302-be88-4ac5-9a6c-f0c7864e6b2d,hhmero,19,16,0,63,f3b0f1ba-e559-4739-88ad-d2f06e4754c9,0
1-5deafa2d-fb1f-4c9a-8be7-ca5c689d2aa5,de_inferno,ad3d1390-9edf-4170-9f42-e39e4ac2e217,1acb8f8e-b15e-49c2-8a91-88bf299f0f99,santibest10,25,8,4,56,ad3d1390-9edf-4170-9f42-e39e4ac2e217,1
1-5deafa2d-fb1f-4c9a-8be7-ca5c689d2aa5,de_inferno,ad3d1390-9edf-4170-9f42-e39e4ac2e217,bc8c9779-1f8f-4017-9646-6701423c6ff9,frantarasco,13,16,7,62,ad3d1390-9edf-4170-9f42-e39e4ac2e217,1
1-5deafa2d-fb1f-4c9a-8be7-ca5c689d2aa5,de_inferno,ad3d1390-9edf-4170-9f42-e39e4ac2e217,99c560e6-662d-4b0c-a48b-b232fa52cb88,n0xinho,15,11,7,40,ad3d1390-9edf-4170-9f42-e39e4ac2e217,1
1-5deafa2d-fb1f-4c9a-8be7-ca5c689d2aa5,de_inferno,ad3d1390-9edf-4170-9f42-e39e4ac2e217,d2d79f95-19d1-479b-82e9-97b88223f169,agb-_-,12,13,3,42,ad3d1390-9edf-4170-9f42-e39e4ac2e217,1
1-5deafa2d-fb1f-4c9a-8be7-ca5c689d2aa5,de_inferno,ad3d1390-9edf-4170-9f42-e39e4ac2e217,b10cd2ba-fdaf-46bf-aba0-7397bde298e9,flacotiverso,12,14,1,42,ad3d1390-9edf-4170-9f42-e39e4ac2e217,1
1-5df5d9f9-65ae-4fc4-beab-d5d4d2d63c7c,de_mirage,4ac587af-a2d3-4fd3-93e4-b2dfff69ce43,3b3b0662-0a3a-418c-9734-2f2051b049fc,polski-,9,14,2,67,67c5bfa9-dacb-4a58-9ba7-c5ef8fe55a2b,0
1-5df5d9f9-65ae-4fc4-beab-d5d4d2d63c7c,de_mirage,4ac587af-a2d3-4fd3-93e4-b2dfff69ce43,1acb8f8e-b15e-49c2-8a91-88bf299f0f99,santibest10,5,14,1,80,67c5bfa9-dacb-4a58-9ba7-c5ef8fe55a2b,0
1-5e660c63-8fd5-403a-8c90-070b015bcab4,de_ancient,265dbac4-efc4-48e5-8d4a-5ccded0a7ddb,1acb8f8e-b15e-49c2-8a91-88bf299f0f99,santibest10,11,17,4,55,265dbac4-efc4-48e5-8d4a-5ccded0a7ddb,1
1-5e660c63-8fd5-403a-8c90-070b015bcab4,de_ancient,265dbac4-efc4-48e5-8d4a-5ccded0a7ddb,99c560e6-662d-4b0c-a48b-b232fa52cb88,n0xinho,17,19,9,47,265dbac4-efc4-48e5-8d4a-5ccded0a7ddb,1
1-5e660c63-8fd5-403a-8c90-070b015bcab4,de_ancient,265dbac4-efc4-48e5-8d4a-5ccded0a7ddb,b10cd2ba-fdaf-46bf-aba0-7397bde298e9,flacotiverso,14,13,5,21,265dbac4-efc4-48e5-8d4a-5ccded0a7ddb,1
1-5ed6e83a-1692-447e-a40a-600204569c50,de_inferno,a24967e1-bb38-4b2f-bb78-e118e613c0c7,a24967e1-bb38-4b2f-bb78-e118e613c0c7,gordotiverso,9,16,2,56,703790c0-a67e-4610-96f1-bcb2a9a96d9a,0
1-5ed6e83a-1692-447e-a40a-600204569c50,de_inferno,a24967e1-bb38-4b2f-bb78-e118e613c0c7,b10cd2ba-fdaf-46bf-aba0-7397bde298e9,flacotiverso,8,17,3,50,703790c0-a67e-4610-96f1-bcb2a9a96d9a,0
1-60060378-8fb7-4674-85ef-4916e3e276f7,de_mirage,efeac137-7266-4e79-a1d6-80032600e14f,1acb8f8e-b15e-49c2-8a91-88bf299f0f99,santibest10,14,21,3,64,145af080-719e-4e0a-bfcb-a674e5b7bcfc,0
1-60060378-8fb7-4674-85ef-4916e3e276f7,de_mirage,efeac137-7266-4e79-a1d6-80032600e14f,3b3b0662-0a3a-418c-9734-2f2051b049fc,polski-,24,16,3,38,145af080-719e-4e0a-bfcb-a674e5b7bcfc,0
1-60060378-8fb7-4674-85ef-4916e3e276f7,de_mirage,efeac137-7266-4e79-a1d6-80032600e14f,bc8c9779-1f8f-4017-9646-6701423c6ff9,frantarasco,13,19,4,69,145af080-719e-4e0a-bfcb-a674e5b7bcfc,0
1-60060378-8fb7-4674-85ef-4916e3e276f7,de_mirage,efeac137-7266-4e79-a1d6-80032600e14f,d2d79f95-19d1-479b-82e9-97b88223f169,agb-_-,16,18,6,38,145af080-719e-4e0a-bfcb-a674e5b7bcfc,0
1-609f2b9e-2c63-454c-aebb-56e3529788e8,de_inferno,50ec4111-42d2-4a00-8383-e6fabfb6f2e2,d2d79f95-19d1-479b-82e9-97b88223f169,agb-_-,14,17,4,43,50ec4111-42d2-4a00-8383-e6fabfb6f2e2,1
1-609f2b9e-2c63-454c-aebb-56e3529788e8,de_inferno,50ec4111-42d2-4a00-8383-e6fabfb6f2e2,3b3b0662-0a3a-418c-9734-2f2051b049fc,polski-,29,14,6,48,50ec4111-42d2-4a00-8383-e6fabfb6f2e2,1
1-609f2b9e-2c63-454c-aebb-56e3529788e8,de_inferno,50ec4111-42d2-4a00-8383-e6fabfb6f2e2,99c560e6-662d-4b0c-a48b-b232fa52cb88,n0xinho,15,11,6,20,50ec4111-42d2-4a00-8383-e6fabfb6f2e2,1
1-609f2b9e-2c63-454c-aebb-56e3529788e8,de_inferno,50ec4111-42d2-4a00-8383-e6fabfb6f2e2,1acb8f8e-b15e-49c2-8a91-88bf299f0f99,santibest10,11,13,6,36,50ec4111-42d2-4a00-8383-e6fabfb6f2e2,1
1-609f2b9e-2c63-454c-aebb-56e3529788e8,de_inferno,50ec4111-42d2-4a00-8383-e6fabfb6f2e2,d02c4268-5e5e-426c-9125-4a81d6ad4d7d,ELGERENTE,12,11,10,67,50ec4111-42d2-4a00-8383-e6fabfb6f2e2,1
1-612097d1-1dd1-4301-a29f-86308e82af37,de_nuke,8f1c3eaa-32f1-4218-8ae8-00ba783141f9,99c560e6-662d-4b0c-a48b-b232fa52cb88,n0xinho,9,13,2,56,b134bbfd-2306-478f-af22-76b11f5cc992,0
1-612097d1-1dd1-4301-a29f-86308e82af37,de_nuke,8f1c3eaa-32f1-4218-8ae8-00ba783141f9,a24967e1-bb38-4b2f-bb78-e118e613c0c7,gordotiverso,1,13,3,0,b134bbfd-2306-478f-af22-76b11f5cc992,0
1-612097d1-1dd1-4301-a29f-86308e82af37,de_nuke,8f1c3eaa-32f1-4218-8ae8-00ba783141f9,bc8c9779-1f8f-4017-9646-6701423c6ff9,frantarasco,6,13,1,33,b134bbfd-2306-478f-af22-76b11f5cc992,0
1-612097d1-1dd1-4301-a29f-86308e82af37,de_nuke,8f1c3eaa-32f1-4218-8ae8-00ba783141f9,b10cd2ba-fdaf-46bf-aba0-7397bde298e9,flacotiverso,2,13,0,100,b134bbfd-2306-478f-af22-76b11f5cc992,0
1-612097d1-1dd1-4301-a29f-86308e82af37,de_nuke,8f1c3eaa-32f1-4218-8ae8-00ba783141f9,49a74302-be88-4ac5-9a6c-f0c7864e6b2d,hhmero,6,13,2,67,b134bbfd-2306-478f-af22-76b11f5cc992,0
1-613ef07b-9b09-4d61-bc72-c2e4c2ae6b43,de_mirage,e4ef0f62-4094-4763-bf9d-802287d925ec,b10cd2ba-fdaf-46bf-aba0-7397bde298e9,flacotiverso,19,19,5,63,e4ef0f62-4094-4763-bf9d-802287d925ec,1
1-613ef07b-9b09-4d61-bc72-c2e4c2ae6b43,de_mirage,e4ef0f62-4094-4763-bf9d-802287d925ec,49a74302-be88-4ac5-9a6c-f0c7864e6b2d,hhmero,17,15,5,71,e4ef0f62-4094-4763-bf9d-802287d925ec,1
1-61705934-2c47-4f12-86b7-a31b6d065a7f,de_inferno,bebbc32c-e34e-4b3d-a72e-d2a071cbb278,a62e1894-7ac4-4d65-9c92-939ca4f0f200,Fakabot,23,15,8,43,bebbc32c-e34e-4b3d-a72e-d2a071cbb278,1
1-61705934-2c47-4f12-86b7-a31b6d065a7f,de_inferno,bebbc32c-e34e-4b3d-a72e-d2a071cbb278,922e6ce2-7279-4771-93eb-d14c89041c76,monzooo,14,21,6,36,bebbc32c-e34e-4b3d-a72e-d2a071cbb278,1
1-61705934-2c47-4f12-86b7-a31b6d065a7f,de_inferno,bebbc32c-e34e-4b3d-a72e-d2a071cbb278,99c560e6-662d-4b0c-a48b-b232fa52cb88,n0xinho,25,15,7,44,bebbc32c-e34e-4b3d-a72e-d2a071cbb278,1
1-61705934-2c47-4f12-86b7-a31b6d065a7f,de_inferno,bebbc32c-e34e-4b3d-a72e-d2a071cbb278,b10cd2ba-fdaf-46bf-aba0-7397bde298e9,flacotiverso,15,17,6,47,bebbc32c-e34e-4b3d-a72e-d2a071cbb278,1
1-61705934-2c47-4f12-86b7-a31b6d065a7f,de_inferno,bebbc32c-e34e-4b3d-a72e-d2a071cbb278,d02c4268-5e5e-426c-9125-4a81d6ad4d7d,ELGERENTE,15,19,9,47,bebbc32c-e34e-4b3d-a72e-d2a071cbb278,1
1-6290b6d5-2a9d-4b8b-b93b-312d84fda0a0,de_vertigo,52678d94-de87-4af9-9f73-87e085cce564,bc8c9779-1f8f-4017-9646-6701423c6ff9,frantarasco,18,16,4,78,993546d2-f889-4371-b4e5-4de59c2e7ddc,0
1-6290b6d5-2a9d-4b8b-b93b-312d84fda0a0,de_vertigo,52678d94-de87-4af9-9f73-87e085cce564,a62e1894-7ac4-4d65-9c92-939ca4f0f200,Fakabot,14,18,4,36,993546d2-f889-4371-b4e5-4de59c2e7ddc,0
1-6373bb77-f536-4786-b15a-ce1102bab4f2,de_mirage,1bf9e6f8-6308-4a64-9fbf-e683241a3786,a62e1894-7ac4-4d65-9c92-939ca4f0f200,Fakabot,11,15,2,73,ceff56aa-6c11-4c6e-b3db-d96d788c28dd,0
1-6373bb77-f536-4786-b15a-ce1102bab4f2,de_mirage,1bf9e6f8-6308-4a64-9fbf-e683241a3786,922e6ce2-7279-4771-93eb-d14c89041c76,monzooo,8,16,2,62,ceff56aa-6c11-4c6e-b3db-d96d788c28dd,0
1-64c6f34e-19d1-4ec8-b271-291286e4962d,de_ancient,fafb8021-499e-4bc6-bf04-43b48424814b,b10cd2ba-fdaf-46bf-aba0-7397bde298e9,flacotiverso,10,19,8,40,2321fae6-7fa8-4c3f-ba9a-507f93bc2b4d,0
1-64c6f34e-19d1-4ec8-b271-291286e4962d,de_ancient,fafb8021-499e-4bc6-bf04-43b48424814b,49a74302-be88-4ac5-9a6c-f0c7864e6b2d,hhmero,14,16,0,57,2321fae6-7fa8-4c3f-ba9a-507f93bc2b4d,0
1-657c6bdd-c826-4cc7-a980-55f931d3f12e,de_mirage,7b3607d0-4de6-4d70-8808-f6ed6873d37e,99c560e6-662d-4b0c-a48b-b232fa52cb88,n0xinho,23,7,2,43,7b3607d0-4de6-4d70-8808-f6ed6873d37e,1
1-657c6bdd-c826-4cc7-a980-55f931d3f12e,de_mirage,7b3607d0-4de6-4d70-8808-f6ed6873d37e,922e6ce2-7279-4771-93eb-d14c89041c76,monzooo,15,13,9,33,7b3607d0-4de6-4d70-8808-f6ed6873d37e,1
1-657c6bdd-c826-4cc7-a980-55f931d3f12e,de_mirage,7b3607d0-4de6-4d70-8808-f6ed6873d37e,3b3b0662-0a3a-418c-9734-2f2051b049fc,polski-,20,9,2,15,7b3607d0-4de6-4d70-8808-f6ed6873d37e,1
1-657c6bdd-c826-4cc7-a980-55f931d3f12e,de_mirage,7b3607d0-4de6-4d70-8808-f6ed6873d37e,b10cd2ba-fdaf-46bf-aba0-7397bde298e9,flacotiverso,6,10,9,33,7b3607d0-4de6-4d70-8808-f6ed6873d37e,1
1-65c103cf-f992-4f6e-9835-1a815ed33f2b,de_inferno,b10cd2ba-fdaf-46bf-aba0-7397bde298e9,b10cd2ba-fdaf-46bf-aba0-7397bde298e9,flacotiverso,20,17,5,60,b10cd2ba-fdaf-46bf-aba0-7397bde298e9,1
1-65c103cf-f992-4f6e-9835-1a815ed33f2b,de_inferno,b10cd2ba-fdaf-46bf-aba0-7397bde298e9,d02c4268-5e5e-426c-9125-4a81d6ad4d7d,ELGERENTE,19,12,10,42,b10cd2ba-fdaf-46bf-aba0-7397bde298e9,1
1-666d6b39-4098-48a1-8851-641758788143,de_ancient,3b7432cc-9267-4d22-8fb2-35a7aeb3dcfe,99c560e6-662d-4b0c-a48b-b232fa52cb88,n0xinho,11,17,6,36,a2294c9a-9090-4731-888d-0f2ada2e5310,0
1-666d6b39-4098-48a1-8851-641758788143,de_ancient,3b7432cc-9267-4d22-8fb2-35a7aeb3dcfe,a62e1894-7ac4-4d65-9c92-939ca4f0f200,Fakabot,11,16,1,36,a2294c9a-9090-4731-888d-0f2ada2e5310,0
1-666d6b39-4098-48a1-8851-641758788143,de_ancient,3b7432cc-9267-4d22-8fb2-35a7aeb3dcfe,d2d79f95-19d1-479b-82e9-97b88223f169,agb-_-,9,17,10,33,a2294c9a-9090-4731-888d-0f2ada2e5310,0
1-666d6b39-4098-48a1-8851-641758788143,de_ancient,3b7432cc-9267-4d22-8fb2-35a7aeb3dcfe,1acb8f8e-b15e-49c2-8a91-88bf299f0f99,santibest10,13,15,5,62,a2294c9a-9090-4731-888d-0f2ada2e5310,0
1-666d6b39-4098-48a1-8851-641758788143,de_ancient,3b7432cc-9267-4d22-8fb2-35a7aeb3dcfe,49a74302-be88-4ac5-9a6c-f0c7864e6b2d,hhmero,4,18,3,50,a2294c9a-9090-4731-888d-0f2ada2e5310,0
1-67612f03-0666-4d0c-b7fd-db0f5e13574f,de_mirage,3c398caf-a510-4cfc-9bd2-c564c1b681f5,b10cd2ba-fdaf-46bf-aba0-7397bde298e9,flacotiverso,8,13,3,62,0d26da0e-e723-470e-8708-8a173216cc98,0
1-67612f03-0666-4d0c-b7fd-db0f5e13574f,de_mirage,3c398caf-a510-4cfc-9bd2-c564c1b681f5,d2d79f95-19d1-479b-82e9-97b88223f169,agb-_-,4,14,4,50,0d26da0e-e723-470e-8708-8a173216cc98,0
1-67612f03-0666-4d0c-b7fd-db0f5e13574f,de_mirage,3c398caf-a510-4cfc-9bd2-c564c1b681f5,d02c4268-5e5e-426c-9125-4a81d6ad4d7d,ELGERENTE,4,14,3,25,0d26da0e-e723-470e-8708-8a173216cc98,0
1-677568bb-4582-4a50-be3c-6ca11126c39f,de_mirage,bc8c9779-1f8f-4017-9646-6701423c6ff9,bc8c9779-1f8f-4017-9646-6701423c6ff9,frantarasco,27,21,13,56,05754259-66a9-44ff-9b48-1c442d763748,0
1-677568bb-4582-4a50-be3c-6ca11126c39f,de_mirage,bc8c9779-1f8f-4017-9646-6701423c6ff9,d2d79f95-19d1-479b-82e9-97b88223f169,agb-_-,26,22,7,54,05754259-66a9-44ff-9b48-1c442d763748,0
1-677568bb-4582-4a50-be3c-6ca11126c39f,de_mirage,bc8c9779-1f8f-4017-9646-6701423c6ff9,d02c4268-5e5e-426c-9125-4a81d6ad4d7d,ELGERENTE,23,20,6,43,05754259-66a9-44ff-9b48-1c442d763748,0
1-67822aa4-4d38-4213-8805-530425ac454e,de_dust2,3d1fcf8e-2292-455a-8b96-322285c37611,d02c4268-5e5e-426c-9125-4a81d6ad4d7d,ELGERENTE,10,14,11,80,3d1fcf8e-2292-455a-8b96-322285c37611,1
1-67822aa4-4d38-4213-8805-530425ac454e,de_dust2,3d1fcf8e-2292-455a-8b96-322285c37611,d2d79f95-19d1-479b-82e9-97b88223f169,agb-_-,17,13,6,59,3d1fcf8e-2292-455a-8b96-322285c37611,1
1-67aeb8b5-203c-40da-8e94-37dc79d3cf1e,de_ancient,bc8c9779-1f8f-4017-9646-6701423c6ff9,bc8c9779-1f8f-4017-9646-6701423c6ff9,frantarasco,10,15,6,40,7586384a-765c-4e4e-ba05-efc87ab10de8,0
1-67aeb8b5-203c-40da-8e94-37dc79d3cf1e,de_ancient,bc8c9779-1f8f-4017-9646-6701423c6ff9,922e6ce2-7279-4771-93eb-d14c89041c76,monzooo,8,18,4,25,7586384a-765c-4e4e-ba05-efc87ab10de8,0
1-67aeb8b5-203c-40da-8e94-37dc79d3cf1e,de_ancient,bc8c9779-1f8f-4017-9646-6701423c6ff9,b10cd2ba-fdaf-46bf-aba0-7397bde298e9,flacotiverso,15,17,3,60,7586384a-765c-4e4e-ba05-efc87ab10de8,0
1-68f66dc3-f991-4c7b-ae73-da3937441986,de_mirage,99c560e6-662d-4b0c-a48b-b232fa52cb88,99c560e6-662d-4b0c-a48b-b232fa52cb88,n0xinho,16,14,2,62,3eb7a11e-fd3a-4c98-af4e-018693ba648b,0
1-68f66dc3-f991-4c7b-ae73-da3937441986,de_mirage,99c560e6-662d-4b0c-a48b-b232fa52cb88,a62e1894-7ac4-4d65-9c92-939ca4f0f200,Fakabot,8,13,5,50,3eb7a11e-fd3a-4c98-af4e-018693ba648b,0
1-68f66dc3-f991-4c7b-ae73-da3937441986,de_mirage,99c560e6-662d-4b0c-a48b-b232fa52cb88,4482a031-efdb-4c3a-899f-6e5c22310547,santutu_,6,13,2,33,3eb7a11e-fd3a-4c98-af4e-018693ba648b,0
1-68f66dc3-f991-4c7b-ae73-da3937441986,de_mirage,99c560e6-662d-4b0c-a48b-b232fa52cb88,b10cd2ba-fdaf-46bf-aba0-7397bde298e9,flacotiverso,11,14,2,45,3eb7a11e-fd3a-4c98-af4e-018693ba648b,0
1-6a1e5536-590f-496e-b24b-02c5cf8b8994,de_nuke,a4f181d0-c31a-42b9-a3ce-f5465a92f73f,d2d79f95-19d1-479b-82e9-97b88223f169,agb-_-,20,14,5,55,a4f181d0-c31a-42b9-a3ce-f5465a92f73f,1
1-6a1e5536-590f-496e-b24b-02c5cf8b8994,de_nuke,a4f181d0-c31a-42b9-a3ce-f5465a92f73f,3b3b0662-0a3a-418c-9734-2f2051b049fc,polski-,24,10,3,50,a4f181d0-c31a-42b9-a3ce-f5465a92f73f,1
1-6a1e5536-590f-496e-b24b-02c5cf8b8994,de_nuke,a4f181d0-c31a-42b9-a3ce-f5465a92f73f,99c560e6-662d-4b0c-a48b-b232fa52cb88,n0xinho,9,16,4,67,a4f181d0-c31a-42b9-a3ce-f5465a92f73f,1
1-6a1e5536-590f-496e-b24b-02c5cf8b8994,de_nuke,a4f181d0-c31a-42b9-a3ce-f5465a92f73f,b10cd2ba-fdaf-46bf-aba0-7397bde298e9,flacotiverso,15,12,7,53,a4f181d0-c31a-42b9-a3ce-f5465a92f73f,1
1-6a1e5536-590f-496e-b24b-02c5cf8b8994,de_nuke,a4f181d0-c31a-42b9-a3ce-f5465a92f73f,49a74302-be88-4ac5-9a6c-f0c7864e6b2d,hhmero,19,17,5,42,a4f181d0-c31a-42b9-a3ce-f5465a92f73f,1
1-6a72ae6b-abd3-4de1-bf72-00e53581ba63,de_anubis,8b0487dd-53a8-4570-a8c1-1e958746edf7,a62e1894-7ac4-4d65-9c92-939ca4f0f200,Fakabot,9,13,3,33,133e36fa-8ec5-4998-8c30-28460608d85d,0
1-6a72ae6b-abd3-4de1-bf72-00e53581ba63,de_anubis,8b0487dd-53a8-4570-a8c1-1e958746edf7,a24967e1-bb38-4b2f-bb78-e118e613c0c7,gordotiverso,14,15,3,36,133e36fa-8ec5-4998-8c30-28460608d85d,0
1-6a72ae6b-abd3-4de1-bf72-00e53581ba63,de_anubis,8b0487dd-53a8-4570-a8c1-1e958746edf7,d2d79f95-19d1-479b-82e9-97b88223f169,agb-_-,12,15,2,58,133e36fa-8ec5-4998-8c30-28460608d85d,0
1-6a72ae6b-abd3-4de1-bf72-00e53581ba63,de_anubis,8b0487dd-53a8-4570-a8c1-1e958746edf7,b10cd2ba-fdaf-46bf-aba0-7397bde298e9,flacotiverso,8,16,5,62,133e36fa-8ec5-4998-8c30-28460608d85d,0
1-6bda9855-e97c-44a0-a2ff-b13df6d21f48,de_mirage,4bbf659c-a9c2-4a63-90c0-421d12bb99f1,d02c4268-5e5e-426c-9125-4a81d6ad4d7d,ELGERENTE,14,20,7,57,ae4539dc-eff3-4339-ade4-9f05d6050bd9,0
1-6bda9855-e97c-44a0-a2ff-b13df6d21f48,de_mirage,4bbf659c-a9c2-4a63-90c0-421d12bb99f1,a62e1894-7ac4-4d65-9c92-939ca4f0f200,Fakabot,11,17,7,45,ae4539dc-eff3-4339-ade4-9f05d6050bd9,0
1-6bda9855-e97c-44a0-a2ff-b13df6d21f48,de_mirage,4bbf659c-a9c2-4a63-90c0-421d12bb99f1,99c560e6-662d-4b0c-a48b-b232fa52cb88,n0xinho,25,18,7,48,ae4539dc-eff3-4339-ade4-9f05d6050bd9,0
1-6bda9855-e97c-44a0-a2ff-b13df6d21f48,de_mirage,4bbf659c-a9c2-4a63-90c0-421d12bb99f1,d2d79f95-19d1-479b-82e9-97b88223f169,agb-_-,22,17,7,45,ae4539dc-eff3-4339-ade4-9f05d6050bd9,0
1-6bda9855-e97c-44a0-a2ff-b13df6d21f48,de_mirage,4bbf659c-a9c2-4a63-90c0-421d12bb99f1,49a74302-be88-4ac5-9a6c-f0c7864e6b2d,hhmero,16,17,3,44,ae4539dc-eff3-4339-ade4-9f05d6050bd9,0
1-6d2918dd-9c2a-472a-a8eb-c7dacc3904dc,de_anubis,7e050bb5-14cb-4f2b-b435-551eb8f5bdb6,a62e1894-7ac4-4d65-9c92-939ca4f0f200,Fakabot,10,10,5,50,7e050bb5-14cb-4f2b-b435-551eb8f5bdb6,1
1-6d2918dd-9c2a-472a-a8eb-c7dacc3904dc,de_anubis,7e050bb5-14cb-4f2b-b435-551eb8f5bdb6,922e6ce2-7279-4771-93eb-d14c89041c76,monzooo,11,11,6,73,7e050bb5-14cb-4f2b-b435-551eb8f5bdb6,1
1-6e4ace0f-25da-423e-b3df-eb5c8bc9535e,de_mirage,67a2bf97-b449-42e6-887f-61f08fc94f63,99c560e6-662d-4b0c-a48b-b232fa52cb88,n0xinho,23,16,3,30,67a2bf97-b449-42e6-887f-61f08fc94f63,1
1-6e4ace0f-25da-423e-b3df-eb5c8bc9535e,de_mirage,67a2bf97-b449-42e6-887f-61f08fc94f63,a62e1894-7ac4-4d65-9c92-939ca4f0f200,Fakabot,12,19,6,25,67a2bf97-b449-42e6-887f-61f08fc94f63,1
1-6e4ace0f-25da-423e-b3df-eb5c8bc9535e,de_mirage,67a2bf97-b449-42e6-887f-61f08fc94f63,d2d79f95-19d1-479b-82e9-97b88223f169,agb-_-,16,16,4,75,67a2bf97-b449-42e6-887f-61f08fc94f63,1
1-6e8380cf-a0e3-45bd-a7ba-9ea11da26fb3,de_mirage,5bd9d569-6021-4a64-91b0-48f13f4487a2,3b3b0662-0a3a-418c-9734-2f2051b049fc,polski-,21,11,5,52,5bd9d569-6021-4a64-91b0-48f13f4487a2,1
1-6e8380cf-a0e3-45bd-a7ba-9ea11da26fb3,de_mirage,5bd9d569-6021-4a64-91b0-48f13f4487a2,d2d79f95-19d1-479b-82e9-97b88223f169,agb-_-,12,12,2,42,5bd9d569-6021-4a64-91b0-48f13f4487a2,1
1-6f05334a-842d-4faa-ab6b-05d9ed100b87,de_mirage,b10cd2ba-fdaf-46bf-aba0-7397bde298e9,b10cd2ba-fdaf-46bf-aba0-7397bde298e9,flacotiverso,11,16,6,55,f93ca4dc-8bff-48c1-844e-2840299b2717,0
1-6f05334a-842d-4faa-ab6b-05d9ed100b87,de_mirage,b10cd2ba-fdaf-46bf-aba0-7397bde298e9,49a74302-be88-4ac5-9a6c-f0c7864e6b2d,hhmero,20,14,5,45,f93ca4dc-8bff-48c1-844e-2840299b2717,0
1-713312b9-db63-4cc5-8858-5f9513749178,de_nuke,1f251e1b-e0d0-4ff2-aad4-041f2233b191,bc8c9779-1f8f-4017-9646-6701423c6ff9,frantarasco,22,13,7,45,1f251e1b-e0d0-4ff2-aad4-041f2233b191,1
1-713312b9-db63-4cc5-8858-5f9513749178,de_nuke,1f251e1b-e0d0-4ff2-aad4-041f2233b191,a62e1894-7ac4-4d65-9c92-939ca4f0f200,Fakabot,15,13,5,60,1f251e1b-e0d0-4ff2-aad4-041f2233b191,1
1-713312b9-db63-4cc5-8858-5f9513749178,de_nuke,1f251e1b-e0d0-4ff2-aad4-041f2233b191,d2d79f95-19d1-479b-82e9-97b88223f169,agb-_-,14,15,4,57,1f251e1b-e0d0-4ff2-aad4-041f2233b191,1
1-713312b9-db63-4cc5-8858-5f9513749178,de_nuke,1f251e1b-e0d0-4ff2-aad4-041f2233b191,d02c4268-5e5e-426c-9125-4a81d6ad4d7d,ELGERENTE,15,15,9,73,1f251e1b-e0d0-4ff2-aad4-041f2233b191,1
1-71c54472-0872-4c8c-8361-7f18b00dbe43,de_dust2,1f251e1b-e0d0-4ff2-aad4-041f2233b191,bc8c9779-1f8f-4017-9646-6701423c6ff9,frantarasco,12,16,8,33,c35100df-9447-4b8c-a6b8-65b9ff430aba,0
1-71c54472-0872-4c8c-8361-7f18b00dbe43,de_dust2,1f251e1b-e0d0-4ff2-aad4-041f2233b191,99c560e6-662d-4b0c-a48b-b232fa52cb88,n0xinho,23,17,6,39,c35100df-9447-4b8c-a6b8-65b9ff430aba,0
1-71c54472-0872-4c8c-8361-7f18b00dbe43,de_dust2,1f251e1b-e0d0-4ff2-aad4-041f2233b191,d2d79f95-19d1-479b-82e9-97b88223f169,agb-_-,14,17,5,14,c35100df-9447-4b8c-a6b8-65b9ff430aba,0
1-71c54472-0872-4c8c-8361-7f18b00dbe43,de_dust2,1f251e1b-e0d0-4ff2-aad4-041f2233b191,d02c4268-5e5e-426c-9125-4a81d6ad4d7d,ELGERENTE,17,21,3,53,c35100df-9447-4b8c-a6b8-65b9ff430aba,0
1-71d594c8-793c-4ced-b5b1-a94e45342df0,de_ancient,48f76b55-4568-452d-bffa-c7074d4c0fcf,bc8c9779-1f8f-4017-9646-6701423c6ff9,frantarasco,22,17,3,41,48f76b55-4568-452d-bffa-c7074d4c0fcf,1
1-71d594c8-793c-4ced-b5b1-a94e45342df0,de_ancient,48f76b55-4568-452d-bffa-c7074d4c0fcf,99c560e6-662d-4b0c-a48b-b232fa52cb88,n0xinho,23,15,5,48,48f76b55-4568-452d-bffa-c7074d4c0fcf,1
1-71d594c8-793c-4ced-b5b1-a94e45342df0,de_ancient,48f76b55-4568-452d-bffa-c7074d4c0fcf,d2d79f95-19d1-479b-82e9-97b88223f169,agb-_-,14,16,6,36,48f76b55-4568-452d-bffa-c7074d4c0fcf,1
1-71d594c8-793c-4ced-b5b1-a94e45342df0,de_ancient,48f76b55-4568-452d-bffa-c7074d4c0fcf,1acb8f8e-b15e-49c2-8a91-88bf299f0f99,santibest10,18,16,9,89,48f76b55-4568-452d-bffa-c7074d4c0fcf,1
1-71d594c8-793c-4ced-b5b1-a94e45342df0,de_ancient,48f76b55-4568-452d-bffa-c7074d4c0fcf,b10cd2ba-fdaf-46bf-aba0-7397bde298e9,flacotiverso,13,14,4,62,48f76b55-4568-452d-bffa-c7074d4c0fcf,1
1-72f42aa6-8d69-48c1-95c7-058aaffe6b2e,de_mirage,ec567fc9-76ca-4417-a235-3ae6b611dc55,922e6ce2-7279-4771-93eb-d14c89041c76,monzooo,15,12,11,53,ec567fc9-76ca-4417-a235-3ae6b611dc55,1
1-72f42aa6-8d69-48c1-95c7-058aaffe6b2e,de_mirage,ec567fc9-76ca-4417-a235-3ae6b611dc55,bc8c9779-1f8f-4017-9646-6701423c6ff9,frantarasco,14,9,2,36,ec567fc9-76ca-4417-a235-3ae6b611dc55,1
1-72f42aa6-8d69-48c1-95c7-058aaffe6b2e,de_mirage,ec567fc9-76ca-4417-a235-3ae6b611dc55,d2d79f95-19d1-479b-82e9-97b88223f169,agb-_-,15,10,5,67,ec567fc9-76ca-4417-a235-3ae6b611dc55,1
1-72f42aa6-8d69-48c1-95c7-058aaffe6b2e,de_mirage,ec567fc9-76ca-4417-a235-3ae6b611dc55,b10cd2ba-fdaf-46bf-aba0-7397bde298e9,flacotiverso,13,11,5,38,ec567fc9-76ca-4417-a235-3ae6b611dc55,1
1-72f42aa6-8d69-48c1-95c7-058aaffe6b2e,de_mirage,ec567fc9-76ca-4417-a235-3ae6b611dc55,49a74302-be88-4ac5-9a6c-f0c7864e6b2d,hhmero,17,11,1,65,ec567fc9-76ca-4417-a235-3ae6b611dc55,1
1-73673eb3-0e22-4654-81ac-c976a81b9481,de_cache,99c560e6-662d-4b0c-a48b-b232fa52cb88,99c560e6-662d-4b0c-a48b-b232fa52cb88,n0xinho,16,14,4,50,697517bb-3303-49aa-b6bc-41467ec77d56,0
1-73673eb3-0e22-4654-81ac-c976a81b9481,de_cache,99c560e6-662d-4b0c-a48b-b232fa52cb88,a62e1894-7ac4-4d65-9c92-939ca4f0f200,Fakabot,11,16,3,64,697517bb-3303-49aa-b6bc-41467ec77d56,0
1-73673eb3-0e22-4654-81ac-c976a81b9481,de_cache,99c560e6-662d-4b0c-a48b-b232fa52cb88,d2d79f95-19d1-479b-82e9-97b88223f169,agb-_-,10,16,5,90,697517bb-3303-49aa-b6bc-41467ec77d56,0
1-73673eb3-0e22-4654-81ac-c976a81b9481,de_cache,99c560e6-662d-4b0c-a48b-b232fa52cb88,1acb8f8e-b15e-49c2-8a91-88bf299f0f99,santibest10,15,16,4,67,697517bb-3303-49aa-b6bc-41467ec77d56,0
1-74969066-82ac-4661-a5a3-4fa842ebfc78,de_inferno,c567d609-48b8-4e61-9b82-f13d6fa2b3c5,49a74302-be88-4ac5-9a6c-f0c7864e6b2d,hhmero,16,9,4,69,c567d609-48b8-4e61-9b82-f13d6fa2b3c5,1
1-74969066-82ac-4661-a5a3-4fa842ebfc78,de_inferno,c567d609-48b8-4e61-9b82-f13d6fa2b3c5,b10cd2ba-fdaf-46bf-aba0-7397bde298e9,flacotiverso,9,7,6,44,c567d609-48b8-4e61-9b82-f13d6fa2b3c5,1
1-74ae544c-cd27-401c-9d6c-2f745a064a41,de_dust2,95c032df-440f-4075-b86d-d65549bf88c9,bc8c9779-1f8f-4017-9646-6701423c6ff9,frantarasco,13,17,6,31,3f571f29-6fc9-4e12-91b1-79a65b11b34c,0
1-74ae544c-cd27-401c-9d6c-2f745a064a41,de_dust2,95c032df-440f-4075-b86d-d65549bf88c9,922e6ce2-7279-4771-93eb-d14c89041c76,monzooo,11,16,2,36,3f571f29-6fc9-4e12-91b1-79a65b11b34c,0
1-74ae544c-cd27-401c-9d6c-2f745a064a41,de_dust2,95c032df-440f-4075-b86d-d65549bf88c9,99c560e6-662d-4b0c-a48b-b232fa52cb88,n0xinho,18,16,6,56,3f571f29-6fc9-4e12-91b1-79a65b11b34c,0
1-74ae544c-cd27-401c-9d6c-2f745a064a41,de_dust2,95c032df-440f-4075-b86d-d65549bf88c9,d2d79f95-19d1-479b-82e9-97b88223f169,agb-_-,12,15,5,67,3f571f29-6fc9-4e12-91b1-79a65b11b34c,0
1-74ae544c-cd27-401c-9d6c-2f745a064a41,de_dust2,95c032df-440f-4075-b86d-d65549bf88c9,1acb8f8e-b15e-49c2-8a91-88bf299f0f99,santibest10,20,17,6,45,3f571f29-6fc9-4e12-91b1-79a65b11b34c,0
1-76a70a3d-8544-4ece-bdb5-e8d9f3e5d372,de_cache,f4f4de5d-7b4e-4693-8f0b-93c722ca780c,99c560e6-662d-4b0c-a48b-b232fa52cb88,n0xinho,18,19,7,56,44615c9c-7447-4269-a195-81177081cffe,0
1-76a70a3d-8544-4ece-bdb5-e8d9f3e5d372,de_cache,f4f4de5d-7b4e-4693-8f0b-93c722ca780c,a24967e1-bb38-4b2f-bb78-e118e613c0c7,gordotiverso,16,21,6,56,44615c9c-7447-4269-a195-81177081cffe,0
1-76a70a3d-8544-4ece-bdb5-e8d9f3e5d372,de_cache,f4f4de5d-7b4e-4693-8f0b-93c722ca780c,1acb8f8e-b15e-49c2-8a91-88bf299f0f99,santibest10,27,20,6,41,44615c9c-7447-4269-a195-81177081cffe,0
1-76a70a3d-8544-4ece-bdb5-e8d9f3e5d372,de_cache,f4f4de5d-7b4e-4693-8f0b-93c722ca780c,b10cd2ba-fdaf-46bf-aba0-7397bde298e9,flacotiverso,11,23,3,36,44615c9c-7447-4269-a195-81177081cffe,0
1-78182523-279e-49cb-88c1-64e13f8e5ed6,de_mirage,95c032df-440f-4075-b86d-d65549bf88c9,bc8c9779-1f8f-4017-9646-6701423c6ff9,frantarasco,15,17,8,60,95c032df-440f-4075-b86d-d65549bf88c9,1
1-78182523-279e-49cb-88c1-64e13f8e5ed6,de_mirage,95c032df-440f-4075-b86d-d65549bf88c9,a24967e1-bb38-4b2f-bb78-e118e613c0c7,gordotiverso,14,13,4,43,95c032df-440f-4075-b86d-d65549bf88c9,1
1-78182523-279e-49cb-88c1-64e13f8e5ed6,de_mirage,95c032df-440f-4075-b86d-d65549bf88c9,99c560e6-662d-4b0c-a48b-b232fa52cb88,n0xinho,19,9,4,37,95c032df-440f-4075-b86d-d65549bf88c9,1
1-78182523-279e-49cb-88c1-64e13f8e5ed6,de_mirage,95c032df-440f-4075-b86d-d65549bf88c9,1acb8f8e-b15e-49c2-8a91-88bf299f0f99,santibest10,19,16,3,53,95c032df-440f-4075-b86d-d65549bf88c9,1
1-78182523-279e-49cb-88c1-64e13f8e5ed6,de_mirage,95c032df-440f-4075-b86d-d65549bf88c9,b10cd2ba-fdaf-46bf-aba0-7397bde298e9,flacotiverso,14,15,5,21,95c032df-440f-4075-b86d-d65549bf88c9,1
1-787df509-1a44-4049-9324-4d7c0d451522,de_mirage,3498c717-1fed-4d44-ba24-f97bbec6f7ec,922e6ce2-7279-4771-93eb-d14c89041c76,monzooo,12,19,5,50,4dedc35d-df07-4c57-8b57-cd1b4c3aa602,0
1-787df509-1a44-4049-9324-4d7c0d451522,de_mirage,3498c717-1fed-4d44-ba24-f97bbec6f7ec,bc8c9779-1f8f-4017-9646-6701423c6ff9,frantarasco,21,17,8,48,4dedc35d-df07-4c57-8b57-cd1b4c3aa602,0
1-787df509-1a44-4049-9324-4d7c0d451522,de_mirage,3498c717-1fed-4d44-ba24-f97bbec6f7ec,b10cd2ba-fdaf-46bf-aba0-7397bde298e9,flacotiverso,17,18,5,41,4dedc35d-df07-4c57-8b57-cd1b4c3aa602,0
1-787df509-1a44-4049-9324-4d7c0d451522,de_mirage,3498c717-1fed-4d44-ba24-f97bbec6f7ec,d02c4268-5e5e-426c-9125-4a81d6ad4d7d,ELGERENTE,16,18,9,44,4dedc35d-df07-4c57-8b57-cd1b4c3aa602,0
1-79de7678-6ef4-48b1-95fe-883221e22495,de_mirage,4482a031-efdb-4c3a-899f-6e5c22310547,4482a031-efdb-4c3a-899f-6e5c22310547,santutu_,9,19,7,22,f6b6e913-8ec3-4697-8dae-ef5f40229e52,0
1-79de7678-6ef4-48b1-95fe-883221e22495,de_mirage,4482a031-efdb-4c3a-899f-6e5c22310547,a62e1894-7ac4-4d65-9c92-939ca4f0f200,Fakabot,13,20,7,69,f6b6e913-8ec3-4697-8dae-ef5f40229e52,0
1-79de7678-6ef4-48b1-95fe-883221e22495,de_mirage,4482a031-efdb-4c3a-899f-6e5c22310547,d2d79f95-19d1-479b-82e9-97b88223f169,agb-_-,16,21,4,62,f6b6e913-8ec3-4697-8dae-ef5f40229e52,0
1-79de7678-6ef4-48b1-95fe-883221e22495,de_mirage,4482a031-efdb-4c3a-899f-6e5c22310547,d02c4268-5e5e-426c-9125-4a81d6ad4d7d,ELGERENTE,15,19,3,53,f6b6e913-8ec3-4697-8dae-ef5f40229e52,0
1-7a4e2ec6-b9f4-4691-8c75-49760c6f71c5,de_nuke,da8434a9-6b6b-4ed8-bb15-40bc33259775,bc8c9779-1f8f-4017-9646-6701423c6ff9,frantarasco,39,36,7,18,da8434a9-6b6b-4ed8-bb15-40bc33259775,1
1-7a4e2ec6-b9f4-4691-8c75-49760c6f71c5,de_nuke,da8434a9-6b6b-4ed8-bb15-40bc33259775,1acb8f8e-b15e-49c2-8a91-88bf299f0f99,santibest10,42,32,9,48,da8434a9-6b6b-4ed8-bb15-40bc33259775,1
1-7a4e2ec6-b9f4-4691-8c75-49760c6f71c5,de_nuke,da8434a9-6b6b-4ed8-bb15-40bc33259775,a24967e1-bb38-4b2f-bb78-e118e613c0c7,gordotiverso,19,35,11,53,da8434a9-6b6b-4ed8-bb15-40bc33259775,1
1-7a4e2ec6-b9f4-4691-8c75-49760c6f71c5,de_nuke,da8434a9-6b6b-4ed8-bb15-40bc33259775,d2d79f95-19d1-479b-82e9-97b88223f169,agb-_-,40,37,8,30,da8434a9-6b6b-4ed8-bb15-40bc33259775,1
1-7a8b01dd-56e6-44b1-9b22-24d223f071c3,de_cache,48f76b55-4568-452d-bffa-c7074d4c0fcf,bc8c9779-1f8f-4017-9646-6701423c6ff9,frantarasco,13,19,5,23,5504fd14-9b2e-4c92-9fbf-67fc88bcc532,0
1-7a8b01dd-56e6-44b1-9b22-24d223f071c3,de_cache,48f76b55-4568-452d-bffa-c7074d4c0fcf,99c560e6-662d-4b0c-a48b-b232fa52cb88,n0xinho,15,18,4,33,5504fd14-9b2e-4c92-9fbf-67fc88bcc532,0
1-7a8b01dd-56e6-44b1-9b22-24d223f071c3,de_cache,48f76b55-4568-452d-bffa-c7074d4c0fcf,d2d79f95-19d1-479b-82e9-97b88223f169,agb-_-,20,17,5,50,5504fd14-9b2e-4c92-9fbf-67fc88bcc532,0
1-7a8b01dd-56e6-44b1-9b22-24d223f071c3,de_cache,48f76b55-4568-452d-bffa-c7074d4c0fcf,1acb8f8e-b15e-49c2-8a91-88bf299f0f99,santibest10,15,19,3,60,5504fd14-9b2e-4c92-9fbf-67fc88bcc532,0
1-7a8b01dd-56e6-44b1-9b22-24d223f071c3,de_cache,48f76b55-4568-452d-bffa-c7074d4c0fcf,b10cd2ba-fdaf-46bf-aba0-7397bde298e9,flacotiverso,11,20,4,64,5504fd14-9b2e-4c92-9fbf-67fc88bcc532,0
1-7b0f30d5-2999-4bf5-9f30-4b818979ea5f,de_mirage,c805a42f-5a8f-4533-bc9e-68836e4312d2,1acb8f8e-b15e-49c2-8a91-88bf299f0f99,santibest10,20,17,4,35,df1021aa-5684-49c3-a363-2c508fabfa0d,0
1-7b0f30d5-2999-4bf5-9f30-4b818979ea5f,de_mirage,c805a42f-5a8f-4533-bc9e-68836e4312d2,bc8c9779-1f8f-4017-9646-6701423c6ff9,frantarasco,10,21,8,40,df1021aa-5684-49c3-a363-2c508fabfa0d,0
1-7b0f30d5-2999-4bf5-9f30-4b818979ea5f,de_mirage,c805a42f-5a8f-4533-bc9e-68836e4312d2,d2d79f95-19d1-479b-82e9-97b88223f169,agb-_-,22,19,6,41,df1021aa-5684-49c3-a363-2c508fabfa0d,0
1-7d066c74-b3dc-4ebb-9198-38bf0b2e29d3,de_mirage,a24967e1-bb38-4b2f-bb78-e118e613c0c7,a24967e1-bb38-4b2f-bb78-e118e613c0c7,gordotiverso,28,24,5,36,a24967e1-bb38-4b2f-bb78-e118e613c0c7,1
1-7d066c74-b3dc-4ebb-9198-38bf0b2e29d3,de_mirage,a24967e1-bb38-4b2f-bb78-e118e613c0c7,a62e1894-7ac4-4d65-9c92-939ca4f0f200,Fakabot,24,29,6,50,a24967e1-bb38-4b2f-bb78-e118e613c0c7,1
1-7d066c74-b3dc-4ebb-9198-38bf0b2e29d3,de_mirage,a24967e1-bb38-4b2f-bb78-e118e613c0c7,bc8c9779-1f8f-4017-9646-6701423c6ff9,frantarasco,26,27,6,54,a24967e1-bb38-4b2f-bb78-e118e613c0c7,1
1-7d2e4c97-2a54-4aa5-98fa-68a66e69f8cf,de_inferno,3e325c8a-f1e3-4c1e-84ff-5a8c4acca8c0,a24967e1-bb38-4b2f-bb78-e118e613c0c7,gordotiverso,10,18,2,40,5abc56a9-ae4e-4ff4-8d61-7887ead5c428,0
1-7d2e4c97-2a54-4aa5-98fa-68a66e69f8cf,de_inferno,3e325c8a-f1e3-4c1e-84ff-5a8c4acca8c0,b10cd2ba-fdaf-46bf-aba0-7397bde298e9,flacotiverso,17,14,5,41,5abc56a9-ae4e-4ff4-8d61-7887ead5c428,0
1-7d6b1e8c-e93c-4d53-ad99-450bb06e60fc,de_mirage,bc8c9779-1f8f-4017-9646-6701423c6ff9,bc8c9779-1f8f-4017-9646-6701423c6ff9,frantarasco,19,15,10,42,eb65a54e-ff41-4e58-8572-cce40071a4ed,0
1-7d6b1e8c-e93c-4d53-ad99-450bb06e60fc,de_mirage,bc8c9779-1f8f-4017-9646-6701423c6ff9,d2d79f95-19d1-479b-82e9-97b88223f169,agb-_-,27,17,3,63,eb65a54e-ff41-4e58-8572-cce40071a4ed,0
1-7d6b1e8c-e93c-4d53-ad99-450bb06e60fc,de_mirage,bc8c9779-1f8f-4017-9646-6701423c6ff9,b10cd2ba-fdaf-46bf-aba0-7397bde298e9,flacotiverso,12,19,2,58,eb65a54e-ff41-4e58-8572-cce40071a4ed,0
1-7d6b1e8c-e93c-4d53-ad99-450bb06e60fc,de_mirage,bc8c9779-1f8f-4017-9646-6701423c6ff9,d02c4268-5e5e-426c-9125-4a81d6ad4d7d,ELGERENTE,13,18,6,38,eb65a54e-ff41-4e58-8572-cce40071a4ed,0
1-7d884da0-67f1-4991-b6bc-051be2de49fc,de_nuke,bebbc32c-e34e-4b3d-a72e-d2a071cbb278,a62e1894-7ac4-4d65-9c92-939ca4f0f200,Fakabot,11,12,10,36,bebbc32c-e34e-4b3d-a72e-d2a071cbb278,1
1-7d884da0-67f1-4991-b6bc-051be2de49fc,de_nuke,bebbc32c-e34e-4b3d-a72e-d2a071cbb278,922e6ce2-7279-4771-93eb-d14c89041c76,monzooo,12,14,3,58,bebbc32c-e34e-4b3d-a72e-d2a071cbb278,1
1-7d884da0-67f1-4991-b6bc-051be2de49fc,de_nuke,bebbc32c-e34e-4b3d-a72e-d2a071cbb278,bc8c9779-1f8f-4017-9646-6701423c6ff9,frantarasco,22,13,3,50,bebbc32c-e34e-4b3d-a72e-d2a071cbb278,1
1-7d884da0-67f1-4991-b6bc-051be2de49fc,de_nuke,bebbc32c-e34e-4b3d-a72e-d2a071cbb278,b10cd2ba-fdaf-46bf-aba0-7397bde298e9,flacotiverso,14,11,3,71,bebbc32c-e34e-4b3d-a72e-d2a071cbb278,1
1-7d884da0-67f1-4991-b6bc-051be2de49fc,de_nuke,bebbc32c-e34e-4b3d-a72e-d2a071cbb278,d02c4268-5e5e-426c-9125-4a81d6ad4d7d,ELGERENTE,18,12,6,39,bebbc32c-e34e-4b3d-a72e-d2a071cbb278,1
1-7e20ed80-ca7a-4ef6-91ed-878b71e074da,de_mirage,ba4b5bc6-ede7-4938-824d-d3f7227bc58b,1acb8f8e-b15e-49c2-8a91-88bf299f0f99,santibest10,11,8,3,27,ba4b5bc6-ede7-4938-824d-d3f7227bc58b,1
1-7e20ed80-ca7a-4ef6-91ed-878b71e074da,de_mirage,ba4b5bc6-ede7-4938-824d-d3f7227bc58b,99c560e6-662d-4b0c-a48b-b232fa52cb88,n0xinho,14,9,6,36,ba4b5bc6-ede7-4938-824d-d3f7227bc58b,1
1-7e2a6624-a594-42bb-af15-7af1c23a2c91,de_cache,bc8c9779-1f8f-4017-9646-6701423c6ff9,bc8c9779-1f8f-4017-9646-6701423c6ff9,frantarasco,15,13,5,60,bc8c9779-1f8f-4017-9646-6701423c6ff9,1
1-7e2a6624-a594-42bb-af15-7af1c23a2c91,de_cache,bc8c9779-1f8f-4017-9646-6701423c6ff9,d2d79f95-19d1-479b-82e9-97b88223f169,agb-_-,22,12,4,36,bc8c9779-1f8f-4017-9646-6701423c6ff9,1
1-7e2a6624-a594-42bb-af15-7af1c23a2c91,de_cache,bc8c9779-1f8f-4017-9646-6701423c6ff9,b10cd2ba-fdaf-46bf-aba0-7397bde298e9,flacotiverso,13,12,9,15,bc8c9779-1f8f-4017-9646-6701423c6ff9,1
1-7e2a6624-a594-42bb-af15-7af1c23a2c91,de_cache,bc8c9779-1f8f-4017-9646-6701423c6ff9,d02c4268-5e5e-426c-9125-4a81d6ad4d7d,ELGERENTE,22,10,6,36,bc8c9779-1f8f-4017-9646-6701423c6ff9,1
1-81c39b85-29dd-43a1-8c2b-8ea3effde13c,de_dust2,52842e6c-b513-4c72-b1ca-dfae50fb382d,a24967e1-bb38-4b2f-bb78-e118e613c0c7,gordotiverso,16,18,5,38,52842e6c-b513-4c72-b1ca-dfae50fb382d,1
1-81c39b85-29dd-43a1-8c2b-8ea3effde13c,de_dust2,52842e6c-b513-4c72-b1ca-dfae50fb382d,b10cd2ba-fdaf-46bf-aba0-7397bde298e9,flacotiverso,15,22,11,47,52842e6c-b513-4c72-b1ca-dfae50fb382d,1
1-823511fc-991d-412e-85c7-28440eba8447,de_mirage,bc8c9779-1f8f-4017-9646-6701423c6ff9,bc8c9779-1f8f-4017-9646-6701423c6ff9,frantarasco,15,8,6,33,bc8c9779-1f8f-4017-9646-6701423c6ff9,1
1-823511fc-991d-412e-85c7-28440eba8447,de_mirage,bc8c9779-1f8f-4017-9646-6701423c6ff9,d2d79f95-19d1-479b-82e9-97b88223f169,agb-_-,18,3,2,22,bc8c9779-1f8f-4017-9646-6701423c6ff9,1
1-823511fc-991d-412e-85c7-28440eba8447,de_mirage,bc8c9779-1f8f-4017-9646-6701423c6ff9,b10cd2ba-fdaf-46bf-aba0-7397bde298e9,flacotiverso,14,5,4,50,bc8c9779-1f8f-4017-9646-6701423c6ff9,1
1-823511fc-991d-412e-85c7-28440eba8447,de_mirage,bc8c9779-1f8f-4017-9646-6701423c6ff9,49a74302-be88-4ac5-9a6c-f0c7864e6b2d,hhmero,14,4,2,43,bc8c9779-1f8f-4017-9646-6701423c6ff9,1
1-8290cc35-b6d7-443d-81ca-e59b785d531f,de_mirage,4bbf659c-a9c2-4a63-90c0-421d12bb99f1,99c560e6-662d-4b0c-a48b-b232fa52cb88,n0xinho,7,13,1,57,22556981-bf7d-4d5a-a50f-c92aa4623093,0
1-8290cc35-b6d7-443d-81ca-e59b785d531f,de_mirage,4bbf659c-a9c2-4a63-90c0-421d12bb99f1,bc8c9779-1f8f-4017-9646-6701423c6ff9,frantarasco,9,16,1,44,22556981-bf7d-4d5a-a50f-c92aa4623093,0
1-8290cc35-b6d7-443d-81ca-e59b785d531f,de_mirage,4bbf659c-a9c2-4a63-90c0-421d12bb99f1,d2d79f95-19d1-479b-82e9-97b88223f169,agb-_-,10,15,8,80,22556981-bf7d-4d5a-a50f-c92aa4623093,0
1-8290cc35-b6d7-443d-81ca-e59b785d531f,de_mirage,4bbf659c-a9c2-4a63-90c0-421d12bb99f1,1acb8f8e-b15e-49c2-8a91-88bf299f0f99,santibest10,11,14,1,73,22556981-bf7d-4d5a-a50f-c92aa4623093,0
1-8290cc35-b6d7-443d-81ca-e59b785d531f,de_mirage,4bbf659c-a9c2-4a63-90c0-421d12bb99f1,b10cd2ba-fdaf-46bf-aba0-7397bde298e9,flacotiverso,11,17,4,64,22556981-bf7d-4d5a-a50f-c92aa4623093,0
1-82c2eb98-913d-478d-b522-67bbcb768e6c,de_mirage,99c560e6-662d-4b0c-a48b-b232fa52cb88,99c560e6-662d-4b0c-a48b-b232fa52cb88,n0xinho,20,17,8,25,99c560e6-662d-4b0c-a48b-b232fa52cb88,1
1-82c2eb98-913d-478d-b522-67bbcb768e6c,de_mirage,99c560e6-662d-4b0c-a48b-b232fa52cb88,3b3b0662-0a3a-418c-9734-2f2051b049fc,polski-,18,16,5,44,99c560e6-662d-4b0c-a48b-b232fa52cb88,1
1-82c2eb98-913d-478d-b522-67bbcb768e6c,de_mirage,99c560e6-662d-4b0c-a48b-b232fa52cb88,b10cd2ba-fdaf-46bf-aba0-7397bde298e9,flacotiverso,11,15,5,18,99c560e6-662d-4b0c-a48b-b232fa52cb88,1
1-82c2eb98-913d-478d-b522-67bbcb768e6c,de_mirage,99c560e6-662d-4b0c-a48b-b232fa52cb88,d02c4268-5e5e-426c-9125-4a81d6ad4d7d,ELGERENTE,14,13,7,43,99c560e6-662d-4b0c-a48b-b232fa52cb88,1
1-831ec6b1-ebc5-4f47-99d2-3c61497dc6cc,de_mirage,70c19fb6-21a4-4254-abd3-077fa1eec03c,1acb8f8e-b15e-49c2-8a91-88bf299f0f99,santibest10,22,7,3,32,70c19fb6-21a4-4254-abd3-077fa1eec03c,1
1-831ec6b1-ebc5-4f47-99d2-3c61497dc6cc,de_mirage,70c19fb6-21a4-4254-abd3-077fa1eec03c,3b3b0662-0a3a-418c-9734-2f2051b049fc,polski-,17,8,3,59,70c19fb6-21a4-4254-abd3-077fa1eec03c,1
1-83e4b310-485b-443d-9d0b-fbcdc142db67,de_dust2,bc8c9779-1f8f-4017-9646-6701423c6ff9,bc8c9779-1f8f-4017-9646-6701423c6ff9,frantarasco,29,9,3,62,bc8c9779-1f8f-4017-9646-6701423c6ff9,1
1-83e4b310-485b-443d-9d0b-fbcdc142db67,de_dust2,bc8c9779-1f8f-4017-9646-6701423c6ff9,a24967e1-bb38-4b2f-bb78-e118e613c0c7,gordotiverso,20,12,8,50,bc8c9779-1f8f-4017-9646-6701423c6ff9,1
1-83e4b310-485b-443d-9d0b-fbcdc142db67,de_dust2,bc8c9779-1f8f-4017-9646-6701423c6ff9,4482a031-efdb-4c3a-899f-6e5c22310547,santutu_,9,13,11,67,bc8c9779-1f8f-4017-9646-6701423c6ff9,1
1-83e4b310-485b-443d-9d0b-fbcdc142db67,de_dust2,bc8c9779-1f8f-4017-9646-6701423c6ff9,b10cd2ba-fdaf-46bf-aba0-7397bde298e9,flacotiverso,20,9,3,60,bc8c9779-1f8f-4017-9646-6701423c6ff9,1
1-8406ad9b-5820-4a44-a31f-fed599c4d9df,de_nuke,e88590bf-b974-4b06-bc0d-6beb75a39ab3,922e6ce2-7279-4771-93eb-d14c89041c76,monzooo,11,22,4,55,5d3a878b-cf3a-40c2-8e13-550d2d1f74ef,0
1-8406ad9b-5820-4a44-a31f-fed599c4d9df,de_nuke,e88590bf-b974-4b06-bc0d-6beb75a39ab3,b10cd2ba-fdaf-46bf-aba0-7397bde298e9,flacotiverso,10,18,5,40,5d3a878b-cf3a-40c2-8e13-550d2d1f74ef,0
1-8648f2a1-8b1c-4a4a-84e2-15e0168208d1,de_dust2,e4ff793f-1aed-4c77-aa57-da0b35bafb65,1acb8f8e-b15e-49c2-8a91-88bf299f0f99,santibest10,24,10,5,42,e4ff793f-1aed-4c77-aa57-da0b35bafb65,1
1-8648f2a1-8b1c-4a4a-84e2-15e0168208d1,de_dust2,e4ff793f-1aed-4c77-aa57-da0b35bafb65,a24967e1-bb38-4b2f-bb78-e118e613c0c7,gordotiverso,9,12,7,67,e4ff793f-1aed-4c77-aa57-da0b35bafb65,1
1-8648f2a1-8b1c-4a4a-84e2-15e0168208d1,de_dust2,e4ff793f-1aed-4c77-aa57-da0b35bafb65,99c560e6-662d-4b0c-a48b-b232fa52cb88,n0xinho,19,9,3,42,e4ff793f-1aed-4c77-aa57-da0b35bafb65,1
1-8648f2a1-8b1c-4a4a-84e2-15e0168208d1,de_dust2,e4ff793f-1aed-4c77-aa57-da0b35bafb65,d2d79f95-19d1-479b-82e9-97b88223f169,agb-_-,13,10,2,23,e4ff793f-1aed-4c77-aa57-da0b35bafb65,1
1-87425689-70da-472c-b8a7-def88732a9a0,de_mirage,ad3d1390-9edf-4170-9f42-e39e4ac2e217,1acb8f8e-b15e-49c2-8a91-88bf299f0f99,santibest10,20,17,4,20,ad3d1390-9edf-4170-9f42-e39e4ac2e217,1
1-87425689-70da-472c-b8a7-def88732a9a0,de_mirage,ad3d1390-9edf-4170-9f42-e39e4ac2e217,3b3b0662-0a3a-418c-9734-2f2051b049fc,polski-,27,15,7,56,ad3d1390-9edf-4170-9f42-e39e4ac2e217,1
1-87425689-70da-472c-b8a7-def88732a9a0,de_mirage,ad3d1390-9edf-4170-9f42-e39e4ac2e217,99c560e6-662d-4b0c-a48b-b232fa52cb88,n0xinho,12,18,10,42,ad3d1390-9edf-4170-9f42-e39e4ac2e217,1
1-87425689-70da-472c-b8a7-def88732a9a0,de_mirage,ad3d1390-9edf-4170-9f42-e39e4ac2e217,b10cd2ba-fdaf-46bf-aba0-7397bde298e9,flacotiverso,22,15,5,55,ad3d1390-9edf-4170-9f42-e39e4ac2e217,1
1-87425689-70da-472c-b8a7-def88732a9a0,de_mirage,ad3d1390-9edf-4170-9f42-e39e4ac2e217,d02c4268-5e5e-426c-9125-4a81d6ad4d7d,ELGERENTE,10,17,6,50,ad3d1390-9edf-4170-9f42-e39e4ac2e217,1
1-8a25d746-4b8a-4c02-8781-b8f0480c9c4d,de_dust2,5e82f85e-2d89-4100-b657-b4b69065a311,3b3b0662-0a3a-418c-9734-2f2051b049fc,polski-,18,11,5,11,5e82f85e-2d89-4100-b657-b4b69065a311,1
1-8a25d746-4b8a-4c02-8781-b8f0480c9c4d,de_dust2,5e82f85e-2d89-4100-b657-b4b69065a311,1acb8f8e-b15e-49c2-8a91-88bf299f0f99,santibest10,8,19,4,50,5e82f85e-2d89-4100-b657-b4b69065a311,1
1-8aec2e85-e45f-46d5-a8de-f651f3bf6751,de_cache,3b3b0662-0a3a-418c-9734-2f2051b049fc,3b3b0662-0a3a-418c-9734-2f2051b049fc,polski-,13,16,3,54,07c8c5ef-1805-4676-bacd-c78b29af4590,0
1-8aec2e85-e45f-46d5-a8de-f651f3bf6751,de_cache,3b3b0662-0a3a-418c-9734-2f2051b049fc,99c560e6-662d-4b0c-a48b-b232fa52cb88,n0xinho,11,17,6,55,07c8c5ef-1805-4676-bacd-c78b29af4590,0
1-8b871876-c95a-4a2b-9104-456d3ac81aa4,de_overpass,e88590bf-b974-4b06-bc0d-6beb75a39ab3,922e6ce2-7279-4771-93eb-d14c89041c76,monzooo,16,18,6,38,e88590bf-b974-4b06-bc0d-6beb75a39ab3,1
1-8b871876-c95a-4a2b-9104-456d3ac81aa4,de_overpass,e88590bf-b974-4b06-bc0d-6beb75a39ab3,b10cd2ba-fdaf-46bf-aba0-7397bde298e9,flacotiverso,14,19,5,43,e88590bf-b974-4b06-bc0d-6beb75a39ab3,1
1-8b98e2cb-a40e-4692-bc24-c76b957784f5,de_dust2,e4428d6f-3e6c-455f-a5b0-06d1935162ba,3b3b0662-0a3a-418c-9734-2f2051b049fc,polski-,35,14,10,57,e4428d6f-3e6c-455f-a5b0-06d1935162ba,1
1-8b98e2cb-a40e-4692-bc24-c76b957784f5,de_dust2,e4428d6f-3e6c-455f-a5b0-06d1935162ba,d2d79f95-19d1-479b-82e9-97b88223f169,agb-_-,7,23,9,14,e4428d6f-3e6c-455f-a5b0-06d1935162ba,1
1-8be8be69-7e66-46c3-bb73-ae0e5cff36c3,de_nuke,a46e1250-820c-4359-a314-2c1b9d23f8fd,d2d79f95-19d1-479b-82e9-97b88223f169,agb-_-,13,4,4,46,a46e1250-820c-4359-a314-2c1b9d23f8fd,1
1-8be8be69-7e66-46c3-bb73-ae0e5cff36c3,de_nuke,a46e1250-820c-4359-a314-2c1b9d23f8fd,3b3b0662-0a3a-418c-9734-2f2051b049fc,polski-,20,3,2,45,a46e1250-820c-4359-a314-2c1b9d23f8fd,1
1-8c5d09e5-3f32-43ee-8679-113775071692,de_inferno,1acb8f8e-b15e-49c2-8a91-88bf299f0f99,1acb8f8e-b15e-49c2-8a91-88bf299f0f99,santibest10,15,10,8,67,1acb8f8e-b15e-49c2-8a91-88bf299f0f99,1
1-8c5d09e5-3f32-43ee-8679-113775071692,de_inferno,1acb8f8e-b15e-49c2-8a91-88bf299f0f99,d2d79f95-19d1-479b-82e9-97b88223f169,agb-_-,23,11,6,22,1acb8f8e-b15e-49c2-8a91-88bf299f0f99,1
1-8c5d09e5-3f32-43ee-8679-113775071692,de_inferno,1acb8f8e-b15e-49c2-8a91-88bf299f0f99,a24967e1-bb38-4b2f-bb78-e118e613c0c7,gordotiverso,16,10,3,44,1acb8f8e-b15e-49c2-8a91-88bf299f0f99,1
1-8c74be19-21d4-4c88-91bf-d0e7b3dc80e2,de_mirage,8f1c3eaa-32f1-4218-8ae8-00ba783141f9,99c560e6-662d-4b0c-a48b-b232fa52cb88,n0xinho,21,18,10,33,ad2f3476-0f5b-4cdd-bb61-c7cf842bb7f1,0
1-8c74be19-21d4-4c88-91bf-d0e7b3dc80e2,de_mirage,8f1c3eaa-32f1-4218-8ae8-00ba783141f9,a24967e1-bb38-4b2f-bb78-e118e613c0c7,gordotiverso,17,17,12,47,ad2f3476-0f5b-4cdd-bb61-c7cf842bb7f1,0
1-8c74be19-21d4-4c88-91bf-d0e7b3dc80e2,de_mirage,8f1c3eaa-32f1-4218-8ae8-00ba783141f9,bc8c9779-1f8f-4017-9646-6701423c6ff9,frantarasco,9,18,9,67,ad2f3476-0f5b-4cdd-bb61-c7cf842bb7f1,0
1-8c74be19-21d4-4c88-91bf-d0e7b3dc80e2,de_mirage,8f1c3eaa-32f1-4218-8ae8-00ba783141f9,b10cd2ba-fdaf-46bf-aba0-7397bde298e9,flacotiverso,15,21,4,40,ad2f3476-0f5b-4cdd-bb61-c7cf842bb7f1,0
1-8c74be19-21d4-4c88-91bf-d0e7b3dc80e2,de_mirage,8f1c3eaa-32f1-4218-8ae8-00ba783141f9,49a74302-be88-4ac5-9a6c-f0c7864e6b2d,hhmero,18,17,2,56,ad2f3476-0f5b-4cdd-bb61-c7cf842bb7f1,0
1-8c936505-d4a2-4b89-a0f5-231cc804feca,de_nuke,5b3ba17d-e1db-43d1-8dc8-e2546f6ea5f4,3b3b0662-0a3a-418c-9734-2f2051b049fc,polski-,16,17,2,44,b02f2fa9-556b-4e4a-8043-5c8548362abe,0
1-8c936505-d4a2-4b89-a0f5-231cc804feca,de_nuke,5b3ba17d-e1db-43d1-8dc8-e2546f6ea5f4,d2d79f95-19d1-479b-82e9-97b88223f169,agb-_-,12,18,3,50,b02f2fa9-556b-4e4a-8043-5c8548362abe,0
1-8e5de1df-4266-4124-aa7e-ec1dfb320439,de_dust2,ac2588cd-a756-4ff0-81bd-33c495f3f6c2,4482a031-efdb-4c3a-899f-6e5c22310547,santutu_,7,16,4,43,e5b48860-2e45-4133-a168-b29e51250f11,0
1-8e5de1df-4266-4124-aa7e-ec1dfb320439,de_dust2,ac2588cd-a756-4ff0-81bd-33c495f3f6c2,a62e1894-7ac4-4d65-9c92-939ca4f0f200,Fakabot,17,15,6,47,e5b48860-2e45-4133-a168-b29e51250f11,0
1-8e5de1df-4266-4124-aa7e-ec1dfb320439,de_dust2,ac2588cd-a756-4ff0-81bd-33c495f3f6c2,bc8c9779-1f8f-4017-9646-6701423c6ff9,frantarasco,13,16,3,38,e5b48860-2e45-4133-a168-b29e51250f11,0
1-8e5de1df-4266-4124-aa7e-ec1dfb320439,de_dust2,ac2588cd-a756-4ff0-81bd-33c495f3f6c2,d02c4268-5e5e-426c-9125-4a81d6ad4d7d,ELGERENTE,12,18,6,33,e5b48860-2e45-4133-a168-b29e51250f11,0
1-8ee5fec7-6769-45df-ab54-ef9ec638d51b,de_mirage,a62e1894-7ac4-4d65-9c92-939ca4f0f200,a62e1894-7ac4-4d65-9c92-939ca4f0f200,Fakabot,16,17,3,38,640358b5-1df9-47e0-a6b1-2116afa9f893,0
1-8ee5fec7-6769-45df-ab54-ef9ec638d51b,de_mirage,a62e1894-7ac4-4d65-9c92-939ca4f0f200,bc8c9779-1f8f-4017-9646-6701423c6ff9,frantarasco,20,20,5,55,640358b5-1df9-47e0-a6b1-2116afa9f893,0
1-8ee5fec7-6769-45df-ab54-ef9ec638d51b,de_mirage,a62e1894-7ac4-4d65-9c92-939ca4f0f200,d2d79f95-19d1-479b-82e9-97b88223f169,agb-_-,23,18,8,57,640358b5-1df9-47e0-a6b1-2116afa9f893,0
1-8ee5fec7-6769-45df-ab54-ef9ec638d51b,de_mirage,a62e1894-7ac4-4d65-9c92-939ca4f0f200,b10cd2ba-fdaf-46bf-aba0-7397bde298e9,flacotiverso,16,21,7,44,640358b5-1df9-47e0-a6b1-2116afa9f893,0
1-8ef3cb1a-c336-4608-82bc-955acb95a22f,de_mirage,99c560e6-662d-4b0c-a48b-b232fa52cb88,99c560e6-662d-4b0c-a48b-b232fa52cb88,n0xinho,13,17,15,69,808645d3-2475-47bf-af8b-b58ba855d090,0
1-8ef3cb1a-c336-4608-82bc-955acb95a22f,de_mirage,99c560e6-662d-4b0c-a48b-b232fa52cb88,a62e1894-7ac4-4d65-9c92-939ca4f0f200,Fakabot,14,19,1,71,808645d3-2475-47bf-af8b-b58ba855d090,0
1-8fede02f-7ee2-4303-bfc9-564872dce163,de_inferno,3b7432cc-9267-4d22-8fb2-35a7aeb3dcfe,99c560e6-662d-4b0c-a48b-b232fa52cb88,n0xinho,0,2,0,0,688f1a40-253a-4fc9-a8da-0cbab99fc3d6,0
1-8fede02f-7ee2-4303-bfc9-564872dce163,de_inferno,3b7432cc-9267-4d22-8fb2-35a7aeb3dcfe,a24967e1-bb38-4b2f-bb78-e118e613c0c7,gordotiverso,1,3,0,0,688f1a40-253a-4fc9-a8da-0cbab99fc3d6,0
1-8fede02f-7ee2-4303-bfc9-564872dce163,de_inferno,3b7432cc-9267-4d22-8fb2-35a7aeb3dcfe,bc8c9779-1f8f-4017-9646-6701423c6ff9,frantarasco,1,4,1,0,688f1a40-253a-4fc9-a8da-0cbab99fc3d6,0
1-8fede02f-7ee2-4303-bfc9-564872dce163,de_inferno,3b7432cc-9267-4d22-8fb2-35a7aeb3dcfe,d2d79f95-19d1-479b-82e9-97b88223f169,agb-_-,0,4,1,0,688f1a40-253a-4fc9-a8da-0cbab99fc3d6,0
1-8fede02f-7ee2-4303-bfc9-564872dce163,de_inferno,3b7432cc-9267-4d22-8fb2-35a7aeb3dcfe,1acb8f8e-b15e-49c2-8a91-88bf299f0f99,santibest10,1,4,0,0,688f1a40-253a-4fc9-a8da-0cbab99fc3d6,0
1-8ff9d783-33df-42b4-b7c9-75ea1447fe86,de_inferno,8c45a29c-e509-4d0d-992e-0d8aeb2c40fb,1acb8f8e-b15e-49c2-8a91-88bf299f0f99,santibest10,21,15,10,29,8c45a29c-e509-4d0d-992e-0d8aeb2c40fb,1
1-8ff9d783-33df-42b4-b7c9-75ea1447fe86,de_inferno,8c45a29c-e509-4d0d-992e-0d8aeb2c40fb,a62e1894-7ac4-4d65-9c92-939ca4f0f200,Fakabot,15,17,4,60,8c45a29c-e509-4d0d-992e-0d8aeb2c40fb,1
1-8ff9d783-33df-42b4-b7c9-75ea1447fe86,de_inferno,8c45a29c-e509-4d0d-992e-0d8aeb2c40fb,3b3b0662-0a3a-418c-9734-2f2051b049fc,polski-,26,14,8,69,8c45a29c-e509-4d0d-992e-0d8aeb2c40fb,1
1-8ff9d783-33df-42b4-b7c9-75ea1447fe86,de_inferno,8c45a29c-e509-4d0d-992e-0d8aeb2c40fb,d2d79f95-19d1-479b-82e9-97b88223f169,agb-_-,13,17,6,69,8c45a29c-e509-4d0d-992e-0d8aeb2c40fb,1
1-8ff9d783-33df-42b4-b7c9-75ea1447fe86,de_inferno,8c45a29c-e509-4d0d-992e-0d8aeb2c40fb,b10cd2ba-fdaf-46bf-aba0-7397bde298e9,flacotiverso,14,16,4,29,8c45a29c-e509-4d0d-992e-0d8aeb2c40fb,1
1-90d449fd-e0d0-4e57-a8c1-69ee397531b4,de_inferno,4f5430aa-11d3-4b54-bfde-651f6443b5ee,bc8c9779-1f8f-4017-9646-6701423c6ff9,frantarasco,7,6,2,29,4f5430aa-11d3-4b54-bfde-651f6443b5ee,1
1-90d449fd-e0d0-4e57-a8c1-69ee397531b4,de_inferno,4f5430aa-11d3-4b54-bfde-651f6443b5ee,99c560e6-662d-4b0c-a48b-b232fa52cb88,n0xinho,14,7,5,36,4f5430aa-11d3-4b54-bfde-651f6443b5ee,1
1-910779e6-4489-40bc-9805-66ce13c9e847,de_dust2,30604b2c-745f-4517-81ba-5beab8c6f91c,bc8c9779-1f8f-4017-9646-6701423c6ff9,frantarasco,20,21,5,55,f0fb84f5-6607-4e0c-bba9-8122a54c8c67,0
1-910779e6-4489-40bc-9805-66ce13c9e847,de_dust2,30604b2c-745f-4517-81ba-5beab8c6f91c,a62e1894-7ac4-4d65-9c92-939ca4f0f200,Fakabot,16,21,11,50,f0fb84f5-6607-4e0c-bba9-8122a54c8c67,0
1-910779e6-4489-40bc-9805-66ce13c9e847,de_dust2,30604b2c-745f-4517-81ba-5beab8c6f91c,4482a031-efdb-4c3a-899f-6e5c22310547,santutu_,20,19,6,55,f0fb84f5-6607-4e0c-bba9-8122a54c8c67,0
1-91a28050-143a-4267-96d6-689d28837db5,de_dust2,d676598b-f82d-42ab-992d-2218dfa2f3be,a24967e1-bb38-4b2f-bb78-e118e613c0c7,gordotiverso,4,14,4,50,32c24cdf-2b8d-4d87-a989-a2e659273eb9,0
1-91a28050-143a-4267-96d6-689d28837db5,de_dust2,d676598b-f82d-42ab-992d-2218dfa2f3be,b10cd2ba-fdaf-46bf-aba0-7397bde298e9,flacotiverso,10,15,2,60,32c24cdf-2b8d-4d87-a989-a2e659273eb9,0
1-92c427ac-5a23-465b-89dc-67ba3b2ab7b3,de_mirage,114cab57-c622-4645-b2ae-6fe09efd2fe5,49a74302-be88-4ac5-9a6c-f0c7864e6b2d,hhmero,16,10,3,50,114cab57-c622-4645-b2ae-6fe09efd2fe5,1
1-92c427ac-5a23-465b-89dc-67ba3b2ab7b3,de_mirage,114cab57-c622-4645-b2ae-6fe09efd2fe5,b10cd2ba-fdaf-46bf-aba0-7397bde298e9,flacotiverso,9,10,2,56,114cab57-c622-4645-b2ae-6fe09efd2fe5,1
1-92efc8e8-9458-4332-b042-b35d089f0043,de_mirage,925d51db-0d42-4b26-866d-60004dcb097d,1acb8f8e-b15e-49c2-8a91-88bf299f0f99,santibest10,31,19,9,29,925d51db-0d42-4b26-866d-60004dcb097d,1
1-92efc8e8-9458-4332-b042-b35d089f0043,de_mirage,925d51db-0d42-4b26-866d-60004dcb097d,b10cd2ba-fdaf-46bf-aba0-7397bde298e9,flacotiverso,20,21,5,60,925d51db-0d42-4b26-866d-60004dcb097d,1
1-935fcd28-654d-4fa7-a8df-f2e8d46db1c2,de_dust2,0d7b92b0-f89f-4809-bdac-565f617dcb4f,1acb8f8e-b15e-49c2-8a91-88bf299f0f99,santibest10,18,8,5,50,0d7b92b0-f89f-4809-bdac-565f617dcb4f,1
1-935fcd28-654d-4fa7-a8df-f2e8d46db1c2,de_dust2,0d7b92b0-f89f-4809-bdac-565f617dcb4f,a24967e1-bb38-4b2f-bb78-e118e613c0c7,gordotiverso,18,11,2,50,0d7b92b0-f89f-4809-bdac-565f617dcb4f,1
1-935fcd28-654d-4fa7-a8df-f2e8d46db1c2,de_dust2,0d7b92b0-f89f-4809-bdac-565f617dcb4f,bc8c9779-1f8f-4017-9646-6701423c6ff9,frantarasco,10,10,5,30,0d7b92b0-f89f-4809-bdac-565f617dcb4f,1
1-935fcd28-654d-4fa7-a8df-f2e8d46db1c2,de_dust2,0d7b92b0-f89f-4809-bdac-565f617dcb4f,d2d79f95-19d1-479b-82e9-97b88223f169,agb-_-,19,8,3,53,0d7b92b0-f89f-4809-bdac-565f617dcb4f,1
1-935fcd28-654d-4fa7-a8df-f2e8d46db1c2,de_dust2,0d7b92b0-f89f-4809-bdac-565f617dcb4f,b10cd2ba-fdaf-46bf-aba0-7397bde298e9,flacotiverso,13,13,4,54,0d7b92b0-f89f-4809-bdac-565f617dcb4f,1
1-952a25fc-8e57-4ce9-8ade-3f30e23f9674,de_dust2,88060fff-1930-403e-9702-5d0acf6258a9,99c560e6-662d-4b0c-a48b-b232fa52cb88,n0xinho,21,10,4,48,e5db6d70-9b0f-492c-805a-d6c8d6c5e728,0
1-952a25fc-8e57-4ce9-8ade-3f30e23f9674,de_dust2,88060fff-1930-403e-9702-5d0acf6258a9,a24967e1-bb38-4b2f-bb78-e118e613c0c7,gordotiverso,4,17,7,0,e5db6d70-9b0f-492c-805a-d6c8d6c5e728,0
1-952a25fc-8e57-4ce9-8ade-3f30e23f9674,de_dust2,88060fff-1930-403e-9702-5d0acf6258a9,bc8c9779-1f8f-4017-9646-6701423c6ff9,frantarasco,12,17,3,83,e5db6d70-9b0f-492c-805a-d6c8d6c5e728,0
1-952a25fc-8e57-4ce9-8ade-3f30e23f9674,de_dust2,88060fff-1930-403e-9702-5d0acf6258a9,b10cd2ba-fdaf-46bf-aba0-7397bde298e9,flacotiverso,8,12,4,25,e5db6d70-9b0f-492c-805a-d6c8d6c5e728,0
1-95dae9e6-087e-4a4b-89c4-098c4e38681b,de_anubis,a46e1250-820c-4359-a314-2c1b9d23f8fd,d2d79f95-19d1-479b-82e9-97b88223f169,agb-_-,13,10,5,46,a46e1250-820c-4359-a314-2c1b9d23f8fd,1
1-95dae9e6-087e-4a4b-89c4-098c4e38681b,de_anubis,a46e1250-820c-4359-a314-2c1b9d23f8fd,3b3b0662-0a3a-418c-9734-2f2051b049fc,polski-,18,9,6,28,a46e1250-820c-4359-a314-2c1b9d23f8fd,1
1-968a5f32-3b05-4148-a464-bda4b71568c7,de_mirage,b10cd2ba-fdaf-46bf-aba0-7397bde298e9,b10cd2ba-fdaf-46bf-aba0-7397bde298e9,flacotiverso,19,21,6,63,e9e292e2-b612-4877-93f4-ffa6dcb397fb,0
1-968a5f32-3b05-4148-a464-bda4b71568c7,de_mirage,b10cd2ba-fdaf-46bf-aba0-7397bde298e9,bc8c9779-1f8f-4017-9646-6701423c6ff9,frantarasco,23,22,4,65,e9e292e2-b612-4877-93f4-ffa6dcb397fb,0
1-968a5f32-3b05-4148-a464-bda4b71568c7,de_mirage,b10cd2ba-fdaf-46bf-aba0-7397bde298e9,49a74302-be88-4ac5-9a6c-f0c7864e6b2d,hhmero,19,22,8,26,e9e292e2-b612-4877-93f4-ffa6dcb397fb,0
1-99317f81-b2bf-43e7-9bf9-957f8a9643f1,de_mirage,0d7f5367-8302-42fe-89be-d752de4d6587,49a74302-be88-4ac5-9a6c-f0c7864e6b2d,hhmero,8,15,2,62,4c78a949-56c7-4618-ba08-1cc3dbf63d91,0
1-99317f81-b2bf-43e7-9bf9-957f8a9643f1,de_mirage,0d7f5367-8302-42fe-89be-d752de4d6587,a24967e1-bb38-4b2f-bb78-e118e613c0c7,gordotiverso,7,13,1,100,4c78a949-56c7-4618-ba08-1cc3dbf63d91,0
1-99317f81-b2bf-43e7-9bf9-957f8a9643f1,de_mirage,0d7f5367-8302-42fe-89be-d752de4d6587,99c560e6-662d-4b0c-a48b-b232fa52cb88,n0xinho,8,14,2,25,4c78a949-56c7-4618-ba08-1cc3dbf63d91,0
1-99317f81-b2bf-43e7-9bf9-957f8a9643f1,de_mirage,0d7f5367-8302-42fe-89be-d752de4d6587,b10cd2ba-fdaf-46bf-aba0-7397bde298e9,flacotiverso,7,14,2,29,4c78a949-56c7-4618-ba08-1cc3dbf63d91,0
1-99376136-1da9-4930-bf00-eb8695cf4de6,de_inferno,99c560e6-662d-4b0c-a48b-b232fa52cb88,99c560e6-662d-4b0c-a48b-b232fa52cb88,n0xinho,17,16,6,24,19b8ca7d-3570-404b-a5e8-971435ce260c,0
1-99376136-1da9-4930-bf00-eb8695cf4de6,de_inferno,99c560e6-662d-4b0c-a48b-b232fa52cb88,bc8c9779-1f8f-4017-9646-6701423c6ff9,frantarasco,10,16,2,30,19b8ca7d-3570-404b-a5e8-971435ce260c,0
1-9a4a39ea-5104-4cda-b83f-f266152277ee,de_ancient,b10cd2ba-fdaf-46bf-aba0-7397bde298e9,b10cd2ba-fdaf-46bf-aba0-7397bde298e9,flacotiverso,19,29,8,32,b10cd2ba-fdaf-46bf-aba0-7397bde298e9,1
1-9a4a39ea-5104-4cda-b83f-f266152277ee,de_ancient,b10cd2ba-fdaf-46bf-aba0-7397bde298e9,a24967e1-bb38-4b2f-bb78-e118e613c0c7,gordotiverso,32,25,6,38,b10cd2ba-fdaf-46bf-aba0-7397bde298e9,1
1-9dcdd306-7cbd-4bb2-b0ef-f827ee288607,de_dust2,ca614e88-96a3-425d-a627-c09eaa86b5da,d2d79f95-19d1-479b-82e9-97b88223f169,agb-_-,14,7,6,29,ca614e88-96a3-425d-a627-c09eaa86b5da,1
1-9dcdd306-7cbd-4bb2-b0ef-f827ee288607,de_dust2,ca614e88-96a3-425d-a627-c09eaa86b5da,b10cd2ba-fdaf-46bf-aba0-7397bde298e9,flacotiverso,15,5,3,47,ca614e88-96a3-425d-a627-c09eaa86b5da,1
1-9dcdd306-7cbd-4bb2-b0ef-f827ee288607,de_dust2,ca614e88-96a3-425d-a627-c09eaa86b5da,d02c4268-5e5e-426c-9125-4a81d6ad4d7d,ELGERENTE,11,6,1,55,ca614e88-96a3-425d-a627-c09eaa86b5da,1
1-9e45f708-d71d-489d-b61f-94e53e6872c6,de_dust2,a24967e1-bb38-4b2f-bb78-e118e613c0c7,a24967e1-bb38-4b2f-bb78-e118e613c0c7,gordotiverso,10,18,5,20,8993bf13-864d-4d55-bc85-af13a578bcff,0
1-9e45f708-d71d-489d-b61f-94e53e6872c6,de_dust2,a24967e1-bb38-4b2f-bb78-e118e613c0c7,99c560e6-662d-4b0c-a48b-b232fa52cb88,n0xinho,21,13,8,52,8993bf13-864d-4d55-bc85-af13a578bcff,0
1-9e45f708-d71d-489d-b61f-94e53e6872c6,de_dust2,a24967e1-bb38-4b2f-bb78-e118e613c0c7,b10cd2ba-fdaf-46bf-aba0-7397bde298e9,flacotiverso,12,16,7,8,8993bf13-864d-4d55-bc85-af13a578bcff,0
1-9e45f708-d71d-489d-b61f-94e53e6872c6,de_dust2,a24967e1-bb38-4b2f-bb78-e118e613c0c7,49a74302-be88-4ac5-9a6c-f0c7864e6b2d,hhmero,12,16,3,33,8993bf13-864d-4d55-bc85-af13a578bcff,0
1-9ef3e4b8-77cd-4888-a233-9c1bf8770fd8,de_dust2,c32a100c-928f-4e2b-9b22-4924e85f110e,a24967e1-bb38-4b2f-bb78-e118e613c0c7,gordotiverso,26,36,10,46,c32a100c-928f-4e2b-9b22-4924e85f110e,1
1-9ef3e4b8-77cd-4888-a233-9c1bf8770fd8,de_dust2,c32a100c-928f-4e2b-9b22-4924e85f110e,a62e1894-7ac4-4d65-9c92-939ca4f0f200,Fakabot,42,34,14,45,c32a100c-928f-4e2b-9b22-4924e85f110e,1
1-9ef3e4b8-77cd-4888-a233-9c1bf8770fd8,de_dust2,c32a100c-928f-4e2b-9b22-4924e85f110e,bc8c9779-1f8f-4017-9646-6701423c6ff9,frantarasco,27,38,13,56,c32a100c-928f-4e2b-9b22-4924e85f110e,1
1-9ef3e4b8-77cd-4888-a233-9c1bf8770fd8,de_dust2,c32a100c-928f-4e2b-9b22-4924e85f110e,99c560e6-662d-4b0c-a48b-b232fa52cb88,n0xinho,39,31,7,44,c32a100c-928f-4e2b-9b22-4924e85f110e,1
1-9ef3e4b8-77cd-4888-a233-9c1bf8770fd8,de_dust2,c32a100c-928f-4e2b-9b22-4924e85f110e,1acb8f8e-b15e-49c2-8a91-88bf299f0f99,santibest10,48,29,13,42,c32a100c-928f-4e2b-9b22-4924e85f110e,1
1-9f5cabdc-0e53-4d22-9b03-45b3c86475c3,de_mirage,eb1e7d59-c509-415e-a744-fdac289d1ff7,99c560e6-662d-4b0c-a48b-b232fa52cb88,n0xinho,16,15,3,50,2099aa99-5454-452e-82ed-6900de1f56b6,0
1-9f5cabdc-0e53-4d22-9b03-45b3c86475c3,de_mirage,eb1e7d59-c509-415e-a744-fdac289d1ff7,a62e1894-7ac4-4d65-9c92-939ca4f0f200,Fakabot,8,14,4,38,2099aa99-5454-452e-82ed-6900de1f56b6,0
1-9f5cabdc-0e53-4d22-9b03-45b3c86475c3,de_mirage,eb1e7d59-c509-415e-a744-fdac289d1ff7,1acb8f8e-b15e-49c2-8a91-88bf299f0f99,santibest10,13,13,2,54,2099aa99-5454-452e-82ed-6900de1f56b6,0
1-9fc17cdd-2505-4834-a416-e89e5f73b44a,de_dust2,bc8c9779-1f8f-4017-9646-6701423c6ff9,bc8c9779-1f8f-4017-9646-6701423c6ff9,frantarasco,11,10,4,27,bc8c9779-1f8f-4017-9646-6701423c6ff9,1
1-9fc17cdd-2505-4834-a416-e89e5f73b44a,de_dust2,bc8c9779-1f8f-4017-9646-6701423c6ff9,a62e1894-7ac4-4d65-9c92-939ca4f0f200,Fakabot,18,7,4,67,bc8c9779-1f8f-4017-9646-6701423c6ff9,1
1-9fc17cdd-2505-4834-a416-e89e5f73b44a,de_dust2,bc8c9779-1f8f-4017-9646-6701423c6ff9,b10cd2ba-fdaf-46bf-aba0-7397bde298e9,flacotiverso,18,9,1,61,bc8c9779-1f8f-4017-9646-6701423c6ff9,1
1-a0696c13-fc97-4afe-9dfa-0de8615b9414,de_ancient,4e1c8b54-7f7e-425c-8c78-0ed85d4270b5,a62e1894-7ac4-4d65-9c92-939ca4f0f200,Fakabot,18,19,9,33,4e1c8b54-7f7e-425c-8c78-0ed85d4270b5,1
1-a31e29e9-ed51-4fdf-89ab-7134a4c8f84f,de_mirage,a24967e1-bb38-4b2f-bb78-e118e613c0c7,a24967e1-bb38-4b2f-bb78-e118e613c0c7,gordotiverso,13,22,8,46,e67c74b6-7e5e-4a70-9eaf-43283d38cc48,0
1-a31e29e9-ed51-4fdf-89ab-7134a4c8f84f,de_mirage,a24967e1-bb38-4b2f-bb78-e118e613c0c7,a62e1894-7ac4-4d65-9c92-939ca4f0f200,Fakabot,16,17,8,19,e67c74b6-7e5e-4a70-9eaf-43283d38cc48,0
1-a31e29e9-ed51-4fdf-89ab-7134a4c8f84f,de_mirage,a24967e1-bb38-4b2f-bb78-e118e613c0c7,bc8c9779-1f8f-4017-9646-6701423c6ff9,frantarasco,33,19,4,36,e67c74b6-7e5e-4a70-9eaf-43283d38cc48,0
1-a3686eff-cd1f-431f-8ce1-294d1c8ab1bc,de_nuke,9c652186-6df2-4a1b-852c-2dc0219e1fd2,99c560e6-662d-4b0c-a48b-b232fa52cb88,n0xinho,19,22,3,42,4ef6dd86-6c92-4f36-9752-540c76e311e4,0
1-a3686eff-cd1f-431f-8ce1-294d1c8ab1bc,de_nuke,9c652186-6df2-4a1b-852c-2dc0219e1fd2,3b3b0662-0a3a-418c-9734-2f2051b049fc,polski-,29,19,12,55,4ef6dd86-6c92-4f36-9752-540c76e311e4,0
1-a3686eff-cd1f-431f-8ce1-294d1c8ab1bc,de_nuke,9c652186-6df2-4a1b-852c-2dc0219e1fd2,1acb8f8e-b15e-49c2-8a91-88bf299f0f99,santibest10,26,20,6,54,4ef6dd86-6c92-4f36-9752-540c76e311e4,0
1-a3686eff-cd1f-431f-8ce1-294d1c8ab1bc,de_nuke,9c652186-6df2-4a1b-852c-2dc0219e1fd2,b10cd2ba-fdaf-46bf-aba0-7397bde298e9,flacotiverso,18,24,7,56,4ef6dd86-6c92-4f36-9752-540c76e311e4,0
1-a3686eff-cd1f-431f-8ce1-294d1c8ab1bc,de_nuke,9c652186-6df2-4a1b-852c-2dc0219e1fd2,d02c4268-5e5e-426c-9125-4a81d6ad4d7d,ELGERENTE,11,22,8,64,4ef6dd86-6c92-4f36-9752-540c76e311e4,0
1-a4b40a22-bb8a-4916-9420-5912175e93b2,de_mirage,52842e6c-b513-4c72-b1ca-dfae50fb382d,a24967e1-bb38-4b2f-bb78-e118e613c0c7,gordotiverso,13,14,8,46,52842e6c-b513-4c72-b1ca-dfae50fb382d,1
1-a4b40a22-bb8a-4916-9420-5912175e93b2,de_mirage,52842e6c-b513-4c72-b1ca-dfae50fb382d,b10cd2ba-fdaf-46bf-aba0-7397bde298e9,flacotiverso,15,16,2,53,52842e6c-b513-4c72-b1ca-dfae50fb382d,1
1-a529683c-81c2-479f-ac3d-aa99a52e0032,de_mirage,23f18711-a3ac-4c0a-b057-ce3ff6506cab,bc8c9779-1f8f-4017-9646-6701423c6ff9,frantarasco,16,15,3,38,635b89c7-dbd6-4035-a6ab-b345b7a74694,0
1-a529683c-81c2-479f-ac3d-aa99a52e0032,de_mirage,23f18711-a3ac-4c0a-b057-ce3ff6506cab,d2d79f95-19d1-479b-82e9-97b88223f169,agb-_-,8,19,3,88,635b89c7-dbd6-4035-a6ab-b345b7a74694,0
1-a719d552-9333-4cf1-91db-e43e74883a2e,de_dust2,d0629912-ac9e-4c21-bfe4-b6b9922a0f68,d2d79f95-19d1-479b-82e9-97b88223f169,agb-_-,16,24,4,31,94ce12c9-ac90-4fe6-91f7-c635d0dd9d60,0
1-a719d552-9333-4cf1-91db-e43e74883a2e,de_dust2,d0629912-ac9e-4c21-bfe4-b6b9922a0f68,3b3b0662-0a3a-418c-9734-2f2051b049fc,polski-,32,20,10,44,94ce12c9-ac90-4fe6-91f7-c635d0dd9d60,0
1-a719d552-9333-4cf1-91db-e43e74883a2e,de_dust2,d0629912-ac9e-4c21-bfe4-b6b9922a0f68,bc8c9779-1f8f-4017-9646-6701423c6ff9,frantarasco,17,23,6,53,94ce12c9-ac90-4fe6-91f7-c635d0dd9d60,0
1-a719d552-9333-4cf1-91db-e43e74883a2e,de_dust2,d0629912-ac9e-4c21-bfe4-b6b9922a0f68,1acb8f8e-b15e-49c2-8a91-88bf299f0f99,santibest10,23,23,5,22,94ce12c9-ac90-4fe6-91f7-c635d0dd9d60,0
1-a8310356-bf04-4c4d-87e7-b36cf00f2dcb,de_mirage,1543c144-7f23-4658-be75-1d9705fa0696,bc8c9779-1f8f-4017-9646-6701423c6ff9,frantarasco,18,18,7,39,1543c144-7f23-4658-be75-1d9705fa0696,1
1-a8310356-bf04-4c4d-87e7-b36cf00f2dcb,de_mirage,1543c144-7f23-4658-be75-1d9705fa0696,a24967e1-bb38-4b2f-bb78-e118e613c0c7,gordotiverso,20,22,5,25,1543c144-7f23-4658-be75-1d9705fa0696,1
1-a8310356-bf04-4c4d-87e7-b36cf00f2dcb,de_mirage,1543c144-7f23-4658-be75-1d9705fa0696,922e6ce2-7279-4771-93eb-d14c89041c76,monzooo,30,25,9,53,1543c144-7f23-4658-be75-1d9705fa0696,1
1-a8310356-bf04-4c4d-87e7-b36cf00f2dcb,de_mirage,1543c144-7f23-4658-be75-1d9705fa0696,d2d79f95-19d1-479b-82e9-97b88223f169,agb-_-,28,20,5,68,1543c144-7f23-4658-be75-1d9705fa0696,1
1-a8310356-bf04-4c4d-87e7-b36cf00f2dcb,de_mirage,1543c144-7f23-4658-be75-1d9705fa0696,b10cd2ba-fdaf-46bf-aba0-7397bde298e9,flacotiverso,19,16,7,47,1543c144-7f23-4658-be75-1d9705fa0696,1
1-a93b30ef-2da5-4455-91b9-46a3387f8b9f,de_ancient,8c45a29c-e509-4d0d-992e-0d8aeb2c40fb,1acb8f8e-b15e-49c2-8a91-88bf299f0f99,santibest10,13,18,8,54,8c45a29c-e509-4d0d-992e-0d8aeb2c40fb,1
1-a93b30ef-2da5-4455-91b9-46a3387f8b9f,de_ancient,8c45a29c-e509-4d0d-992e-0d8aeb2c40fb,a24967e1-bb38-4b2f-bb78-e118e613c0c7,gordotiverso,13,17,6,31,8c45a29c-e509-4d0d-992e-0d8aeb2c40fb,1
1-a93b30ef-2da5-4455-91b9-46a3387f8b9f,de_ancient,8c45a29c-e509-4d0d-992e-0d8aeb2c40fb,3b3b0662-0a3a-418c-9734-2f2051b049fc,polski-,33,15,11,33,8c45a29c-e509-4d0d-992e-0d8aeb2c40fb,1
1-a93b30ef-2da5-4455-91b9-46a3387f8b9f,de_ancient,8c45a29c-e509-4d0d-992e-0d8aeb2c40fb,99c560e6-662d-4b0c-a48b-b232fa52cb88,n0xinho,16,16,6,50,8c45a29c-e509-4d0d-992e-0d8aeb2c40fb,1
1-a93b30ef-2da5-4455-91b9-46a3387f8b9f,de_ancient,8c45a29c-e509-4d0d-992e-0d8aeb2c40fb,b10cd2ba-fdaf-46bf-aba0-7397bde298e9,flacotiverso,10,18,2,80,8c45a29c-e509-4d0d-992e-0d8aeb2c40fb,1
1-a944a1eb-566f-4966-9477-7cf9a5feb891,de_ancient,b10cd2ba-fdaf-46bf-aba0-7397bde298e9,b10cd2ba-fdaf-46bf-aba0-7397bde298e9,flacotiverso,9,14,8,44,b10cd2ba-fdaf-46bf-aba0-7397bde298e9,1
1-a944a1eb-566f-4966-9477-7cf9a5feb891,de_ancient,b10cd2ba-fdaf-46bf-aba0-7397bde298e9,a24967e1-bb38-4b2f-bb78-e118e613c0c7,gordotiverso,16,13,4,31,b10cd2ba-fdaf-46bf-aba0-7397bde298e9,1
1-a95fb5cd-ccba-48a7-8753-b8c434e5b7d5,de_mirage,99453686-df51-49cf-b0fe-835e028970d3,b10cd2ba-fdaf-46bf-aba0-7397bde298e9,flacotiverso,8,13,3,38,5b31970a-fa6c-4037-b6ce-8d3adb2c4399,0
1-a95fb5cd-ccba-48a7-8753-b8c434e5b7d5,de_mirage,99453686-df51-49cf-b0fe-835e028970d3,d02c4268-5e5e-426c-9125-4a81d6ad4d7d,ELGERENTE,11,16,1,36,5b31970a-fa6c-4037-b6ce-8d3adb2c4399,0
1-ab125b6d-53f0-4b5d-8f04-f8049b13f1c0,de_nuke,8c45a29c-e509-4d0d-992e-0d8aeb2c40fb,1acb8f8e-b15e-49c2-8a91-88bf299f0f99,santibest10,14,19,4,57,88a6e745-9a7d-4a37-a6c6-b615a0bf9e57,0
1-ab125b6d-53f0-4b5d-8f04-f8049b13f1c0,de_nuke,8c45a29c-e509-4d0d-992e-0d8aeb2c40fb,a24967e1-bb38-4b2f-bb78-e118e613c0c7,gordotiverso,11,16,4,55,88a6e745-9a7d-4a37-a6c6-b615a0bf9e57,0
1-ab125b6d-53f0-4b5d-8f04-f8049b13f1c0,de_nuke,8c45a29c-e509-4d0d-992e-0d8aeb2c40fb,3b3b0662-0a3a-418c-9734-2f2051b049fc,polski-,18,15,5,44,88a6e745-9a7d-4a37-a6c6-b615a0bf9e57,0
1-ab125b6d-53f0-4b5d-8f04-f8049b13f1c0,de_nuke,8c45a29c-e509-4d0d-992e-0d8aeb2c40fb,99c560e6-662d-4b0c-a48b-b232fa52cb88,n0xinho,18,18,7,56,88a6e745-9a7d-4a37-a6c6-b615a0bf9e57,0
1-ab125b6d-53f0-4b5d-8f04-f8049b13f1c0,de_nuke,8c45a29c-e509-4d0d-992e-0d8aeb2c40fb,b10cd2ba-fdaf-46bf-aba0-7397bde298e9,flacotiverso,8,17,2,50,88a6e745-9a7d-4a37-a6c6-b615a0bf9e57,0
1-ab383e75-f1ed-402c-af63-a8fffbe43b81,de_mirage,e5d50d23-bc21-4ecc-8045-596f6d4b35b2,bc8c9779-1f8f-4017-9646-6701423c6ff9,frantarasco,18,15,4,44,e5d50d23-bc21-4ecc-8045-596f6d4b35b2,1
1-ab383e75-f1ed-402c-af63-a8fffbe43b81,de_mirage,e5d50d23-bc21-4ecc-8045-596f6d4b35b2,a24967e1-bb38-4b2f-bb78-e118e613c0c7,gordotiverso,10,19,9,70,e5d50d23-bc21-4ecc-8045-596f6d4b35b2,1
1-ab383e75-f1ed-402c-af63-a8fffbe43b81,de_mirage,e5d50d23-bc21-4ecc-8045-596f6d4b35b2,b10cd2ba-fdaf-46bf-aba0-7397bde298e9,flacotiverso,20,17,6,25,e5d50d23-bc21-4ecc-8045-596f6d4b35b2,1
1-aba1b7a6-5611-4d13-b40e-cb6917d14159,de_ancient,a4f181d0-c31a-42b9-a3ce-f5465a92f73f,d2d79f95-19d1-479b-82e9-97b88223f169,agb-_-,22,22,9,27,a4f181d0-c31a-42b9-a3ce-f5465a92f73f,1
1-aba1b7a6-5611-4d13-b40e-cb6917d14159,de_ancient,a4f181d0-c31a-42b9-a3ce-f5465a92f73f,3b3b0662-0a3a-418c-9734-2f2051b049fc,polski-,24,20,15,46,a4f181d0-c31a-42b9-a3ce-f5465a92f73f,1
1-aba1b7a6-5611-4d13-b40e-cb6917d14159,de_ancient,a4f181d0-c31a-42b9-a3ce-f5465a92f73f,99c560e6-662d-4b0c-a48b-b232fa52cb88,n0xinho,26,20,14,31,a4f181d0-c31a-42b9-a3ce-f5465a92f73f,1
1-aba1b7a6-5611-4d13-b40e-cb6917d14159,de_ancient,a4f181d0-c31a-42b9-a3ce-f5465a92f73f,b10cd2ba-fdaf-46bf-aba0-7397bde298e9,flacotiverso,26,20,7,50,a4f181d0-c31a-42b9-a3ce-f5465a92f73f,1
1-aba1b7a6-5611-4d13-b40e-cb6917d14159,de_ancient,a4f181d0-c31a-42b9-a3ce-f5465a92f73f,49a74302-be88-4ac5-9a6c-f0c7864e6b2d,hhmero,12,26,4,75,a4f181d0-c31a-42b9-a3ce-f5465a92f73f,1
1-ac75bdb7-bd3e-4a74-9e3e-8c83b7fe83c6,de_inferno,8f1c3eaa-32f1-4218-8ae8-00ba783141f9,99c560e6-662d-4b0c-a48b-b232fa52cb88,n0xinho,18,12,5,44,8f1c3eaa-32f1-4218-8ae8-00ba783141f9,1
1-ac75bdb7-bd3e-4a74-9e3e-8c83b7fe83c6,de_inferno,8f1c3eaa-32f1-4218-8ae8-00ba783141f9,a24967e1-bb38-4b2f-bb78-e118e613c0c7,gordotiverso,10,17,8,50,8f1c3eaa-32f1-4218-8ae8-00ba783141f9,1
1-ac75bdb7-bd3e-4a74-9e3e-8c83b7fe83c6,de_inferno,8f1c3eaa-32f1-4218-8ae8-00ba783141f9,bc8c9779-1f8f-4017-9646-6701423c6ff9,frantarasco,21,15,2,24,8f1c3eaa-32f1-4218-8ae8-00ba783141f9,1
1-ac75bdb7-bd3e-4a74-9e3e-8c83b7fe83c6,de_inferno,8f1c3eaa-32f1-4218-8ae8-00ba783141f9,b10cd2ba-fdaf-46bf-aba0-7397bde298e9,flacotiverso,19,14,4,63,8f1c3eaa-32f1-4218-8ae8-00ba783141f9,1
1-ac75bdb7-bd3e-4a74-9e3e-8c83b7fe83c6,de_inferno,8f1c3eaa-32f1-4218-8ae8-00ba783141f9,49a74302-be88-4ac5-9a6c-f0c7864e6b2d,hhmero,13,16,4,38,8f1c3eaa-32f1-4218-8ae8-00ba783141f9,1
1-ad40c6b0-376b-4377-b923-e27d407bae4b,de_nuke,99c560e6-662d-4b0c-a48b-b232fa52cb88,99c560e6-662d-4b0c-a48b-b232fa52cb88,n0xinho,21,16,4,57,6911893e-bdb4-4c3b-94fd-3a2c61ec3807,0
1-ad40c6b0-376b-4377-b923-e27d407bae4b,de_nuke,99c560e6-662d-4b0c-a48b-b232fa52cb88,a24967e1-bb38-4b2f-bb78-e118e613c0c7,gordotiverso,11,17,2,45,6911893e-bdb4-4c3b-94fd-3a2c61ec3807,0
1-ad40c6b0-376b-4377-b923-e27d407bae4b,de_nuke,99c560e6-662d-4b0c-a48b-b232fa52cb88,bc8c9779-1f8f-4017-9646-6701423c6ff9,frantarasco,13,15,1,46,6911893e-bdb4-4c3b-94fd-3a2c61ec3807,0
1-ad40c6b0-376b-4377-b923-e27d407bae4b,de_nuke,99c560e6-662d-4b0c-a48b-b232fa52cb88,b10cd2ba-fdaf-46bf-aba0-7397bde298e9,flacotiverso,14,18,3,64,6911893e-bdb4-4c3b-94fd-3a2c61ec3807,0
1-aec2f448-19d3-4515-96f6-7fc657f0bc1d,de_mirage,e94c6aab-e8f5-46cb-b728-63e45598ba55,a24967e1-bb38-4b2f-bb78-e118e613c0c7,gordotiverso,21,15,7,24,e94c6aab-e8f5-46cb-b728-63e45598ba55,1
1-aec2f448-19d3-4515-96f6-7fc657f0bc1d,de_mirage,e94c6aab-e8f5-46cb-b728-63e45598ba55,b10cd2ba-fdaf-46bf-aba0-7397bde298e9,flacotiverso,9,15,3,44,e94c6aab-e8f5-46cb-b728-63e45598ba55,1
1-afc2a01e-2656-46ee-afb5-c43dd63b57c7,de_ancient,4bbf659c-a9c2-4a63-90c0-421d12bb99f1,99c560e6-662d-4b0c-a48b-b232fa52cb88,n0xinho,11,19,12,36,a5c9be9a-8e6f-4536-b4c2-dd5f2838cd7d,0
1-afc2a01e-2656-46ee-afb5-c43dd63b57c7,de_ancient,4bbf659c-a9c2-4a63-90c0-421d12bb99f1,4482a031-efdb-4c3a-899f-6e5c22310547,santutu_,16,19,3,50,a5c9be9a-8e6f-4536-b4c2-dd5f2838cd7d,0
1-afc2a01e-2656-46ee-afb5-c43dd63b57c7,de_ancient,4bbf659c-a9c2-4a63-90c0-421d12bb99f1,bc8c9779-1f8f-4017-9646-6701423c6ff9,frantarasco,11,19,7,45,a5c9be9a-8e6f-4536-b4c2-dd5f2838cd7d,0
1-afc2a01e-2656-46ee-afb5-c43dd63b57c7,de_ancient,4bbf659c-a9c2-4a63-90c0-421d12bb99f1,d02c4268-5e5e-426c-9125-4a81d6ad4d7d,ELGERENTE,17,16,4,35,a5c9be9a-8e6f-4536-b4c2-dd5f2838cd7d,0
1-afc2a01e-2656-46ee-afb5-c43dd63b57c7,de_ancient,4bbf659c-a9c2-4a63-90c0-421d12bb99f1,49a74302-be88-4ac5-9a6c-f0c7864e6b2d,hhmero,16,18,0,31,a5c9be9a-8e6f-4536-b4c2-dd5f2838cd7d,0
1-b0208987-ef55-4b81-aee6-b7518aebe2fa,de_cache,99c560e6-662d-4b0c-a48b-b232fa52cb88,99c560e6-662d-4b0c-a48b-b232fa52cb88,n0xinho,12,6,5,67,99c560e6-662d-4b0c-a48b-b232fa52cb88,1
1-b0208987-ef55-4b81-aee6-b7518aebe2fa,de_cache,99c560e6-662d-4b0c-a48b-b232fa52cb88,3b3b0662-0a3a-418c-9734-2f2051b049fc,polski-,15,6,9,33,99c560e6-662d-4b0c-a48b-b232fa52cb88,1
1-b0208987-ef55-4b81-aee6-b7518aebe2fa,de_cache,99c560e6-662d-4b0c-a48b-b232fa52cb88,b10cd2ba-fdaf-46bf-aba0-7397bde298e9,flacotiverso,11,8,5,55,99c560e6-662d-4b0c-a48b-b232fa52cb88,1
1-b02c4ea1-053e-4775-a2b1-b3c6f8a283cc,de_dust2,74a1bb88-5dd0-47a7-bc15-6654978b8449,d2d79f95-19d1-479b-82e9-97b88223f169,agb-_-,8,17,8,25,9d57ff19-aef3-4c8d-a887-f4ceab3e48ac,0
1-b02c4ea1-053e-4775-a2b1-b3c6f8a283cc,de_dust2,74a1bb88-5dd0-47a7-bc15-6654978b8449,a24967e1-bb38-4b2f-bb78-e118e613c0c7,gordotiverso,15,16,3,53,9d57ff19-aef3-4c8d-a887-f4ceab3e48ac,0
1-b02c4ea1-053e-4775-a2b1-b3c6f8a283cc,de_dust2,74a1bb88-5dd0-47a7-bc15-6654978b8449,bc8c9779-1f8f-4017-9646-6701423c6ff9,frantarasco,10,15,2,60,9d57ff19-aef3-4c8d-a887-f4ceab3e48ac,0
1-b02c4ea1-053e-4775-a2b1-b3c6f8a283cc,de_dust2,74a1bb88-5dd0-47a7-bc15-6654978b8449,99c560e6-662d-4b0c-a48b-b232fa52cb88,n0xinho,19,17,7,42,9d57ff19-aef3-4c8d-a887-f4ceab3e48ac,0
1-b02c4ea1-053e-4775-a2b1-b3c6f8a283cc,de_dust2,74a1bb88-5dd0-47a7-bc15-6654978b8449,d02c4268-5e5e-426c-9125-4a81d6ad4d7d,ELGERENTE,15,16,3,67,9d57ff19-aef3-4c8d-a887-f4ceab3e48ac,0
1-b03a6839-f67b-4fa8-a5ce-946de801f56b,de_ancient,a73e01d3-7986-4d5a-960d-2ae464a4a80e,d2d79f95-19d1-479b-82e9-97b88223f169,agb-_-,28,17,4,50,a73e01d3-7986-4d5a-960d-2ae464a4a80e,1
1-b03a6839-f67b-4fa8-a5ce-946de801f56b,de_ancient,a73e01d3-7986-4d5a-960d-2ae464a4a80e,3b3b0662-0a3a-418c-9734-2f2051b049fc,polski-,19,15,6,42,a73e01d3-7986-4d5a-960d-2ae464a4a80e,1
1-b03a6839-f67b-4fa8-a5ce-946de801f56b,de_ancient,a73e01d3-7986-4d5a-960d-2ae464a4a80e,bc8c9779-1f8f-4017-9646-6701423c6ff9,frantarasco,10,18,2,50,a73e01d3-7986-4d5a-960d-2ae464a4a80e,1
1-b03a6839-f67b-4fa8-a5ce-946de801f56b,de_ancient,a73e01d3-7986-4d5a-960d-2ae464a4a80e,1acb8f8e-b15e-49c2-8a91-88bf299f0f99,santibest10,23,15,5,48,a73e01d3-7986-4d5a-960d-2ae464a4a80e,1
1-b063a147-45ba-45fe-aed5-9c15caab1be1,de_mirage,a62e1894-7ac4-4d65-9c92-939ca4f0f200,a62e1894-7ac4-4d65-9c92-939ca4f0f200,Fakabot,18,8,2,44,a62e1894-7ac4-4d65-9c92-939ca4f0f200,1
1-b063a147-45ba-45fe-aed5-9c15caab1be1,de_mirage,a62e1894-7ac4-4d65-9c92-939ca4f0f200,99c560e6-662d-4b0c-a48b-b232fa52cb88,n0xinho,21,8,9,43,a62e1894-7ac4-4d65-9c92-939ca4f0f200,1
1-b063a147-45ba-45fe-aed5-9c15caab1be1,de_mirage,a62e1894-7ac4-4d65-9c92-939ca4f0f200,d02c4268-5e5e-426c-9125-4a81d6ad4d7d,ELGERENTE,11,9,3,45,a62e1894-7ac4-4d65-9c92-939ca4f0f200,1
1-b0e6ff9e-7224-40b1-be99-8adf031d539b,de_anubis,0b78c3d1-cff9-4f1d-8d77-9adbbc2c452e,bc8c9779-1f8f-4017-9646-6701423c6ff9,frantarasco,16,21,7,31,0b78c3d1-cff9-4f1d-8d77-9adbbc2c452e,1
1-b0e6ff9e-7224-40b1-be99-8adf031d539b,de_anubis,0b78c3d1-cff9-4f1d-8d77-9adbbc2c452e,a62e1894-7ac4-4d65-9c92-939ca4f0f200,Fakabot,13,19,10,46,0b78c3d1-cff9-4f1d-8d77-9adbbc2c452e,1
1-b0e6ff9e-7224-40b1-be99-8adf031d539b,de_anubis,0b78c3d1-cff9-4f1d-8d77-9adbbc2c452e,d2d79f95-19d1-479b-82e9-97b88223f169,agb-_-,12,17,5,58,0b78c3d1-cff9-4f1d-8d77-9adbbc2c452e,1
1-b2b41345-f2e7-4d04-8c65-ee405faf5b4f,de_anubis,a62e1894-7ac4-4d65-9c92-939ca4f0f200,a62e1894-7ac4-4d65-9c92-939ca4f0f200,Fakabot,12,17,3,92,c747c870-e567-4afe-84a9-4a7722791eae,0
1-b2b41345-f2e7-4d04-8c65-ee405faf5b4f,de_anubis,a62e1894-7ac4-4d65-9c92-939ca4f0f200,922e6ce2-7279-4771-93eb-d14c89041c76,monzooo,8,16,4,38,c747c870-e567-4afe-84a9-4a7722791eae,0
1-b3602a46-85a1-4561-8579-84af44f262de,de_mirage,4482a031-efdb-4c3a-899f-6e5c22310547,4482a031-efdb-4c3a-899f-6e5c22310547,santutu_,16,21,5,38,e3f0b8a8-df5b-4f6b-8374-b561a50e6452,0
1-b3602a46-85a1-4561-8579-84af44f262de,de_mirage,4482a031-efdb-4c3a-899f-6e5c22310547,a62e1894-7ac4-4d65-9c92-939ca4f0f200,Fakabot,23,20,6,35,e3f0b8a8-df5b-4f6b-8374-b561a50e6452,0
1-b3602a46-85a1-4561-8579-84af44f262de,de_mirage,4482a031-efdb-4c3a-899f-6e5c22310547,bc8c9779-1f8f-4017-9646-6701423c6ff9,frantarasco,25,22,2,36,e3f0b8a8-df5b-4f6b-8374-b561a50e6452,0
1-b503250f-f5e3-4e77-bcda-75d3c3fcf33d,de_ancient,99c560e6-662d-4b0c-a48b-b232fa52cb88,99c560e6-662d-4b0c-a48b-b232fa52cb88,n0xinho,7,14,6,43,e732344a-3fc0-466c-a588-baf6dcc1416c,0
1-b503250f-f5e3-4e77-bcda-75d3c3fcf33d,de_ancient,99c560e6-662d-4b0c-a48b-b232fa52cb88,a62e1894-7ac4-4d65-9c92-939ca4f0f200,Fakabot,10,14,5,70,e732344a-3fc0-466c-a588-baf6dcc1416c,0
1-b503250f-f5e3-4e77-bcda-75d3c3fcf33d,de_ancient,99c560e6-662d-4b0c-a48b-b232fa52cb88,a24967e1-bb38-4b2f-bb78-e118e613c0c7,gordotiverso,11,14,1,45,e732344a-3fc0-466c-a588-baf6dcc1416c,0
1-b503250f-f5e3-4e77-bcda-75d3c3fcf33d,de_ancient,99c560e6-662d-4b0c-a48b-b232fa52cb88,bc8c9779-1f8f-4017-9646-6701423c6ff9,frantarasco,6,14,0,83,e732344a-3fc0-466c-a588-baf6dcc1416c,0
1-b58f3cd8-2116-4e53-9f33-4a94d3a620ac,de_dust2,ad3d1390-9edf-4170-9f42-e39e4ac2e217,1acb8f8e-b15e-49c2-8a91-88bf299f0f99,santibest10,12,13,2,58,fdb02968-ddc5-4548-924e-714c076d29b5,0
1-b58f3cd8-2116-4e53-9f33-4a94d3a620ac,de_dust2,ad3d1390-9edf-4170-9f42-e39e4ac2e217,922e6ce2-7279-4771-93eb-d14c89041c76,monzooo,5,13,1,40,fdb02968-ddc5-4548-924e-714c076d29b5,0
1-b58f3cd8-2116-4e53-9f33-4a94d3a620ac,de_dust2,ad3d1390-9edf-4170-9f42-e39e4ac2e217,3b3b0662-0a3a-418c-9734-2f2051b049fc,polski-,13,13,6,46,fdb02968-ddc5-4548-924e-714c076d29b5,0
1-b58f3cd8-2116-4e53-9f33-4a94d3a620ac,de_dust2,ad3d1390-9edf-4170-9f42-e39e4ac2e217,99c560e6-662d-4b0c-a48b-b232fa52cb88,n0xinho,7,17,1,43,fdb02968-ddc5-4548-924e-714c076d29b5,0
1-b58f3cd8-2116-4e53-9f33-4a94d3a620ac,de_dust2,ad3d1390-9edf-4170-9f42-e39e4ac2e217,b10cd2ba-fdaf-46bf-aba0-7397bde298e9,flacotiverso,6,16,3,33,fdb02968-ddc5-4548-924e-714c076d29b5,0
1-b6be44ad-f4c0-4268-88be-b6aed3beabad,de_mirage,99c560e6-662d-4b0c-a48b-b232fa52cb88,99c560e6-662d-4b0c-a48b-b232fa52cb88,n0xinho,24,9,5,38,99c560e6-662d-4b0c-a48b-b232fa52cb88,1
1-b6be44ad-f4c0-4268-88be-b6aed3beabad,de_mirage,99c560e6-662d-4b0c-a48b-b232fa52cb88,bc8c9779-1f8f-4017-9646-6701423c6ff9,frantarasco,11,9,3,27,99c560e6-662d-4b0c-a48b-b232fa52cb88,1
1-b9222995-52ae-4e13-932b-032b149ad3ca,de_mirage,ae502d50-d59c-41d9-a181-ca8f0db9a587,a24967e1-bb38-4b2f-bb78-e118e613c0c7,gordotiverso,25,26,4,16,e25228be-02cc-4eb7-ba14-86e42bffc962,0
1-b9222995-52ae-4e13-932b-032b149ad3ca,de_mirage,ae502d50-d59c-41d9-a181-ca8f0db9a587,b10cd2ba-fdaf-46bf-aba0-7397bde298e9,flacotiverso,24,25,6,46,e25228be-02cc-4eb7-ba14-86e42bffc962,0
1-b93ab8ff-6913-41e2-9b50-d900ff6d90c0,de_inferno,2e6e65ea-de88-4bda-9b7f-12bc4fded716,bc8c9779-1f8f-4017-9646-6701423c6ff9,frantarasco,16,16,5,25,2b74bfff-19dd-4d0c-842b-ef3defcc8e1b,0
1-b93ab8ff-6913-41e2-9b50-d900ff6d90c0,de_inferno,2e6e65ea-de88-4bda-9b7f-12bc4fded716,a62e1894-7ac4-4d65-9c92-939ca4f0f200,Fakabot,15,18,7,33,2b74bfff-19dd-4d0c-842b-ef3defcc8e1b,0
1-b93ab8ff-6913-41e2-9b50-d900ff6d90c0,de_inferno,2e6e65ea-de88-4bda-9b7f-12bc4fded716,a24967e1-bb38-4b2f-bb78-e118e613c0c7,gordotiverso,17,18,2,47,2b74bfff-19dd-4d0c-842b-ef3defcc8e1b,0
1-b93ab8ff-6913-41e2-9b50-d900ff6d90c0,de_inferno,2e6e65ea-de88-4bda-9b7f-12bc4fded716,4482a031-efdb-4c3a-899f-6e5c22310547,santutu_,8,16,9,50,2b74bfff-19dd-4d0c-842b-ef3defcc8e1b,0
1-b93ab8ff-6913-41e2-9b50-d900ff6d90c0,de_inferno,2e6e65ea-de88-4bda-9b7f-12bc4fded716,b10cd2ba-fdaf-46bf-aba0-7397bde298e9,flacotiverso,20,15,3,60,2b74bfff-19dd-4d0c-842b-ef3defcc8e1b,0
1-b9f3ca4d-2d6e-4ad9-bfe0-f755106539b8,de_cache,45385564-a5de-450d-ba6e-7daaa67ec1a3,b10cd2ba-fdaf-46bf-aba0-7397bde298e9,flacotiverso,14,6,2,29,45385564-a5de-450d-ba6e-7daaa67ec1a3,1
1-b9f3ca4d-2d6e-4ad9-bfe0-f755106539b8,de_cache,45385564-a5de-450d-ba6e-7daaa67ec1a3,922e6ce2-7279-4771-93eb-d14c89041c76,monzooo,16,9,0,56,45385564-a5de-450d-ba6e-7daaa67ec1a3,1
1-ba466636-17f6-4e88-98cd-8065244b7bdb,de_mirage,b10cd2ba-fdaf-46bf-aba0-7397bde298e9,b10cd2ba-fdaf-46bf-aba0-7397bde298e9,flacotiverso,14,16,1,36,52b252f8-2783-4d56-b05b-af1c40976f9e,0
1-ba466636-17f6-4e88-98cd-8065244b7bdb,de_mirage,b10cd2ba-fdaf-46bf-aba0-7397bde298e9,bc8c9779-1f8f-4017-9646-6701423c6ff9,frantarasco,11,17,4,45,52b252f8-2783-4d56-b05b-af1c40976f9e,0
1-ba466636-17f6-4e88-98cd-8065244b7bdb,de_mirage,b10cd2ba-fdaf-46bf-aba0-7397bde298e9,d02c4268-5e5e-426c-9125-4a81d6ad4d7d,ELGERENTE,19,17,4,68,52b252f8-2783-4d56-b05b-af1c40976f9e,0
1-ba600ed7-d682-4264-9919-a7c6ae018d1f,de_nuke,99c560e6-662d-4b0c-a48b-b232fa52cb88,99c560e6-662d-4b0c-a48b-b232fa52cb88,n0xinho,14,15,3,57,99c560e6-662d-4b0c-a48b-b232fa52cb88,1
1-ba600ed7-d682-4264-9919-a7c6ae018d1f,de_nuke,99c560e6-662d-4b0c-a48b-b232fa52cb88,3b3b0662-0a3a-418c-9734-2f2051b049fc,polski-,21,15,4,67,99c560e6-662d-4b0c-a48b-b232fa52cb88,1
1-bab30a3c-e3b3-4a8c-9ec1-f7c3d3074d20,de_mirage,ad3d1390-9edf-4170-9f42-e39e4ac2e217,1acb8f8e-b15e-49c2-8a91-88bf299f0f99,santibest10,19,9,7,47,ad3d1390-9edf-4170-9f42-e39e4ac2e217,1
1-bab30a3c-e3b3-4a8c-9ec1-f7c3d3074d20,de_mirage,ad3d1390-9edf-4170-9f42-e39e4ac2e217,bc8c9779-1f8f-4017-9646-6701423c6ff9,frantarasco,15,10,7,47,ad3d1390-9edf-4170-9f42-e39e4ac2e217,1
1-bab30a3c-e3b3-4a8c-9ec1-f7c3d3074d20,de_mirage,ad3d1390-9edf-4170-9f42-e39e4ac2e217,99c560e6-662d-4b0c-a48b-b232fa52cb88,n0xinho,20,6,8,50,ad3d1390-9edf-4170-9f42-e39e4ac2e217,1
1-bab30a3c-e3b3-4a8c-9ec1-f7c3d3074d20,de_mirage,ad3d1390-9edf-4170-9f42-e39e4ac2e217,d2d79f95-19d1-479b-82e9-97b88223f169,agb-_-,15,10,4,33,ad3d1390-9edf-4170-9f42-e39e4ac2e217,1
1-bab30a3c-e3b3-4a8c-9ec1-f7c3d3074d20,de_mirage,ad3d1390-9edf-4170-9f42-e39e4ac2e217,b10cd2ba-fdaf-46bf-aba0-7397bde298e9,flacotiverso,11,8,3,64,ad3d1390-9edf-4170-9f42-e39e4ac2e217,1
1-bd98523e-e653-4954-8e5f-af1762fc87bd,de_ancient,67f89d91-7958-4a8d-a284-13b134d4e91c,a24967e1-bb38-4b2f-bb78-e118e613c0c7,gordotiverso,1,2,2,100,6ad3f397-fbea-4688-b7e2-b7b3841197b6,0
1-bd98523e-e653-4954-8e5f-af1762fc87bd,de_ancient,67f89d91-7958-4a8d-a284-13b134d4e91c,b10cd2ba-fdaf-46bf-aba0-7397bde298e9,flacotiverso,0,0,0,0,6ad3f397-fbea-4688-b7e2-b7b3841197b6,0
1-bf08a822-ac97-4b6d-8cea-f93ff0002a45,de_mirage,99c560e6-662d-4b0c-a48b-b232fa52cb88,99c560e6-662d-4b0c-a48b-b232fa52cb88,n0xinho,10,14,3,30,53065677-8046-49a3-8404-2ec5a2a7d427,0
1-bf08a822-ac97-4b6d-8cea-f93ff0002a45,de_mirage,99c560e6-662d-4b0c-a48b-b232fa52cb88,bc8c9779-1f8f-4017-9646-6701423c6ff9,frantarasco,5,15,3,60,53065677-8046-49a3-8404-2ec5a2a7d427,0
1-bf08a822-ac97-4b6d-8cea-f93ff0002a45,de_mirage,99c560e6-662d-4b0c-a48b-b232fa52cb88,1acb8f8e-b15e-49c2-8a91-88bf299f0f99,santibest10,8,16,3,100,53065677-8046-49a3-8404-2ec5a2a7d427,0
1-bf08a822-ac97-4b6d-8cea-f93ff0002a45,de_mirage,99c560e6-662d-4b0c-a48b-b232fa52cb88,b10cd2ba-fdaf-46bf-aba0-7397bde298e9,flacotiverso,11,16,3,64,53065677-8046-49a3-8404-2ec5a2a7d427,0
1-bfa3e313-ab37-437a-baf9-1d0aebc8a447,de_dust2,8c45a29c-e509-4d0d-992e-0d8aeb2c40fb,1acb8f8e-b15e-49c2-8a91-88bf299f0f99,santibest10,24,13,6,42,8c45a29c-e509-4d0d-992e-0d8aeb2c40fb,1
1-bfa3e313-ab37-437a-baf9-1d0aebc8a447,de_dust2,8c45a29c-e509-4d0d-992e-0d8aeb2c40fb,a62e1894-7ac4-4d65-9c92-939ca4f0f200,Fakabot,13,12,8,31,8c45a29c-e509-4d0d-992e-0d8aeb2c40fb,1
1-bfa3e313-ab37-437a-baf9-1d0aebc8a447,de_dust2,8c45a29c-e509-4d0d-992e-0d8aeb2c40fb,3b3b0662-0a3a-418c-9734-2f2051b049fc,polski-,22,11,7,50,8c45a29c-e509-4d0d-992e-0d8aeb2c40fb,1
1-bfa3e313-ab37-437a-baf9-1d0aebc8a447,de_dust2,8c45a29c-e509-4d0d-992e-0d8aeb2c40fb,d2d79f95-19d1-479b-82e9-97b88223f169,agb-_-,11,12,2,45,8c45a29c-e509-4d0d-992e-0d8aeb2c40fb,1
1-bfa3e313-ab37-437a-baf9-1d0aebc8a447,de_dust2,8c45a29c-e509-4d0d-992e-0d8aeb2c40fb,b10cd2ba-fdaf-46bf-aba0-7397bde298e9,flacotiverso,7,12,6,29,8c45a29c-e509-4d0d-992e-0d8aeb2c40fb,1
1-c004bcb8-2020-414e-a019-92a957ed15d2,de_mirage,ba8696fb-0717-4364-b3ef-a0371d51ee3c,a62e1894-7ac4-4d65-9c92-939ca4f0f200,Fakabot,14,18,6,36,5fa95110-c993-4735-8d3f-756ef12f58dc,0
1-c004bcb8-2020-414e-a019-92a957ed15d2,de_mirage,ba8696fb-0717-4364-b3ef-a0371d51ee3c,bc8c9779-1f8f-4017-9646-6701423c6ff9,frantarasco,13,18,6,54,5fa95110-c993-4735-8d3f-756ef12f58dc,0
1-c0248240-cdf2-471f-bdcf-9d8898016b69,de_inferno,c32a100c-928f-4e2b-9b22-4924e85f110e,a24967e1-bb38-4b2f-bb78-e118e613c0c7,gordotiverso,19,27,11,37,32926cf7-8f80-4423-9ad9-dabbcfc81545,0
1-c0248240-cdf2-471f-bdcf-9d8898016b69,de_inferno,c32a100c-928f-4e2b-9b22-4924e85f110e,bc8c9779-1f8f-4017-9646-6701423c6ff9,frantarasco,29,29,12,41,32926cf7-8f80-4423-9ad9-dabbcfc81545,0
1-c0248240-cdf2-471f-bdcf-9d8898016b69,de_inferno,c32a100c-928f-4e2b-9b22-4924e85f110e,b10cd2ba-fdaf-46bf-aba0-7397bde298e9,flacotiverso,25,24,10,40,32926cf7-8f80-4423-9ad9-dabbcfc81545,0
1-c0248240-cdf2-471f-bdcf-9d8898016b69,de_inferno,c32a100c-928f-4e2b-9b22-4924e85f110e,d02c4268-5e5e-426c-9125-4a81d6ad4d7d,ELGERENTE,34,24,15,62,32926cf7-8f80-4423-9ad9-dabbcfc81545,0
1-c03e31e2-b76c-40c3-b3a7-039bca50b44e,de_anubis,27815803-c29b-4f59-a8e1-b95c9a5f94bb,a62e1894-7ac4-4d65-9c92-939ca4f0f200,Fakabot,18,14,3,61,27815803-c29b-4f59-a8e1-b95c9a5f94bb,1
1-c1505feb-bc3c-47e3-bb2f-501deb1a57ab,de_mirage,b7b1ff13-1c0a-4e04-9dcb-9377b7b54240,a62e1894-7ac4-4d65-9c92-939ca4f0f200,Fakabot,15,18,3,67,e7ad69ea-b5a0-43ae-9a7d-a5dac1f624c9,0
1-c1505feb-bc3c-47e3-bb2f-501deb1a57ab,de_mirage,b7b1ff13-1c0a-4e04-9dcb-9377b7b54240,922e6ce2-7279-4771-93eb-d14c89041c76,monzooo,15,17,4,27,e7ad69ea-b5a0-43ae-9a7d-a5dac1f624c9,0
1-c177b50f-b757-46f1-af9a-0f7d5f88347b,de_mirage,3cb34c1d-91ef-4b74-946c-d8894a5f3aa0,922e6ce2-7279-4771-93eb-d14c89041c76,monzooo,14,27,10,43,f4176030-d287-4b65-9623-b7ebdd862f62,0
1-c177b50f-b757-46f1-af9a-0f7d5f88347b,de_mirage,3cb34c1d-91ef-4b74-946c-d8894a5f3aa0,a62e1894-7ac4-4d65-9c92-939ca4f0f200,Fakabot,21,25,9,57,f4176030-d287-4b65-9623-b7ebdd862f62,0
1-c177b50f-b757-46f1-af9a-0f7d5f88347b,de_mirage,3cb34c1d-91ef-4b74-946c-d8894a5f3aa0,a24967e1-bb38-4b2f-bb78-e118e613c0c7,gordotiverso,21,23,8,24,f4176030-d287-4b65-9623-b7ebdd862f62,0
1-c1997be6-69bb-49c0-8d51-10128a8670b0,de_nuke,ad3d1390-9edf-4170-9f42-e39e4ac2e217,1acb8f8e-b15e-49c2-8a91-88bf299f0f99,santibest10,11,14,4,45,3a4925aa-89d6-4ae4-ad69-41af402f3c09,0
1-c1997be6-69bb-49c0-8d51-10128a8670b0,de_nuke,ad3d1390-9edf-4170-9f42-e39e4ac2e217,bc8c9779-1f8f-4017-9646-6701423c6ff9,frantarasco,10,17,2,60,3a4925aa-89d6-4ae4-ad69-41af402f3c09,0
1-c1997be6-69bb-49c0-8d51-10128a8670b0,de_nuke,ad3d1390-9edf-4170-9f42-e39e4ac2e217,99c560e6-662d-4b0c-a48b-b232fa52cb88,n0xinho,19,14,3,58,3a4925aa-89d6-4ae4-ad69-41af402f3c09,0
1-c1997be6-69bb-49c0-8d51-10128a8670b0,de_nuke,ad3d1390-9edf-4170-9f42-e39e4ac2e217,d2d79f95-19d1-479b-82e9-97b88223f169,agb-_-,15,16,5,67,3a4925aa-89d6-4ae4-ad69-41af402f3c09,0
1-c1997be6-69bb-49c0-8d51-10128a8670b0,de_nuke,ad3d1390-9edf-4170-9f42-e39e4ac2e217,b10cd2ba-fdaf-46bf-aba0-7397bde298e9,flacotiverso,15,20,3,33,3a4925aa-89d6-4ae4-ad69-41af402f3c09,0
1-c2064980-1eb2-4e66-8fdf-3af1c0ed4b87,de_ancient,48f76b55-4568-452d-bffa-c7074d4c0fcf,bc8c9779-1f8f-4017-9646-6701423c6ff9,frantarasco,23,17,4,57,48f76b55-4568-452d-bffa-c7074d4c0fcf,1
1-c2064980-1eb2-4e66-8fdf-3af1c0ed4b87,de_ancient,48f76b55-4568-452d-bffa-c7074d4c0fcf,a24967e1-bb38-4b2f-bb78-e118e613c0c7,gordotiverso,15,15,3,33,48f76b55-4568-452d-bffa-c7074d4c0fcf,1
1-c2064980-1eb2-4e66-8fdf-3af1c0ed4b87,de_ancient,48f76b55-4568-452d-bffa-c7074d4c0fcf,99c560e6-662d-4b0c-a48b-b232fa52cb88,n0xinho,19,17,10,58,48f76b55-4568-452d-bffa-c7074d4c0fcf,1
1-c2064980-1eb2-4e66-8fdf-3af1c0ed4b87,de_ancient,48f76b55-4568-452d-bffa-c7074d4c0fcf,d2d79f95-19d1-479b-82e9-97b88223f169,agb-_-,13,15,7,46,48f76b55-4568-452d-bffa-c7074d4c0fcf,1
1-c2064980-1eb2-4e66-8fdf-3af1c0ed4b87,de_ancient,48f76b55-4568-452d-bffa-c7074d4c0fcf,b10cd2ba-fdaf-46bf-aba0-7397bde298e9,flacotiverso,16,11,7,44,48f76b55-4568-452d-bffa-c7074d4c0fcf,1
1-c25cb064-af5a-4b80-89c4-216a5d5f792a,de_nuke,925d51db-0d42-4b26-866d-60004dcb097d,1acb8f8e-b15e-49c2-8a91-88bf299f0f99,santibest10,12,9,4,33,925d51db-0d42-4b26-866d-60004dcb097d,1
1-c25cb064-af5a-4b80-89c4-216a5d5f792a,de_nuke,925d51db-0d42-4b26-866d-60004dcb097d,a24967e1-bb38-4b2f-bb78-e118e613c0c7,gordotiverso,10,12,2,50,925d51db-0d42-4b26-866d-60004dcb097d,1
1-c25cb064-af5a-4b80-89c4-216a5d5f792a,de_nuke,925d51db-0d42-4b26-866d-60004dcb097d,b10cd2ba-fdaf-46bf-aba0-7397bde298e9,flacotiverso,7,13,6,43,925d51db-0d42-4b26-866d-60004dcb097d,1
1-c2f62a3c-b4ab-4721-a024-67d46626a439,de_nuke,47e1d23f-4782-4379-af34-4b343c8e4cd6,a24967e1-bb38-4b2f-bb78-e118e613c0c7,gordotiverso,10,14,5,40,47e1d23f-4782-4379-af34-4b343c8e4cd6,1
1-c2f62a3c-b4ab-4721-a024-67d46626a439,de_nuke,47e1d23f-4782-4379-af34-4b343c8e4cd6,99c560e6-662d-4b0c-a48b-b232fa52cb88,n0xinho,22,16,4,50,47e1d23f-4782-4379-af34-4b343c8e4cd6,1
1-c2f62a3c-b4ab-4721-a024-67d46626a439,de_nuke,47e1d23f-4782-4379-af34-4b343c8e4cd6,b10cd2ba-fdaf-46bf-aba0-7397bde298e9,flacotiverso,14,17,3,43,47e1d23f-4782-4379-af34-4b343c8e4cd6,1
1-c4e91c61-7f2e-4dec-9fe7-8016267671f2,de_mirage,6a913c22-3ca1-4f8e-8fa7-c4632e654176,1acb8f8e-b15e-49c2-8a91-88bf299f0f99,santibest10,16,15,6,50,6a913c22-3ca1-4f8e-8fa7-c4632e654176,1
1-c4e91c61-7f2e-4dec-9fe7-8016267671f2,de_mirage,6a913c22-3ca1-4f8e-8fa7-c4632e654176,3b3b0662-0a3a-418c-9734-2f2051b049fc,polski-,29,13,11,45,6a913c22-3ca1-4f8e-8fa7-c4632e654176,1
1-c4e91c61-7f2e-4dec-9fe7-8016267671f2,de_mirage,6a913c22-3ca1-4f8e-8fa7-c4632e654176,bc8c9779-1f8f-4017-9646-6701423c6ff9,frantarasco,17,16,5,35,6a913c22-3ca1-4f8e-8fa7-c4632e654176,1
1-c5658a5b-be42-4dd7-b6c7-c4a7d784fb02,de_mirage,d2d79f95-19d1-479b-82e9-97b88223f169,d2d79f95-19d1-479b-82e9-97b88223f169,agb-_-,13,12,6,62,12ed12da-2cb7-4904-abb0-248e5a3caa97,0
1-c5658a5b-be42-4dd7-b6c7-c4a7d784fb02,de_mirage,d2d79f95-19d1-479b-82e9-97b88223f169,b10cd2ba-fdaf-46bf-aba0-7397bde298e9,flacotiverso,4,16,6,0,12ed12da-2cb7-4904-abb0-248e5a3caa97,0
1-c5658a5b-be42-4dd7-b6c7-c4a7d784fb02,de_mirage,d2d79f95-19d1-479b-82e9-97b88223f169,d02c4268-5e5e-426c-9125-4a81d6ad4d7d,ELGERENTE,18,14,2,61,12ed12da-2cb7-4904-abb0-248e5a3caa97,0
1-c5bcb501-26b7-43ed-974b-c276bc3d5a7d,de_mirage,3b3b0662-0a3a-418c-9734-2f2051b049fc,3b3b0662-0a3a-418c-9734-2f2051b049fc,polski-,28,14,6,54,a0667dc4-3810-449e-85ad-571d1f4c6251,0
1-c5bcb501-26b7-43ed-974b-c276bc3d5a7d,de_mirage,3b3b0662-0a3a-418c-9734-2f2051b049fc,1acb8f8e-b15e-49c2-8a91-88bf299f0f99,santibest10,12,16,4,58,a0667dc4-3810-449e-85ad-571d1f4c6251,0
1-c5bcb501-26b7-43ed-974b-c276bc3d5a7d,de_mirage,3b3b0662-0a3a-418c-9734-2f2051b049fc,d2d79f95-19d1-479b-82e9-97b88223f169,agb-_-,14,17,4,43,a0667dc4-3810-449e-85ad-571d1f4c6251,0
1-c6cc558e-a1c5-4a28-8798-1d005ac9d2a2,de_mirage,f4e79516-73ab-41dc-92d4-6f4508746c77,d2d79f95-19d1-479b-82e9-97b88223f169,agb-_-,8,17,4,50,5198207d-4838-40dd-ac03-c94cca375b1c,0
1-c6cc558e-a1c5-4a28-8798-1d005ac9d2a2,de_mirage,f4e79516-73ab-41dc-92d4-6f4508746c77,a24967e1-bb38-4b2f-bb78-e118e613c0c7,gordotiverso,6,18,6,17,5198207d-4838-40dd-ac03-c94cca375b1c,0
1-c6cc558e-a1c5-4a28-8798-1d005ac9d2a2,de_mirage,f4e79516-73ab-41dc-92d4-6f4508746c77,4482a031-efdb-4c3a-899f-6e5c22310547,santutu_,10,14,8,70,5198207d-4838-40dd-ac03-c94cca375b1c,0
1-c6cc558e-a1c5-4a28-8798-1d005ac9d2a2,de_mirage,f4e79516-73ab-41dc-92d4-6f4508746c77,3b3b0662-0a3a-418c-9734-2f2051b049fc,polski-,22,15,2,64,5198207d-4838-40dd-ac03-c94cca375b1c,0
1-c6cc558e-a1c5-4a28-8798-1d005ac9d2a2,de_mirage,f4e79516-73ab-41dc-92d4-6f4508746c77,b10cd2ba-fdaf-46bf-aba0-7397bde298e9,flacotiverso,7,18,4,29,5198207d-4838-40dd-ac03-c94cca375b1c,0
1-c7b8794d-0b94-4bdc-9dd3-0de8ed403670,de_anubis,098e13a8-13ef-40e1-bf19-918f038a5bc4,3b3b0662-0a3a-418c-9734-2f2051b049fc,polski-,19,15,3,63,d423a384-b25e-40f4-bb79-b3c8a7385e01,0
1-c7b8794d-0b94-4bdc-9dd3-0de8ed403670,de_anubis,098e13a8-13ef-40e1-bf19-918f038a5bc4,d2d79f95-19d1-479b-82e9-97b88223f169,agb-_-,12,16,2,25,d423a384-b25e-40f4-bb79-b3c8a7385e01,0
1-c8648344-bbfe-484a-8c37-e834c8f898ea,de_dust2,bc8c9779-1f8f-4017-9646-6701423c6ff9,bc8c9779-1f8f-4017-9646-6701423c6ff9,frantarasco,14,15,3,43,423fbe8c-ee0b-47d1-9010-2374399fb241,0
1-c8648344-bbfe-484a-8c37-e834c8f898ea,de_dust2,bc8c9779-1f8f-4017-9646-6701423c6ff9,49a74302-be88-4ac5-9a6c-f0c7864e6b2d,hhmero,10,16,4,60,423fbe8c-ee0b-47d1-9010-2374399fb241,0
1-c9bd104f-71f0-4458-8b28-6d150c2df10d,de_ancient,74a1bb88-5dd0-47a7-bc15-6654978b8449,d2d79f95-19d1-479b-82e9-97b88223f169,agb-_-,12,7,5,67,74a1bb88-5dd0-47a7-bc15-6654978b8449,1
1-c9bd104f-71f0-4458-8b28-6d150c2df10d,de_ancient,74a1bb88-5dd0-47a7-bc15-6654978b8449,a24967e1-bb38-4b2f-bb78-e118e613c0c7,gordotiverso,12,6,6,58,74a1bb88-5dd0-47a7-bc15-6654978b8449,1
1-c9bd104f-71f0-4458-8b28-6d150c2df10d,de_ancient,74a1bb88-5dd0-47a7-bc15-6654978b8449,bc8c9779-1f8f-4017-9646-6701423c6ff9,frantarasco,14,11,3,43,74a1bb88-5dd0-47a7-bc15-6654978b8449,1
1-c9bd104f-71f0-4458-8b28-6d150c2df10d,de_ancient,74a1bb88-5dd0-47a7-bc15-6654978b8449,99c560e6-662d-4b0c-a48b-b232fa52cb88,n0xinho,14,7,4,29,74a1bb88-5dd0-47a7-bc15-6654978b8449,1
1-c9bd104f-71f0-4458-8b28-6d150c2df10d,de_ancient,74a1bb88-5dd0-47a7-bc15-6654978b8449,d02c4268-5e5e-426c-9125-4a81d6ad4d7d,ELGERENTE,16,8,2,56,74a1bb88-5dd0-47a7-bc15-6654978b8449,1
1-cb9952c0-e02b-45e3-a04c-2bd0163b61f0,de_ancient,30dae9f2-e4a2-44c7-8ccb-d15e08de5668,1acb8f8e-b15e-49c2-8a91-88bf299f0f99,santibest10,15,8,0,53,30dae9f2-e4a2-44c7-8ccb-d15e08de5668,1
1-cb9952c0-e02b-45e3-a04c-2bd0163b61f0,de_ancient,30dae9f2-e4a2-44c7-8ccb-d15e08de5668,bc8c9779-1f8f-4017-9646-6701423c6ff9,frantarasco,11,12,9,45,30dae9f2-e4a2-44c7-8ccb-d15e08de5668,1
1-cb9952c0-e02b-45e3-a04c-2bd0163b61f0,de_ancient,30dae9f2-e4a2-44c7-8ccb-d15e08de5668,99c560e6-662d-4b0c-a48b-b232fa52cb88,n0xinho,23,8,5,48,30dae9f2-e4a2-44c7-8ccb-d15e08de5668,1
1-cb9952c0-e02b-45e3-a04c-2bd0163b61f0,de_ancient,30dae9f2-e4a2-44c7-8ccb-d15e08de5668,d2d79f95-19d1-479b-82e9-97b88223f169,agb-_-,11,11,7,55,30dae9f2-e4a2-44c7-8ccb-d15e08de5668,1
1-cb9952c0-e02b-45e3-a04c-2bd0163b61f0,de_ancient,30dae9f2-e4a2-44c7-8ccb-d15e08de5668,b10cd2ba-fdaf-46bf-aba0-7397bde298e9,flacotiverso,14,11,9,50,30dae9f2-e4a2-44c7-8ccb-d15e08de5668,1
1-cbb30fa8-a153-4097-8af4-19ab147072ff,de_mirage,0425184c-5590-49e8-ada2-34568b8aa5f4,3b3b0662-0a3a-418c-9734-2f2051b049fc,polski-,19,10,6,47,0425184c-5590-49e8-ada2-34568b8aa5f4,1
1-cbb30fa8-a153-4097-8af4-19ab147072ff,de_mirage,0425184c-5590-49e8-ada2-34568b8aa5f4,bc8c9779-1f8f-4017-9646-6701423c6ff9,frantarasco,8,12,6,25,0425184c-5590-49e8-ada2-34568b8aa5f4,1
1-cbb30fa8-a153-4097-8af4-19ab147072ff,de_mirage,0425184c-5590-49e8-ada2-34568b8aa5f4,d2d79f95-19d1-479b-82e9-97b88223f169,agb-_-,18,13,5,39,0425184c-5590-49e8-ada2-34568b8aa5f4,1
1-cbd21561-2c01-40f5-b96e-1b69de64750b,de_dust2,bc8c9779-1f8f-4017-9646-6701423c6ff9,bc8c9779-1f8f-4017-9646-6701423c6ff9,frantarasco,23,12,5,43,bc8c9779-1f8f-4017-9646-6701423c6ff9,1
1-cbd21561-2c01-40f5-b96e-1b69de64750b,de_dust2,bc8c9779-1f8f-4017-9646-6701423c6ff9,a62e1894-7ac4-4d65-9c92-939ca4f0f200,Fakabot,15,11,6,33,bc8c9779-1f8f-4017-9646-6701423c6ff9,1
1-cbd21561-2c01-40f5-b96e-1b69de64750b,de_dust2,bc8c9779-1f8f-4017-9646-6701423c6ff9,1acb8f8e-b15e-49c2-8a91-88bf299f0f99,santibest10,10,13,9,30,bc8c9779-1f8f-4017-9646-6701423c6ff9,1
1-cbd21561-2c01-40f5-b96e-1b69de64750b,de_dust2,bc8c9779-1f8f-4017-9646-6701423c6ff9,49a74302-be88-4ac5-9a6c-f0c7864e6b2d,hhmero,18,13,6,50,bc8c9779-1f8f-4017-9646-6701423c6ff9,1
1-cc563e38-7013-449a-87fb-24e0954b71c2,de_train,492835b3-3085-41e5-8bc9-67c3ea2f0a4a,3b3b0662-0a3a-418c-9734-2f2051b049fc,polski-,24,10,2,42,492835b3-3085-41e5-8bc9-67c3ea2f0a4a,1
1-cc563e38-7013-449a-87fb-24e0954b71c2,de_train,492835b3-3085-41e5-8bc9-67c3ea2f0a4a,1acb8f8e-b15e-49c2-8a91-88bf299f0f99,santibest10,17,13,4,53,492835b3-3085-41e5-8bc9-67c3ea2f0a4a,1
1-cce2e41b-f15c-4299-b1a1-ef09b7f76ce1,de_mirage,3b7432cc-9267-4d22-8fb2-35a7aeb3dcfe,99c560e6-662d-4b0c-a48b-b232fa52cb88,n0xinho,26,11,1,42,3b7432cc-9267-4d22-8fb2-35a7aeb3dcfe,1
1-cce2e41b-f15c-4299-b1a1-ef09b7f76ce1,de_mirage,3b7432cc-9267-4d22-8fb2-35a7aeb3dcfe,bc8c9779-1f8f-4017-9646-6701423c6ff9,frantarasco,8,13,11,12,3b7432cc-9267-4d22-8fb2-35a7aeb3dcfe,1
1-cce2e41b-f15c-4299-b1a1-ef09b7f76ce1,de_mirage,3b7432cc-9267-4d22-8fb2-35a7aeb3dcfe,d2d79f95-19d1-479b-82e9-97b88223f169,agb-_-,17,16,3,71,3b7432cc-9267-4d22-8fb2-35a7aeb3dcfe,1
1-cce2e41b-f15c-4299-b1a1-ef09b7f76ce1,de_mirage,3b7432cc-9267-4d22-8fb2-35a7aeb3dcfe,d02c4268-5e5e-426c-9125-4a81d6ad4d7d,ELGERENTE,11,15,5,27,3b7432cc-9267-4d22-8fb2-35a7aeb3dcfe,1
1-cce2e41b-f15c-4299-b1a1-ef09b7f76ce1,de_mirage,3b7432cc-9267-4d22-8fb2-35a7aeb3dcfe,49a74302-be88-4ac5-9a6c-f0c7864e6b2d,hhmero,20,14,6,40,3b7432cc-9267-4d22-8fb2-35a7aeb3dcfe,1
1-cd24cd60-0993-4bd0-8d01-2126e1cc8d75,de_mirage,607ff042-b395-4dd8-9448-f5e84cf60d60,d02c4268-5e5e-426c-9125-4a81d6ad4d7d,ELGERENTE,8,19,5,25,73c5abf1-8c0b-4175-bb66-b51a35d933e3,0
1-cd24cd60-0993-4bd0-8d01-2126e1cc8d75,de_mirage,607ff042-b395-4dd8-9448-f5e84cf60d60,d2d79f95-19d1-479b-82e9-97b88223f169,agb-_-,22,19,4,50,73c5abf1-8c0b-4175-bb66-b51a35d933e3,0
1-cd24cd60-0993-4bd0-8d01-2126e1cc8d75,de_mirage,607ff042-b395-4dd8-9448-f5e84cf60d60,b10cd2ba-fdaf-46bf-aba0-7397bde298e9,flacotiverso,20,17,2,40,73c5abf1-8c0b-4175-bb66-b51a35d933e3,0
1-ce7c4723-fc5e-4d11-b257-e89c814b118b,de_dust2,30dae9f2-e4a2-44c7-8ccb-d15e08de5668,1acb8f8e-b15e-49c2-8a91-88bf299f0f99,santibest10,17,17,5,41,eeb81ad2-b6ac-4a77-817b-f59f257c3ed1,0
1-ce7c4723-fc5e-4d11-b257-e89c814b118b,de_dust2,30dae9f2-e4a2-44c7-8ccb-d15e08de5668,3b3b0662-0a3a-418c-9734-2f2051b049fc,polski-,14,16,6,36,eeb81ad2-b6ac-4a77-817b-f59f257c3ed1,0
1-ce7c4723-fc5e-4d11-b257-e89c814b118b,de_dust2,30dae9f2-e4a2-44c7-8ccb-d15e08de5668,99c560e6-662d-4b0c-a48b-b232fa52cb88,n0xinho,7,15,3,57,eeb81ad2-b6ac-4a77-817b-f59f257c3ed1,0
1-ce7c4723-fc5e-4d11-b257-e89c814b118b,de_dust2,30dae9f2-e4a2-44c7-8ccb-d15e08de5668,d2d79f95-19d1-479b-82e9-97b88223f169,agb-_-,8,18,3,38,eeb81ad2-b6ac-4a77-817b-f59f257c3ed1,0
1-ce7c4723-fc5e-4d11-b257-e89c814b118b,de_dust2,30dae9f2-e4a2-44c7-8ccb-d15e08de5668,b10cd2ba-fdaf-46bf-aba0-7397bde298e9,flacotiverso,7,16,2,43,eeb81ad2-b6ac-4a77-817b-f59f257c3ed1,0
1-d0013127-fba3-4bbe-a01b-ece8b3b712b1,de_mirage,f4e79516-73ab-41dc-92d4-6f4508746c77,d2d79f95-19d1-479b-82e9-97b88223f169,agb-_-,11,17,5,64,0005f8a8-de78-40bb-b806-e3240a999740,0
1-d0013127-fba3-4bbe-a01b-ece8b3b712b1,de_mirage,f4e79516-73ab-41dc-92d4-6f4508746c77,a24967e1-bb38-4b2f-bb78-e118e613c0c7,gordotiverso,7,16,5,29,0005f8a8-de78-40bb-b806-e3240a999740,0
1-d0013127-fba3-4bbe-a01b-ece8b3b712b1,de_mirage,f4e79516-73ab-41dc-92d4-6f4508746c77,4482a031-efdb-4c3a-899f-6e5c22310547,santutu_,9,18,3,56,0005f8a8-de78-40bb-b806-e3240a999740,0
1-d0013127-fba3-4bbe-a01b-ece8b3b712b1,de_mirage,f4e79516-73ab-41dc-92d4-6f4508746c77,3b3b0662-0a3a-418c-9734-2f2051b049fc,polski-,21,15,5,29,0005f8a8-de78-40bb-b806-e3240a999740,0
1-d0013127-fba3-4bbe-a01b-ece8b3b712b1,de_mirage,f4e79516-73ab-41dc-92d4-6f4508746c77,b10cd2ba-fdaf-46bf-aba0-7397bde298e9,flacotiverso,14,17,7,36,0005f8a8-de78-40bb-b806-e3240a999740,0
1-d00ca1dd-0676-4065-bdac-160fb7fe1477,de_mirage,99c560e6-662d-4b0c-a48b-b232fa52cb88,99c560e6-662d-4b0c-a48b-b232fa52cb88,n0xinho,18,13,3,39,99c560e6-662d-4b0c-a48b-b232fa52cb88,1
1-d00ca1dd-0676-4065-bdac-160fb7fe1477,de_mirage,99c560e6-662d-4b0c-a48b-b232fa52cb88,3b3b0662-0a3a-418c-9734-2f2051b049fc,polski-,21,10,6,43,99c560e6-662d-4b0c-a48b-b232fa52cb88,1
1-d09d9152-e67b-421f-81e2-04391399b6d9,de_cache,97c29bc4-ef3f-4cd8-bc01-64777f45db7c,922e6ce2-7279-4771-93eb-d14c89041c76,monzooo,11,11,9,36,97c29bc4-ef3f-4cd8-bc01-64777f45db7c,1
1-d09d9152-e67b-421f-81e2-04391399b6d9,de_cache,97c29bc4-ef3f-4cd8-bc01-64777f45db7c,bc8c9779-1f8f-4017-9646-6701423c6ff9,frantarasco,15,9,3,40,97c29bc4-ef3f-4cd8-bc01-64777f45db7c,1
1-d09d9152-e67b-421f-81e2-04391399b6d9,de_cache,97c29bc4-ef3f-4cd8-bc01-64777f45db7c,b10cd2ba-fdaf-46bf-aba0-7397bde298e9,flacotiverso,15,11,5,53,97c29bc4-ef3f-4cd8-bc01-64777f45db7c,1
1-d0d095ef-497c-4001-ac72-c212104ddbd5,de_mirage,eb4cca90-715e-40d2-a9b5-cb0a9d9e8c89,bc8c9779-1f8f-4017-9646-6701423c6ff9,frantarasco,5,14,3,40,01a97c9a-3798-4df3-a56f-f47098e5e67e,0
1-d0d095ef-497c-4001-ac72-c212104ddbd5,de_mirage,eb4cca90-715e-40d2-a9b5-cb0a9d9e8c89,922e6ce2-7279-4771-93eb-d14c89041c76,monzooo,6,14,2,50,01a97c9a-3798-4df3-a56f-f47098e5e67e,0
1-d0d095ef-497c-4001-ac72-c212104ddbd5,de_mirage,eb4cca90-715e-40d2-a9b5-cb0a9d9e8c89,b10cd2ba-fdaf-46bf-aba0-7397bde298e9,flacotiverso,5,14,3,0,01a97c9a-3798-4df3-a56f-f47098e5e67e,0
1-d0ff7eed-37c9-447e-b86c-7818afe8cb01,de_nuke,a24967e1-bb38-4b2f-bb78-e118e613c0c7,a24967e1-bb38-4b2f-bb78-e118e613c0c7,gordotiverso,9,18,7,33,bdd6a44f-6ff6-4dc0-88e6-704e1049b54b,0
1-d0ff7eed-37c9-447e-b86c-7818afe8cb01,de_nuke,a24967e1-bb38-4b2f-bb78-e118e613c0c7,99c560e6-662d-4b0c-a48b-b232fa52cb88,n0xinho,17,16,6,47,bdd6a44f-6ff6-4dc0-88e6-704e1049b54b,0
1-d0ff7eed-37c9-447e-b86c-7818afe8cb01,de_nuke,a24967e1-bb38-4b2f-bb78-e118e613c0c7,b10cd2ba-fdaf-46bf-aba0-7397bde298e9,flacotiverso,13,15,3,46,bdd6a44f-6ff6-4dc0-88e6-704e1049b54b,0
1-d12126cb-a55c-411f-bb80-e015ab217928,de_mirage,2c664016-64b5-45c8-99b1-f17045890ce9,bc8c9779-1f8f-4017-9646-6701423c6ff9,frantarasco,20,10,13,55,2c664016-64b5-45c8-99b1-f17045890ce9,1
1-d12126cb-a55c-411f-bb80-e015ab217928,de_mirage,2c664016-64b5-45c8-99b1-f17045890ce9,b10cd2ba-fdaf-46bf-aba0-7397bde298e9,flacotiverso,15,14,3,53,2c664016-64b5-45c8-99b1-f17045890ce9,1
1-d20091cf-e75b-4461-a0a3-91f2dcdc9a68,de_dust2,f4f4de5d-7b4e-4693-8f0b-93c722ca780c,99c560e6-662d-4b0c-a48b-b232fa52cb88,n0xinho,17,10,7,59,f4f4de5d-7b4e-4693-8f0b-93c722ca780c,1
1-d20091cf-e75b-4461-a0a3-91f2dcdc9a68,de_dust2,f4f4de5d-7b4e-4693-8f0b-93c722ca780c,a24967e1-bb38-4b2f-bb78-e118e613c0c7,gordotiverso,11,9,4,45,f4f4de5d-7b4e-4693-8f0b-93c722ca780c,1
1-d20091cf-e75b-4461-a0a3-91f2dcdc9a68,de_dust2,f4f4de5d-7b4e-4693-8f0b-93c722ca780c,1acb8f8e-b15e-49c2-8a91-88bf299f0f99,santibest10,24,8,6,50,f4f4de5d-7b4e-4693-8f0b-93c722ca780c,1
1-d20091cf-e75b-4461-a0a3-91f2dcdc9a68,de_dust2,f4f4de5d-7b4e-4693-8f0b-93c722ca780c,b10cd2ba-fdaf-46bf-aba0-7397bde298e9,flacotiverso,15,11,6,53,f4f4de5d-7b4e-4693-8f0b-93c722ca780c,1
1-d3c374ad-f64d-4be4-9ba5-d837ea2004e7,de_dust2,ad3d1390-9edf-4170-9f42-e39e4ac2e217,1acb8f8e-b15e-49c2-8a91-88bf299f0f99,santibest10,18,14,8,44,d8533893-1003-4b7a-ac06-7d6b5ac1cc2e,0
1-d3c374ad-f64d-4be4-9ba5-d837ea2004e7,de_dust2,ad3d1390-9edf-4170-9f42-e39e4ac2e217,bc8c9779-1f8f-4017-9646-6701423c6ff9,frantarasco,8,16,6,38,d8533893-1003-4b7a-ac06-7d6b5ac1cc2e,0
1-d3c374ad-f64d-4be4-9ba5-d837ea2004e7,de_dust2,ad3d1390-9edf-4170-9f42-e39e4ac2e217,99c560e6-662d-4b0c-a48b-b232fa52cb88,n0xinho,21,16,5,43,d8533893-1003-4b7a-ac06-7d6b5ac1cc2e,0
1-d3c374ad-f64d-4be4-9ba5-d837ea2004e7,de_dust2,ad3d1390-9edf-4170-9f42-e39e4ac2e217,d2d79f95-19d1-479b-82e9-97b88223f169,agb-_-,10,16,1,40,d8533893-1003-4b7a-ac06-7d6b5ac1cc2e,0
1-d3c374ad-f64d-4be4-9ba5-d837ea2004e7,de_dust2,ad3d1390-9edf-4170-9f42-e39e4ac2e217,b10cd2ba-fdaf-46bf-aba0-7397bde298e9,flacotiverso,11,15,8,27,d8533893-1003-4b7a-ac06-7d6b5ac1cc2e,0
1-d440a9c3-5d9e-46ad-a93a-9c12935a876a,de_dust2,bff5047d-98bd-4fe1-ad28-04b5995cea3b,a24967e1-bb38-4b2f-bb78-e118e613c0c7,gordotiverso,22,14,2,45,bff5047d-98bd-4fe1-ad28-04b5995cea3b,1
1-d440a9c3-5d9e-46ad-a93a-9c12935a876a,de_dust2,bff5047d-98bd-4fe1-ad28-04b5995cea3b,1acb8f8e-b15e-49c2-8a91-88bf299f0f99,santibest10,24,15,6,58,bff5047d-98bd-4fe1-ad28-04b5995cea3b,1
1-d440a9c3-5d9e-46ad-a93a-9c12935a876a,de_dust2,bff5047d-98bd-4fe1-ad28-04b5995cea3b,bc8c9779-1f8f-4017-9646-6701423c6ff9,frantarasco,16,16,3,69,bff5047d-98bd-4fe1-ad28-04b5995cea3b,1
1-d4da3b71-a414-4a19-b79c-f582ba23a082,de_inferno,5716f61e-3863-4d25-9bb4-f64552a5113b,99c560e6-662d-4b0c-a48b-b232fa52cb88,n0xinho,17,10,8,47,5716f61e-3863-4d25-9bb4-f64552a5113b,1
1-d4da3b71-a414-4a19-b79c-f582ba23a082,de_inferno,5716f61e-3863-4d25-9bb4-f64552a5113b,a62e1894-7ac4-4d65-9c92-939ca4f0f200,Fakabot,18,13,2,61,5716f61e-3863-4d25-9bb4-f64552a5113b,1
1-d4da3b71-a414-4a19-b79c-f582ba23a082,de_inferno,5716f61e-3863-4d25-9bb4-f64552a5113b,bc8c9779-1f8f-4017-9646-6701423c6ff9,frantarasco,16,13,8,31,5716f61e-3863-4d25-9bb4-f64552a5113b,1
1-d4da3b71-a414-4a19-b79c-f582ba23a082,de_inferno,5716f61e-3863-4d25-9bb4-f64552a5113b,b10cd2ba-fdaf-46bf-aba0-7397bde298e9,flacotiverso,15,12,10,40,5716f61e-3863-4d25-9bb4-f64552a5113b,1
1-d4da3b71-a414-4a19-b79c-f582ba23a082,de_inferno,5716f61e-3863-4d25-9bb4-f64552a5113b,d02c4268-5e5e-426c-9125-4a81d6ad4d7d,ELGERENTE,12,13,3,50,5716f61e-3863-4d25-9bb4-f64552a5113b,1
1-d6240447-993b-4266-bf86-d937d86ad411,de_mirage,acf24035-c7e5-49bc-8a04-7ca44018cb92,a62e1894-7ac4-4d65-9c92-939ca4f0f200,Fakabot,25,18,15,40,acf24035-c7e5-49bc-8a04-7ca44018cb92,1
1-d6240447-993b-4266-bf86-d937d86ad411,de_mirage,acf24035-c7e5-49bc-8a04-7ca44018cb92,a24967e1-bb38-4b2f-bb78-e118e613c0c7,gordotiverso,17,18,7,47,acf24035-c7e5-49bc-8a04-7ca44018cb92,1
1-d6240447-993b-4266-bf86-d937d86ad411,de_mirage,acf24035-c7e5-49bc-8a04-7ca44018cb92,99c560e6-662d-4b0c-a48b-b232fa52cb88,n0xinho,23,17,7,39,acf24035-c7e5-49bc-8a04-7ca44018cb92,1
1-d6240447-993b-4266-bf86-d937d86ad411,de_mirage,acf24035-c7e5-49bc-8a04-7ca44018cb92,1acb8f8e-b15e-49c2-8a91-88bf299f0f99,santibest10,23,20,10,26,acf24035-c7e5-49bc-8a04-7ca44018cb92,1
1-d6240447-993b-4266-bf86-d937d86ad411,de_mirage,acf24035-c7e5-49bc-8a04-7ca44018cb92,d02c4268-5e5e-426c-9125-4a81d6ad4d7d,ELGERENTE,14,19,6,14,acf24035-c7e5-49bc-8a04-7ca44018cb92,1
1-d71ba918-6f28-4047-8966-ad0e80ff30b7,de_mirage,1f401705-5323-42f2-b0e2-eca857bce1ff,a24967e1-bb38-4b2f-bb78-e118e613c0c7,gordotiverso,10,17,4,20,1f401705-5323-42f2-b0e2-eca857bce1ff,1
1-d71ba918-6f28-4047-8966-ad0e80ff30b7,de_mirage,1f401705-5323-42f2-b0e2-eca857bce1ff,b10cd2ba-fdaf-46bf-aba0-7397bde298e9,flacotiverso,9,17,8,33,1f401705-5323-42f2-b0e2-eca857bce1ff,1
1-d73a44f0-461b-4c66-b3d2-fdfae2174dd0,de_dust2,3133516c-b7b9-4453-b1de-bb358fa1a2e4,99c560e6-662d-4b0c-a48b-b232fa52cb88,n0xinho,19,15,1,26,ac329c30-2a06-4221-9724-50f3f08161c9,0
1-d73a44f0-461b-4c66-b3d2-fdfae2174dd0,de_dust2,3133516c-b7b9-4453-b1de-bb358fa1a2e4,d2d79f95-19d1-479b-82e9-97b88223f169,agb-_-,8,16,6,25,ac329c30-2a06-4221-9724-50f3f08161c9,0
1-d73a44f0-461b-4c66-b3d2-fdfae2174dd0,de_dust2,3133516c-b7b9-4453-b1de-bb358fa1a2e4,1acb8f8e-b15e-49c2-8a91-88bf299f0f99,santibest10,20,16,4,25,ac329c30-2a06-4221-9724-50f3f08161c9,0
1-d73a44f0-461b-4c66-b3d2-fdfae2174dd0,de_dust2,3133516c-b7b9-4453-b1de-bb358fa1a2e4,b10cd2ba-fdaf-46bf-aba0-7397bde298e9,flacotiverso,9,19,10,44,ac329c30-2a06-4221-9724-50f3f08161c9,0
1-d76bcf63-403d-43d2-8338-503740126574,de_mirage,08838397-00a4-490d-91b6-18828539dcec,3b3b0662-0a3a-418c-9734-2f2051b049fc,polski-,8,15,5,25,67d36b34-17c3-43cb-b946-4c90db0e9c07,0
1-d76bcf63-403d-43d2-8338-503740126574,de_mirage,08838397-00a4-490d-91b6-18828539dcec,d2d79f95-19d1-479b-82e9-97b88223f169,agb-_-,2,16,6,0,67d36b34-17c3-43cb-b946-4c90db0e9c07,0
1-d98038ec-508b-49d7-a86f-48bca72b853d,de_ancient,b58f767a-3e9f-46ed-a667-faf5105f6f1d,1acb8f8e-b15e-49c2-8a91-88bf299f0f99,santibest10,18,15,4,22,be4d1018-9c57-4979-8939-720e0362fed1,0
1-d98038ec-508b-49d7-a86f-48bca72b853d,de_ancient,b58f767a-3e9f-46ed-a667-faf5105f6f1d,a24967e1-bb38-4b2f-bb78-e118e613c0c7,gordotiverso,10,19,9,70,be4d1018-9c57-4979-8939-720e0362fed1,0
1-d98038ec-508b-49d7-a86f-48bca72b853d,de_ancient,b58f767a-3e9f-46ed-a667-faf5105f6f1d,bc8c9779-1f8f-4017-9646-6701423c6ff9,frantarasco,15,20,6,47,be4d1018-9c57-4979-8939-720e0362fed1,0
1-d98038ec-508b-49d7-a86f-48bca72b853d,de_ancient,b58f767a-3e9f-46ed-a667-faf5105f6f1d,99c560e6-662d-4b0c-a48b-b232fa52cb88,n0xinho,17,13,3,29,be4d1018-9c57-4979-8939-720e0362fed1,0
1-d98038ec-508b-49d7-a86f-48bca72b853d,de_ancient,b58f767a-3e9f-46ed-a667-faf5105f6f1d,d2d79f95-19d1-479b-82e9-97b88223f169,agb-_-,21,18,10,52,be4d1018-9c57-4979-8939-720e0362fed1,0
1-d9f6df3f-6f69-495c-8f6f-37f6317fceda,de_cache,95c032df-440f-4075-b86d-d65549bf88c9,bc8c9779-1f8f-4017-9646-6701423c6ff9,frantarasco,15,16,3,60,84402d93-dc3b-46c0-8fea-429cabba84cc,0
1-d9f6df3f-6f69-495c-8f6f-37f6317fceda,de_cache,95c032df-440f-4075-b86d-d65549bf88c9,99c560e6-662d-4b0c-a48b-b232fa52cb88,n0xinho,13,16,2,62,84402d93-dc3b-46c0-8fea-429cabba84cc,0
1-d9f6df3f-6f69-495c-8f6f-37f6317fceda,de_cache,95c032df-440f-4075-b86d-d65549bf88c9,1acb8f8e-b15e-49c2-8a91-88bf299f0f99,santibest10,11,15,8,64,84402d93-dc3b-46c0-8fea-429cabba84cc,0
1-d9f6df3f-6f69-495c-8f6f-37f6317fceda,de_cache,95c032df-440f-4075-b86d-d65549bf88c9,b10cd2ba-fdaf-46bf-aba0-7397bde298e9,flacotiverso,15,17,3,47,84402d93-dc3b-46c0-8fea-429cabba84cc,0
1-d9f6df3f-6f69-495c-8f6f-37f6317fceda,de_cache,95c032df-440f-4075-b86d-d65549bf88c9,49a74302-be88-4ac5-9a6c-f0c7864e6b2d,hhmero,6,17,5,50,84402d93-dc3b-46c0-8fea-429cabba84cc,0
1-da227185-ee66-46c2-8a5d-5ea8a8fb7fd3,de_dust2,78358966-1179-470f-841a-35071b7bbcf3,1acb8f8e-b15e-49c2-8a91-88bf299f0f99,santibest10,19,8,3,53,78358966-1179-470f-841a-35071b7bbcf3,1
1-da227185-ee66-46c2-8a5d-5ea8a8fb7fd3,de_dust2,78358966-1179-470f-841a-35071b7bbcf3,bc8c9779-1f8f-4017-9646-6701423c6ff9,frantarasco,16,9,4,56,78358966-1179-470f-841a-35071b7bbcf3,1
1-da4892dd-78b5-4ca5-acd9-edccfe705592,de_mirage,d2d79f95-19d1-479b-82e9-97b88223f169,d2d79f95-19d1-479b-82e9-97b88223f169,agb-_-,12,14,1,58,6b27e812-f82f-4603-af27-b2f2a80d1e2a,0
1-da4892dd-78b5-4ca5-acd9-edccfe705592,de_mirage,d2d79f95-19d1-479b-82e9-97b88223f169,3b3b0662-0a3a-418c-9734-2f2051b049fc,polski-,11,13,4,36,6b27e812-f82f-4603-af27-b2f2a80d1e2a,0
1-da4892dd-78b5-4ca5-acd9-edccfe705592,de_mirage,d2d79f95-19d1-479b-82e9-97b88223f169,99c560e6-662d-4b0c-a48b-b232fa52cb88,n0xinho,17,13,1,41,6b27e812-f82f-4603-af27-b2f2a80d1e2a,0
1-da4892dd-78b5-4ca5-acd9-edccfe705592,de_mirage,d2d79f95-19d1-479b-82e9-97b88223f169,d02c4268-5e5e-426c-9125-4a81d6ad4d7d,ELGERENTE,7,16,4,43,6b27e812-f82f-4603-af27-b2f2a80d1e2a,0
1-da931e54-0275-4bc3-9b0b-06adc282ab10,de_mirage,bc8c9779-1f8f-4017-9646-6701423c6ff9,bc8c9779-1f8f-4017-9646-6701423c6ff9,frantarasco,12,18,1,42,a9f328cc-f9cb-4c64-89e5-f451acd515be,0
1-da931e54-0275-4bc3-9b0b-06adc282ab10,de_mirage,bc8c9779-1f8f-4017-9646-6701423c6ff9,d2d79f95-19d1-479b-82e9-97b88223f169,agb-_-,19,18,6,32,a9f328cc-f9cb-4c64-89e5-f451acd515be,0
1-da931e54-0275-4bc3-9b0b-06adc282ab10,de_mirage,bc8c9779-1f8f-4017-9646-6701423c6ff9,1acb8f8e-b15e-49c2-8a91-88bf299f0f99,santibest10,26,15,8,46,a9f328cc-f9cb-4c64-89e5-f451acd515be,0
1-da931e54-0275-4bc3-9b0b-06adc282ab10,de_mirage,bc8c9779-1f8f-4017-9646-6701423c6ff9,a24967e1-bb38-4b2f-bb78-e118e613c0c7,gordotiverso,8,15,3,50,a9f328cc-f9cb-4c64-89e5-f451acd515be,0
1-daa74421-6d43-4e48-aa9f-68d744229521,de_mirage,d2d79f95-19d1-479b-82e9-97b88223f169,d2d79f95-19d1-479b-82e9-97b88223f169,agb-_-,33,23,4,48,d2d79f95-19d1-479b-82e9-97b88223f169,1
1-daa74421-6d43-4e48-aa9f-68d744229521,de_mirage,d2d79f95-19d1-479b-82e9-97b88223f169,b10cd2ba-fdaf-46bf-aba0-7397bde298e9,flacotiverso,17,18,5,59,d2d79f95-19d1-479b-82e9-97b88223f169,1
1-daa74421-6d43-4e48-aa9f-68d744229521,de_mirage,d2d79f95-19d1-479b-82e9-97b88223f169,d02c4268-5e5e-426c-9125-4a81d6ad4d7d,ELGERENTE,12,17,7,50,d2d79f95-19d1-479b-82e9-97b88223f169,1
1-dad604b8-2d65-45bc-99b0-8b8648f6f4a0,de_inferno,42002e13-664b-4836-87bc-2816d1ee92ca,a62e1894-7ac4-4d65-9c92-939ca4f0f200,Fakabot,11,9,4,82,292a45c6-0ed3-4677-97af-fb3af053b64e,0
1-dad604b8-2d65-45bc-99b0-8b8648f6f4a0,de_inferno,42002e13-664b-4836-87bc-2816d1ee92ca,b10cd2ba-fdaf-46bf-aba0-7397bde298e9,flacotiverso,2,10,2,50,292a45c6-0ed3-4677-97af-fb3af053b64e,0
1-dad604b8-2d65-45bc-99b0-8b8648f6f4a0,de_inferno,42002e13-664b-4836-87bc-2816d1ee92ca,a24967e1-bb38-4b2f-bb78-e118e613c0c7,gordotiverso,7,10,1,57,292a45c6-0ed3-4677-97af-fb3af053b64e,0
1-daea6530-a641-46d2-883f-4294f2f4da6e,de_ancient,e4ff793f-1aed-4c77-aa57-da0b35bafb65,1acb8f8e-b15e-49c2-8a91-88bf299f0f99,santibest10,23,16,7,43,eec90cc4-7d6c-4015-9f07-454cdb68ac93,0
1-daea6530-a641-46d2-883f-4294f2f4da6e,de_ancient,e4ff793f-1aed-4c77-aa57-da0b35bafb65,a24967e1-bb38-4b2f-bb78-e118e613c0c7,gordotiverso,11,18,3,45,eec90cc4-7d6c-4015-9f07-454cdb68ac93,0
1-daea6530-a641-46d2-883f-4294f2f4da6e,de_ancient,e4ff793f-1aed-4c77-aa57-da0b35bafb65,99c560e6-662d-4b0c-a48b-b232fa52cb88,n0xinho,21,18,7,57,eec90cc4-7d6c-4015-9f07-454cdb68ac93,0
1-daea6530-a641-46d2-883f-4294f2f4da6e,de_ancient,e4ff793f-1aed-4c77-aa57-da0b35bafb65,d2d79f95-19d1-479b-82e9-97b88223f169,agb-_-,11,19,5,36,eec90cc4-7d6c-4015-9f07-454cdb68ac93,0
1-db6b4580-7d3a-4f50-879c-f7e6d610fca7,de_dust2,158a78b7-5a94-49c1-8580-c22e77beec49,49a74302-be88-4ac5-9a6c-f0c7864e6b2d,hhmero,12,18,5,75,4eff27ca-cef5-48d4-bfeb-f8e65ba6466a,0
1-db6b4580-7d3a-4f50-879c-f7e6d610fca7,de_dust2,158a78b7-5a94-49c1-8580-c22e77beec49,b10cd2ba-fdaf-46bf-aba0-7397bde298e9,flacotiverso,14,21,4,57,4eff27ca-cef5-48d4-bfeb-f8e65ba6466a,0
1-db9b628a-b6ab-47db-acc3-1cab2fb08175,de_dust2,d02c4268-5e5e-426c-9125-4a81d6ad4d7d,d02c4268-5e5e-426c-9125-4a81d6ad4d7d,ELGERENTE,26,16,7,35,d02c4268-5e5e-426c-9125-4a81d6ad4d7d,1
1-db9b628a-b6ab-47db-acc3-1cab2fb08175,de_dust2,d02c4268-5e5e-426c-9125-4a81d6ad4d7d,bc8c9779-1f8f-4017-9646-6701423c6ff9,frantarasco,16,19,5,31,d02c4268-5e5e-426c-9125-4a81d6ad4d7d,1
1-db9b628a-b6ab-47db-acc3-1cab2fb08175,de_dust2,d02c4268-5e5e-426c-9125-4a81d6ad4d7d,b10cd2ba-fdaf-46bf-aba0-7397bde298e9,flacotiverso,17,18,6,35,d02c4268-5e5e-426c-9125-4a81d6ad4d7d,1
1-dc2b08b4-391e-4e78-b2e5-7f554428773e,de_inferno,1486bb6d-13b8-4fd6-80e3-5a723a4018c8,d2d79f95-19d1-479b-82e9-97b88223f169,agb-_-,5,13,1,20,b2cd9a7a-5243-4358-8d53-36c8a8b0ada1,0
1-dc2b08b4-391e-4e78-b2e5-7f554428773e,de_inferno,1486bb6d-13b8-4fd6-80e3-5a723a4018c8,b10cd2ba-fdaf-46bf-aba0-7397bde298e9,flacotiverso,6,15,0,67,b2cd9a7a-5243-4358-8d53-36c8a8b0ada1,0
1-dc2b08b4-391e-4e78-b2e5-7f554428773e,de_inferno,1486bb6d-13b8-4fd6-80e3-5a723a4018c8,d02c4268-5e5e-426c-9125-4a81d6ad4d7d,ELGERENTE,5,15,3,80,b2cd9a7a-5243-4358-8d53-36c8a8b0ada1,0
1-dc518002-43a3-49ce-a678-ffab52d43d47,de_dust2,95c032df-440f-4075-b86d-d65549bf88c9,bc8c9779-1f8f-4017-9646-6701423c6ff9,frantarasco,14,17,7,64,95c032df-440f-4075-b86d-d65549bf88c9,1
1-dc518002-43a3-49ce-a678-ffab52d43d47,de_dust2,95c032df-440f-4075-b86d-d65549bf88c9,a24967e1-bb38-4b2f-bb78-e118e613c0c7,gordotiverso,23,15,4,48,95c032df-440f-4075-b86d-d65549bf88c9,1
1-dc518002-43a3-49ce-a678-ffab52d43d47,de_dust2,95c032df-440f-4075-b86d-d65549bf88c9,99c560e6-662d-4b0c-a48b-b232fa52cb88,n0xinho,17,13,9,53,95c032df-440f-4075-b86d-d65549bf88c9,1
1-dc518002-43a3-49ce-a678-ffab52d43d47,de_dust2,95c032df-440f-4075-b86d-d65549bf88c9,1acb8f8e-b15e-49c2-8a91-88bf299f0f99,santibest10,15,14,9,40,95c032df-440f-4075-b86d-d65549bf88c9,1
1-dc518002-43a3-49ce-a678-ffab52d43d47,de_dust2,95c032df-440f-4075-b86d-d65549bf88c9,b10cd2ba-fdaf-46bf-aba0-7397bde298e9,flacotiverso,15,12,6,47,95c032df-440f-4075-b86d-d65549bf88c9,1
1-de96bacc-0380-4e10-b866-8b0241dd8c13,de_mirage,efd092ed-7b61-4733-8a67-e03a2f0b5101,99c560e6-662d-4b0c-a48b-b232fa52cb88,n0xinho,25,8,7,40,efd092ed-7b61-4733-8a67-e03a2f0b5101,1
1-de96bacc-0380-4e10-b866-8b0241dd8c13,de_mirage,efd092ed-7b61-4733-8a67-e03a2f0b5101,a62e1894-7ac4-4d65-9c92-939ca4f0f200,Fakabot,11,10,6,45,efd092ed-7b61-4733-8a67-e03a2f0b5101,1
1-de96bacc-0380-4e10-b866-8b0241dd8c13,de_mirage,efd092ed-7b61-4733-8a67-e03a2f0b5101,a24967e1-bb38-4b2f-bb78-e118e613c0c7,gordotiverso,13,10,6,31,efd092ed-7b61-4733-8a67-e03a2f0b5101,1
1-de96bacc-0380-4e10-b866-8b0241dd8c13,de_mirage,efd092ed-7b61-4733-8a67-e03a2f0b5101,4482a031-efdb-4c3a-899f-6e5c22310547,santutu_,19,9,6,58,efd092ed-7b61-4733-8a67-e03a2f0b5101,1
1-de96bacc-0380-4e10-b866-8b0241dd8c13,de_mirage,efd092ed-7b61-4733-8a67-e03a2f0b5101,b10cd2ba-fdaf-46bf-aba0-7397bde298e9,flacotiverso,10,11,6,20,efd092ed-7b61-4733-8a67-e03a2f0b5101,1
1-dffc5611-427b-4df7-8989-95ee6894ff66,de_dust2,b10cd2ba-fdaf-46bf-aba0-7397bde298e9,b10cd2ba-fdaf-46bf-aba0-7397bde298e9,flacotiverso,18,19,4,50,022bd1f4-35b1-41d2-94d0-f24fbef7568e,0
1-dffc5611-427b-4df7-8989-95ee6894ff66,de_dust2,b10cd2ba-fdaf-46bf-aba0-7397bde298e9,a24967e1-bb38-4b2f-bb78-e118e613c0c7,gordotiverso,17,18,5,41,022bd1f4-35b1-41d2-94d0-f24fbef7568e,0
1-e084f3fd-a602-4185-8b03-d2c148f38b62,de_mirage,2120428e-af4b-41ef-84da-aea6271e5e6a,bc8c9779-1f8f-4017-9646-6701423c6ff9,frantarasco,21,15,2,38,2120428e-af4b-41ef-84da-aea6271e5e6a,1
1-e084f3fd-a602-4185-8b03-d2c148f38b62,de_mirage,2120428e-af4b-41ef-84da-aea6271e5e6a,b10cd2ba-fdaf-46bf-aba0-7397bde298e9,flacotiverso,14,15,8,50,2120428e-af4b-41ef-84da-aea6271e5e6a,1
1-e12f093d-8a80-48e5-b457-1bb2c1ff8415,de_ancient,f7c7f90c-9909-4299-8f41-1659e701b209,bc8c9779-1f8f-4017-9646-6701423c6ff9,frantarasco,23,17,4,26,f7c7f90c-9909-4299-8f41-1659e701b209,1
1-e12f093d-8a80-48e5-b457-1bb2c1ff8415,de_ancient,f7c7f90c-9909-4299-8f41-1659e701b209,a62e1894-7ac4-4d65-9c92-939ca4f0f200,Fakabot,24,16,7,50,f7c7f90c-9909-4299-8f41-1659e701b209,1
1-e12f093d-8a80-48e5-b457-1bb2c1ff8415,de_ancient,f7c7f90c-9909-4299-8f41-1659e701b209,a24967e1-bb38-4b2f-bb78-e118e613c0c7,gordotiverso,12,16,8,42,f7c7f90c-9909-4299-8f41-1659e701b209,1
1-e12f093d-8a80-48e5-b457-1bb2c1ff8415,de_ancient,f7c7f90c-9909-4299-8f41-1659e701b209,922e6ce2-7279-4771-93eb-d14c89041c76,monzooo,13,20,11,46,f7c7f90c-9909-4299-8f41-1659e701b209,1
1-e12f093d-8a80-48e5-b457-1bb2c1ff8415,de_ancient,f7c7f90c-9909-4299-8f41-1659e701b209,b10cd2ba-fdaf-46bf-aba0-7397bde298e9,flacotiverso,18,14,2,28,f7c7f90c-9909-4299-8f41-1659e701b209,1
1-e3e8e680-4ac6-4e13-afdb-45fe383d60a3,de_mirage,4b861fb6-41c9-46df-b109-471d646fe301,b10cd2ba-fdaf-46bf-aba0-7397bde298e9,flacotiverso,12,6,3,50,4b861fb6-41c9-46df-b109-471d646fe301,1
1-e3e8e680-4ac6-4e13-afdb-45fe383d60a3,de_mirage,4b861fb6-41c9-46df-b109-471d646fe301,a24967e1-bb38-4b2f-bb78-e118e613c0c7,gordotiverso,5,5,1,40,4b861fb6-41c9-46df-b109-471d646fe301,1
1-e4e9f2a3-87c9-470f-a650-88a492b3ffeb,de_inferno,1acb8f8e-b15e-49c2-8a91-88bf299f0f99,1acb8f8e-b15e-49c2-8a91-88bf299f0f99,santibest10,23,25,9,43,7bc9e705-4f37-462b-8e4c-ab0e3c0cd37a,0
1-e4e9f2a3-87c9-470f-a650-88a492b3ffeb,de_inferno,1acb8f8e-b15e-49c2-8a91-88bf299f0f99,d2d79f95-19d1-479b-82e9-97b88223f169,agb-_-,49,30,12,51,7bc9e705-4f37-462b-8e4c-ab0e3c0cd37a,0
1-e4e9f2a3-87c9-470f-a650-88a492b3ffeb,de_inferno,1acb8f8e-b15e-49c2-8a91-88bf299f0f99,bc8c9779-1f8f-4017-9646-6701423c6ff9,frantarasco,21,30,5,38,7bc9e705-4f37-462b-8e4c-ab0e3c0cd37a,0
1-e4f12975-b0b6-47d2-b8c7-4cebd586fa36,de_ancient,9bfa68e2-7350-4617-aa77-705ed730b31b,3b3b0662-0a3a-418c-9734-2f2051b049fc,polski-,14,12,3,43,58d715c6-6346-4612-adad-f32f670d4048,0
1-e4f12975-b0b6-47d2-b8c7-4cebd586fa36,de_ancient,9bfa68e2-7350-4617-aa77-705ed730b31b,1acb8f8e-b15e-49c2-8a91-88bf299f0f99,santibest10,10,14,3,50,58d715c6-6346-4612-adad-f32f670d4048,0
1-e4f12975-b0b6-47d2-b8c7-4cebd586fa36,de_ancient,9bfa68e2-7350-4617-aa77-705ed730b31b,d2d79f95-19d1-479b-82e9-97b88223f169,agb-_-,6,15,2,0,58d715c6-6346-4612-adad-f32f670d4048,0
1-e4f68886-d662-4e45-8ea7-632367a68fb0,de_mirage,3b3b0662-0a3a-418c-9734-2f2051b049fc,3b3b0662-0a3a-418c-9734-2f2051b049fc,polski-,14,13,1,57,110f566c-ccec-4b8f-b8a4-6b05bf6c5b36,0
1-e4f68886-d662-4e45-8ea7-632367a68fb0,de_mirage,3b3b0662-0a3a-418c-9734-2f2051b049fc,1acb8f8e-b15e-49c2-8a91-88bf299f0f99,santibest10,10,15,2,50,110f566c-ccec-4b8f-b8a4-6b05bf6c5b36,0
1-e4f68886-d662-4e45-8ea7-632367a68fb0,de_mirage,3b3b0662-0a3a-418c-9734-2f2051b049fc,d2d79f95-19d1-479b-82e9-97b88223f169,agb-_-,5,15,6,40,110f566c-ccec-4b8f-b8a4-6b05bf6c5b36,0
1-e5752ed0-5abf-449b-aa83-0d65e22f2598,de_mirage,99c560e6-662d-4b0c-a48b-b232fa52cb88,99c560e6-662d-4b0c-a48b-b232fa52cb88,n0xinho,18,16,4,28,c5e65e9b-039d-4f38-bd0f-a1cc65b1a3ad,0
1-e5752ed0-5abf-449b-aa83-0d65e22f2598,de_mirage,99c560e6-662d-4b0c-a48b-b232fa52cb88,a24967e1-bb38-4b2f-bb78-e118e613c0c7,gordotiverso,6,18,5,67,c5e65e9b-039d-4f38-bd0f-a1cc65b1a3ad,0
1-e5752ed0-5abf-449b-aa83-0d65e22f2598,de_mirage,99c560e6-662d-4b0c-a48b-b232fa52cb88,3b3b0662-0a3a-418c-9734-2f2051b049fc,polski-,16,17,3,75,c5e65e9b-039d-4f38-bd0f-a1cc65b1a3ad,0
1-e904cb9d-dd09-4a86-995d-d6bcd58e6ff7,de_mirage,e5d50d23-bc21-4ecc-8045-596f6d4b35b2,bc8c9779-1f8f-4017-9646-6701423c6ff9,frantarasco,16,20,6,44,446fa718-6726-48cd-8c96-b263483ae2ed,0
1-e904cb9d-dd09-4a86-995d-d6bcd58e6ff7,de_mirage,e5d50d23-bc21-4ecc-8045-596f6d4b35b2,a24967e1-bb38-4b2f-bb78-e118e613c0c7,gordotiverso,16,15,5,31,446fa718-6726-48cd-8c96-b263483ae2ed,0
1-e904cb9d-dd09-4a86-995d-d6bcd58e6ff7,de_mirage,e5d50d23-bc21-4ecc-8045-596f6d4b35b2,b10cd2ba-fdaf-46bf-aba0-7397bde298e9,flacotiverso,13,20,5,46,446fa718-6726-48cd-8c96-b263483ae2ed,0
1-e919ebb9-57b1-4efb-a30f-bd8f06a5384a,de_mirage,a3d80859-2828-4099-bc04-f9f970e63318,b10cd2ba-fdaf-46bf-aba0-7397bde298e9,flacotiverso,17,13,5,47,a3d80859-2828-4099-bc04-f9f970e63318,1
1-e919ebb9-57b1-4efb-a30f-bd8f06a5384a,de_mirage,a3d80859-2828-4099-bc04-f9f970e63318,a24967e1-bb38-4b2f-bb78-e118e613c0c7,gordotiverso,15,10,5,33,a3d80859-2828-4099-bc04-f9f970e63318,1
1-ea5ccee9-f087-4cff-8bf6-8460e784f6b1,de_mirage,7126f963-1268-4a17-a208-1aae27f55eb8,99c560e6-662d-4b0c-a48b-b232fa52cb88,n0xinho,17,11,3,53,7126f963-1268-4a17-a208-1aae27f55eb8,1
1-ea5ccee9-f087-4cff-8bf6-8460e784f6b1,de_mirage,7126f963-1268-4a17-a208-1aae27f55eb8,a24967e1-bb38-4b2f-bb78-e118e613c0c7,gordotiverso,10,15,5,50,7126f963-1268-4a17-a208-1aae27f55eb8,1
1-ea5ccee9-f087-4cff-8bf6-8460e784f6b1,de_mirage,7126f963-1268-4a17-a208-1aae27f55eb8,bc8c9779-1f8f-4017-9646-6701423c6ff9,frantarasco,11,16,6,27,7126f963-1268-4a17-a208-1aae27f55eb8,1
1-ea5ccee9-f087-4cff-8bf6-8460e784f6b1,de_mirage,7126f963-1268-4a17-a208-1aae27f55eb8,d02c4268-5e5e-426c-9125-4a81d6ad4d7d,ELGERENTE,22,13,3,68,7126f963-1268-4a17-a208-1aae27f55eb8,1
1-ea5ccee9-f087-4cff-8bf6-8460e784f6b1,de_mirage,7126f963-1268-4a17-a208-1aae27f55eb8,49a74302-be88-4ac5-9a6c-f0c7864e6b2d,hhmero,15,16,4,40,7126f963-1268-4a17-a208-1aae27f55eb8,1
1-ea82f9c5-1d68-4ffa-a9f5-0fed48dff319,de_inferno,b97cd192-74a7-490b-ba6f-2944de043427,3b3b0662-0a3a-418c-9734-2f2051b049fc,polski-,35,18,9,51,054c05c7-f955-440a-8198-3ece8ba35e63,0
1-ea82f9c5-1d68-4ffa-a9f5-0fed48dff319,de_inferno,b97cd192-74a7-490b-ba6f-2944de043427,a24967e1-bb38-4b2f-bb78-e118e613c0c7,gordotiverso,9,23,6,33,054c05c7-f955-440a-8198-3ece8ba35e63,0
1-ea82f9c5-1d68-4ffa-a9f5-0fed48dff319,de_inferno,b97cd192-74a7-490b-ba6f-2944de043427,1acb8f8e-b15e-49c2-8a91-88bf299f0f99,santibest10,31,20,4,39,054c05c7-f955-440a-8198-3ece8ba35e63,0
1-ea82f9c5-1d68-4ffa-a9f5-0fed48dff319,de_inferno,b97cd192-74a7-490b-ba6f-2944de043427,d2d79f95-19d1-479b-82e9-97b88223f169,agb-_-,14,22,12,64,054c05c7-f955-440a-8198-3ece8ba35e63,0
1-eb1f09c1-d699-4ec6-bafd-d3141a1b44ff,de_ancient,f95f3fe0-e9e5-45f7-b2e6-8bf8906a4082,a62e1894-7ac4-4d65-9c92-939ca4f0f200,Fakabot,7,14,3,57,cd3f6475-c650-4abb-b412-664d7ed50c9e,0
1-eb1f09c1-d699-4ec6-bafd-d3141a1b44ff,de_ancient,f95f3fe0-e9e5-45f7-b2e6-8bf8906a4082,a24967e1-bb38-4b2f-bb78-e118e613c0c7,gordotiverso,7,14,2,29,cd3f6475-c650-4abb-b412-664d7ed50c9e,0
1-ed6583b6-e2a9-4831-a693-e7425d6e93ec,de_dust2,f9557627-55a5-4680-bae7-00266530c99e,bc8c9779-1f8f-4017-9646-6701423c6ff9,frantarasco,9,20,7,56,82d8a66a-dcd2-40a2-8806-e90dac433573,0
1-ed6583b6-e2a9-4831-a693-e7425d6e93ec,de_dust2,f9557627-55a5-4680-bae7-00266530c99e,922e6ce2-7279-4771-93eb-d14c89041c76,monzooo,12,18,4,42,82d8a66a-dcd2-40a2-8806-e90dac433573,0
1-ed6583b6-e2a9-4831-a693-e7425d6e93ec,de_dust2,f9557627-55a5-4680-bae7-00266530c99e,d2d79f95-19d1-479b-82e9-97b88223f169,agb-_-,20,17,6,50,82d8a66a-dcd2-40a2-8806-e90dac433573,0
1-ed6583b6-e2a9-4831-a693-e7425d6e93ec,de_dust2,f9557627-55a5-4680-bae7-00266530c99e,b10cd2ba-fdaf-46bf-aba0-7397bde298e9,flacotiverso,12,16,4,42,82d8a66a-dcd2-40a2-8806-e90dac433573,0
1-ed6583b6-e2a9-4831-a693-e7425d6e93ec,de_dust2,f9557627-55a5-4680-bae7-00266530c99e,49a74302-be88-4ac5-9a6c-f0c7864e6b2d,hhmero,15,17,2,33,82d8a66a-dcd2-40a2-8806-e90dac433573,0
1-ee589f3b-fae3-4104-970f-b55e0642db6d,de_nuke,2e6e65ea-de88-4bda-9b7f-12bc4fded716,bc8c9779-1f8f-4017-9646-6701423c6ff9,frantarasco,12,18,7,25,67893ad2-8875-4572-b311-0cba48906e32,0
1-ee589f3b-fae3-4104-970f-b55e0642db6d,de_nuke,2e6e65ea-de88-4bda-9b7f-12bc4fded716,a62e1894-7ac4-4d65-9c92-939ca4f0f200,Fakabot,13,15,3,62,67893ad2-8875-4572-b311-0cba48906e32,0
1-ee589f3b-fae3-4104-970f-b55e0642db6d,de_nuke,2e6e65ea-de88-4bda-9b7f-12bc4fded716,a24967e1-bb38-4b2f-bb78-e118e613c0c7,gordotiverso,5,16,3,60,67893ad2-8875-4572-b311-0cba48906e32,0
1-ee589f3b-fae3-4104-970f-b55e0642db6d,de_nuke,2e6e65ea-de88-4bda-9b7f-12bc4fded716,d2d79f95-19d1-479b-82e9-97b88223f169,agb-_-,14,16,2,64,67893ad2-8875-4572-b311-0cba48906e32,0
1-ee589f3b-fae3-4104-970f-b55e0642db6d,de_nuke,2e6e65ea-de88-4bda-9b7f-12bc4fded716,1acb8f8e-b15e-49c2-8a91-88bf299f0f99,santibest10,23,12,3,57,67893ad2-8875-4572-b311-0cba48906e32,0
1-eeb12d3d-9e14-41cb-b082-8211059c2a1b,de_dust2,dca7e9bd-a89c-4573-b41a-3263dc2efb05,49a74302-be88-4ac5-9a6c-f0c7864e6b2d,hhmero,17,9,4,35,dca7e9bd-a89c-4573-b41a-3263dc2efb05,1
1-eeb12d3d-9e14-41cb-b082-8211059c2a1b,de_dust2,dca7e9bd-a89c-4573-b41a-3263dc2efb05,b10cd2ba-fdaf-46bf-aba0-7397bde298e9,flacotiverso,10,13,7,60,dca7e9bd-a89c-4573-b41a-3263dc2efb05,1
1-f02a2b51-8793-4bee-bb82-c8105553dd63,de_ancient,08a9894b-4403-47a8-bb53-7ecabb3b8ad2,1acb8f8e-b15e-49c2-8a91-88bf299f0f99,santibest10,22,9,5,45,08a9894b-4403-47a8-bb53-7ecabb3b8ad2,1
1-f02a2b51-8793-4bee-bb82-c8105553dd63,de_ancient,08a9894b-4403-47a8-bb53-7ecabb3b8ad2,d2d79f95-19d1-479b-82e9-97b88223f169,agb-_-,15,14,9,53,08a9894b-4403-47a8-bb53-7ecabb3b8ad2,1
1-f02a2b51-8793-4bee-bb82-c8105553dd63,de_ancient,08a9894b-4403-47a8-bb53-7ecabb3b8ad2,bc8c9779-1f8f-4017-9646-6701423c6ff9,frantarasco,12,11,2,42,08a9894b-4403-47a8-bb53-7ecabb3b8ad2,1
1-f100307e-117f-4f7d-85d4-65bf8cf67a62,de_mirage,a5cba0b8-3262-474d-9b60-a67de16ea429,1acb8f8e-b15e-49c2-8a91-88bf299f0f99,santibest10,13,16,4,31,90b8bf22-1ebe-4da8-b977-527cfa388284,0
1-f100307e-117f-4f7d-85d4-65bf8cf67a62,de_mirage,a5cba0b8-3262-474d-9b60-a67de16ea429,3b3b0662-0a3a-418c-9734-2f2051b049fc,polski-,16,15,4,56,90b8bf22-1ebe-4da8-b977-527cfa388284,0
1-f10b797b-bd96-48c1-90c8-aa1635437f0d,de_mirage,e34ff0d7-2f8b-4ba5-839d-5977a692188c,bc8c9779-1f8f-4017-9646-6701423c6ff9,frantarasco,26,12,2,46,e34ff0d7-2f8b-4ba5-839d-5977a692188c,1
1-f10b797b-bd96-48c1-90c8-aa1635437f0d,de_mirage,e34ff0d7-2f8b-4ba5-839d-5977a692188c,a24967e1-bb38-4b2f-bb78-e118e613c0c7,gordotiverso,14,13,7,29,e34ff0d7-2f8b-4ba5-839d-5977a692188c,1
1-f168b3b8-e04b-46be-b8fe-f8fe81e7a054,de_mirage,c73b39a6-4ee5-423f-8591-84a4e71e9bb1,99c560e6-662d-4b0c-a48b-b232fa52cb88,n0xinho,11,13,7,45,b7996c0b-6b15-4d49-b73f-ea133b75e5d9,0
1-f168b3b8-e04b-46be-b8fe-f8fe81e7a054,de_mirage,c73b39a6-4ee5-423f-8591-84a4e71e9bb1,4482a031-efdb-4c3a-899f-6e5c22310547,santutu_,3,15,1,33,b7996c0b-6b15-4d49-b73f-ea133b75e5d9,0
1-f168b3b8-e04b-46be-b8fe-f8fe81e7a054,de_mirage,c73b39a6-4ee5-423f-8591-84a4e71e9bb1,d2d79f95-19d1-479b-82e9-97b88223f169,agb-_-,9,16,2,44,b7996c0b-6b15-4d49-b73f-ea133b75e5d9,0
1-f168b3b8-e04b-46be-b8fe-f8fe81e7a054,de_mirage,c73b39a6-4ee5-423f-8591-84a4e71e9bb1,1acb8f8e-b15e-49c2-8a91-88bf299f0f99,santibest10,14,15,2,36,b7996c0b-6b15-4d49-b73f-ea133b75e5d9,0
1-f168b3b8-e04b-46be-b8fe-f8fe81e7a054,de_mirage,c73b39a6-4ee5-423f-8591-84a4e71e9bb1,b10cd2ba-fdaf-46bf-aba0-7397bde298e9,flacotiverso,16,15,2,50,b7996c0b-6b15-4d49-b73f-ea133b75e5d9,0
1-f264ee0c-8d09-42e6-b04b-69c85a526e8b,de_inferno,1acb8f8e-b15e-49c2-8a91-88bf299f0f99,1acb8f8e-b15e-49c2-8a91-88bf299f0f99,santibest10,22,22,4,32,c77a913e-44a7-44aa-a671-a46699430726,0
1-f264ee0c-8d09-42e6-b04b-69c85a526e8b,de_inferno,1acb8f8e-b15e-49c2-8a91-88bf299f0f99,99c560e6-662d-4b0c-a48b-b232fa52cb88,n0xinho,22,20,8,32,c77a913e-44a7-44aa-a671-a46699430726,0
1-f264ee0c-8d09-42e6-b04b-69c85a526e8b,de_inferno,1acb8f8e-b15e-49c2-8a91-88bf299f0f99,b10cd2ba-fdaf-46bf-aba0-7397bde298e9,flacotiverso,18,22,11,39,c77a913e-44a7-44aa-a671-a46699430726,0
1-f32ee7d7-93a7-4a7e-ac97-42c2ac2af067,de_dust2,3b3b0662-0a3a-418c-9734-2f2051b049fc,3b3b0662-0a3a-418c-9734-2f2051b049fc,polski-,22,9,1,50,3b3b0662-0a3a-418c-9734-2f2051b049fc,1
1-f32ee7d7-93a7-4a7e-ac97-42c2ac2af067,de_dust2,3b3b0662-0a3a-418c-9734-2f2051b049fc,99c560e6-662d-4b0c-a48b-b232fa52cb88,n0xinho,12,9,2,58,3b3b0662-0a3a-418c-9734-2f2051b049fc,1
1-f34b84d8-14c4-49ff-b284-891d03a293f8,de_mirage,88060fff-1930-403e-9702-5d0acf6258a9,1acb8f8e-b15e-49c2-8a91-88bf299f0f99,santibest10,10,16,6,10,3e474af8-c55d-42ff-9fec-b133ddf24d1b,0
1-f34b84d8-14c4-49ff-b284-891d03a293f8,de_mirage,88060fff-1930-403e-9702-5d0acf6258a9,a24967e1-bb38-4b2f-bb78-e118e613c0c7,gordotiverso,8,14,4,25,3e474af8-c55d-42ff-9fec-b133ddf24d1b,0
1-f34b84d8-14c4-49ff-b284-891d03a293f8,de_mirage,88060fff-1930-403e-9702-5d0acf6258a9,bc8c9779-1f8f-4017-9646-6701423c6ff9,frantarasco,17,15,3,35,3e474af8-c55d-42ff-9fec-b133ddf24d1b,0
1-f34b84d8-14c4-49ff-b284-891d03a293f8,de_mirage,88060fff-1930-403e-9702-5d0acf6258a9,99c560e6-662d-4b0c-a48b-b232fa52cb88,n0xinho,15,15,5,60,3e474af8-c55d-42ff-9fec-b133ddf24d1b,0
1-f34b84d8-14c4-49ff-b284-891d03a293f8,de_mirage,88060fff-1930-403e-9702-5d0acf6258a9,b10cd2ba-fdaf-46bf-aba0-7397bde298e9,flacotiverso,13,16,3,46,3e474af8-c55d-42ff-9fec-b133ddf24d1b,0
1-f35b5d44-7375-4cab-b643-064827a7c89a,de_dust2,d6dede66-dbf3-41a9-bf33-c8b51aa71c29,bc8c9779-1f8f-4017-9646-6701423c6ff9,frantarasco,13,16,10,46,d6dede66-dbf3-41a9-bf33-c8b51aa71c29,1
1-f35b5d44-7375-4cab-b643-064827a7c89a,de_dust2,d6dede66-dbf3-41a9-bf33-c8b51aa71c29,a62e1894-7ac4-4d65-9c92-939ca4f0f200,Fakabot,23,18,6,57,d6dede66-dbf3-41a9-bf33-c8b51aa71c29,1
1-f35b5d44-7375-4cab-b643-064827a7c89a,de_dust2,d6dede66-dbf3-41a9-bf33-c8b51aa71c29,d2d79f95-19d1-479b-82e9-97b88223f169,agb-_-,17,18,9,59,d6dede66-dbf3-41a9-bf33-c8b51aa71c29,1
1-f3e734e5-b2ef-4306-940b-339c1d58f5f4,de_mirage,fbd93cf3-96cc-42c1-900a-e736bc551a5b,3b3b0662-0a3a-418c-9734-2f2051b049fc,polski-,19,7,2,37,fbd93cf3-96cc-42c1-900a-e736bc551a5b,1
1-f3e734e5-b2ef-4306-940b-339c1d58f5f4,de_mirage,fbd93cf3-96cc-42c1-900a-e736bc551a5b,1acb8f8e-b15e-49c2-8a91-88bf299f0f99,santibest10,23,11,9,26,fbd93cf3-96cc-42c1-900a-e736bc551a5b,1
1-f3e734e5-b2ef-4306-940b-339c1d58f5f4,de_mirage,fbd93cf3-96cc-42c1-900a-e736bc551a5b,d2d79f95-19d1-479b-82e9-97b88223f169,agb-_-,8,16,4,38,fbd93cf3-96cc-42c1-900a-e736bc551a5b,1
1-f4483a8e-c561-49dd-a50a-9279fdef3845,de_dust2,ba9d38bd-20e9-4d6b-9ef2-1ae673582d03,3b3b0662-0a3a-418c-9734-2f2051b049fc,polski-,18,10,4,50,ba9d38bd-20e9-4d6b-9ef2-1ae673582d03,1
1-f4483a8e-c561-49dd-a50a-9279fdef3845,de_dust2,ba9d38bd-20e9-4d6b-9ef2-1ae673582d03,1acb8f8e-b15e-49c2-8a91-88bf299f0f99,santibest10,13,11,5,31,ba9d38bd-20e9-4d6b-9ef2-1ae673582d03,1
1-f4835fc0-1b31-4b7e-9dec-cf20d7e6b6e7,de_mirage,95c032df-440f-4075-b86d-d65549bf88c9,bc8c9779-1f8f-4017-9646-6701423c6ff9,frantarasco,15,18,6,40,95c032df-440f-4075-b86d-d65549bf88c9,1
1-f4835fc0-1b31-4b7e-9dec-cf20d7e6b6e7,de_mirage,95c032df-440f-4075-b86d-d65549bf88c9,a24967e1-bb38-4b2f-bb78-e118e613c0c7,gordotiverso,13,16,6,77,95c032df-440f-4075-b86d-d65549bf88c9,1
1-f4835fc0-1b31-4b7e-9dec-cf20d7e6b6e7,de_mirage,95c032df-440f-4075-b86d-d65549bf88c9,99c560e6-662d-4b0c-a48b-b232fa52cb88,n0xinho,31,15,1,42,95c032df-440f-4075-b86d-d65549bf88c9,1
1-f4835fc0-1b31-4b7e-9dec-cf20d7e6b6e7,de_mirage,95c032df-440f-4075-b86d-d65549bf88c9,d2d79f95-19d1-479b-82e9-97b88223f169,agb-_-,17,11,8,47,95c032df-440f-4075-b86d-d65549bf88c9,1
1-f4835fc0-1b31-4b7e-9dec-cf20d7e6b6e7,de_mirage,95c032df-440f-4075-b86d-d65549bf88c9,1acb8f8e-b15e-49c2-8a91-88bf299f0f99,santibest10,10,19,6,60,95c032df-440f-4075-b86d-d65549bf88c9,1
1-f4e7756a-e2b9-4ace-b46c-f89d2ab23b67,de_mirage,26ad6ab3-12ee-46f1-8bd6-650afd835f28,bc8c9779-1f8f-4017-9646-6701423c6ff9,frantarasco,13,12,6,38,26ad6ab3-12ee-46f1-8bd6-650afd835f28,1
1-f4e7756a-e2b9-4ace-b46c-f89d2ab23b67,de_mirage,26ad6ab3-12ee-46f1-8bd6-650afd835f28,a62e1894-7ac4-4d65-9c92-939ca4f0f200,Fakabot,14,12,6,43,26ad6ab3-12ee-46f1-8bd6-650afd835f28,1
1-f4e7756a-e2b9-4ace-b46c-f89d2ab23b67,de_mirage,26ad6ab3-12ee-46f1-8bd6-650afd835f28,49a74302-be88-4ac5-9a6c-f0c7864e6b2d,hhmero,19,14,4,47,26ad6ab3-12ee-46f1-8bd6-650afd835f28,1
1-f4f20610-a339-43d6-8348-d29a1dff35d2,de_dust2,7f88fdb8-a9aa-46c8-bd6a-82a92c723bd0,b10cd2ba-fdaf-46bf-aba0-7397bde298e9,flacotiverso,16,21,7,62,7f88fdb8-a9aa-46c8-bd6a-82a92c723bd0,1
1-f4f20610-a339-43d6-8348-d29a1dff35d2,de_dust2,7f88fdb8-a9aa-46c8-bd6a-82a92c723bd0,a24967e1-bb38-4b2f-bb78-e118e613c0c7,gordotiverso,27,18,2,26,7f88fdb8-a9aa-46c8-bd6a-82a92c723bd0,1
1-f4f20610-a339-43d6-8348-d29a1dff35d2,de_dust2,7f88fdb8-a9aa-46c8-bd6a-82a92c723bd0,d2d79f95-19d1-479b-82e9-97b88223f169,agb-_-,24,20,3,67,7f88fdb8-a9aa-46c8-bd6a-82a92c723bd0,1
1-f4f20610-a339-43d6-8348-d29a1dff35d2,de_dust2,7f88fdb8-a9aa-46c8-bd6a-82a92c723bd0,1acb8f8e-b15e-49c2-8a91-88bf299f0f99,santibest10,23,18,7,26,7f88fdb8-a9aa-46c8-bd6a-82a92c723bd0,1
1-f873db09-be44-4c14-9bb2-92bcae0a5402,de_ancient,a62e1894-7ac4-4d65-9c92-939ca4f0f200,a62e1894-7ac4-4d65-9c92-939ca4f0f200,Fakabot,18,12,9,61,a62e1894-7ac4-4d65-9c92-939ca4f0f200,1
1-f873db09-be44-4c14-9bb2-92bcae0a5402,de_ancient,a62e1894-7ac4-4d65-9c92-939ca4f0f200,b10cd2ba-fdaf-46bf-aba0-7397bde298e9,flacotiverso,11,13,7,36,a62e1894-7ac4-4d65-9c92-939ca4f0f200,1
1-f873db09-be44-4c14-9bb2-92bcae0a5402,de_ancient,a62e1894-7ac4-4d65-9c92-939ca4f0f200,a24967e1-bb38-4b2f-bb78-e118e613c0c7,gordotiverso,23,10,5,35,a62e1894-7ac4-4d65-9c92-939ca4f0f200,1
1-f9f0b073-67d7-4444-b66c-8851c6723696,de_mirage,99c560e6-662d-4b0c-a48b-b232fa52cb88,99c560e6-662d-4b0c-a48b-b232fa52cb88,n0xinho,16,15,8,38,8233217f-1301-43b6-903f-fdea3727bfcc,0
1-f9f0b073-67d7-4444-b66c-8851c6723696,de_mirage,99c560e6-662d-4b0c-a48b-b232fa52cb88,3b3b0662-0a3a-418c-9734-2f2051b049fc,polski-,22,20,5,41,8233217f-1301-43b6-903f-fdea3727bfcc,0
1-f9f0b073-67d7-4444-b66c-8851c6723696,de_mirage,99c560e6-662d-4b0c-a48b-b232fa52cb88,bc8c9779-1f8f-4017-9646-6701423c6ff9,frantarasco,7,19,5,57,8233217f-1301-43b6-903f-fdea3727bfcc,0
1-f9f0b073-67d7-4444-b66c-8851c6723696,de_mirage,99c560e6-662d-4b0c-a48b-b232fa52cb88,d2d79f95-19d1-479b-82e9-97b88223f169,agb-_-,18,17,5,50,8233217f-1301-43b6-903f-fdea3727bfcc,0
1-fa095f67-703b-4a3a-a0ba-78fefe433304,de_mirage,70c19fb6-21a4-4254-abd3-077fa1eec03c,1acb8f8e-b15e-49c2-8a91-88bf299f0f99,santibest10,9,16,3,44,71107d32-89c9-4702-8447-3b3e2c996a6d,0
1-fa095f67-703b-4a3a-a0ba-78fefe433304,de_mirage,70c19fb6-21a4-4254-abd3-077fa1eec03c,3b3b0662-0a3a-418c-9734-2f2051b049fc,polski-,15,16,5,67,71107d32-89c9-4702-8447-3b3e2c996a6d,0
1-fa095f67-703b-4a3a-a0ba-78fefe433304,de_mirage,70c19fb6-21a4-4254-abd3-077fa1eec03c,d2d79f95-19d1-479b-82e9-97b88223f169,agb-_-,7,17,3,86,71107d32-89c9-4702-8447-3b3e2c996a6d,0
1-fa220221-9ba4-49a4-b29b-3c68b2aae770,de_anubis,f7424ad1-c70a-4b04-abe2-d7dcf443ce77,bc8c9779-1f8f-4017-9646-6701423c6ff9,frantarasco,8,15,0,50,f057fead-768e-4def-8483-daeb17ed832c,0
1-fa220221-9ba4-49a4-b29b-3c68b2aae770,de_anubis,f7424ad1-c70a-4b04-abe2-d7dcf443ce77,b10cd2ba-fdaf-46bf-aba0-7397bde298e9,flacotiverso,19,14,6,53,f057fead-768e-4def-8483-daeb17ed832c,0
1-fa220221-9ba4-49a4-b29b-3c68b2aae770,de_anubis,f7424ad1-c70a-4b04-abe2-d7dcf443ce77,d02c4268-5e5e-426c-9125-4a81d6ad4d7d,ELGERENTE,18,14,4,44,f057fead-768e-4def-8483-daeb17ed832c,0
1-faa519eb-b245-49be-b15f-959100e869ea,de_mirage,c57b5f23-8919-4b2f-ba89-86548859c3a2,922e6ce2-7279-4771-93eb-d14c89041c76,monzooo,18,9,3,39,c57b5f23-8919-4b2f-ba89-86548859c3a2,1
1-faa519eb-b245-49be-b15f-959100e869ea,de_mirage,c57b5f23-8919-4b2f-ba89-86548859c3a2,4482a031-efdb-4c3a-899f-6e5c22310547,santutu_,10,9,3,30,c57b5f23-8919-4b2f-ba89-86548859c3a2,1
1-faa519eb-b245-49be-b15f-959100e869ea,de_mirage,c57b5f23-8919-4b2f-ba89-86548859c3a2,bc8c9779-1f8f-4017-9646-6701423c6ff9,frantarasco,12,5,5,42,c57b5f23-8919-4b2f-ba89-86548859c3a2,1
1-faa519eb-b245-49be-b15f-959100e869ea,de_mirage,c57b5f23-8919-4b2f-ba89-86548859c3a2,1acb8f8e-b15e-49c2-8a91-88bf299f0f99,santibest10,22,6,3,41,c57b5f23-8919-4b2f-ba89-86548859c3a2,1
1-faa519eb-b245-49be-b15f-959100e869ea,de_mirage,c57b5f23-8919-4b2f-ba89-86548859c3a2,b10cd2ba-fdaf-46bf-aba0-7397bde298e9,flacotiverso,7,7,2,71,c57b5f23-8919-4b2f-ba89-86548859c3a2,1
1-fd85aa74-df19-426a-9a67-ed2da98d3263,de_cache,0d685239-9151-4cc1-8bd8-e644573d1310,99c560e6-662d-4b0c-a48b-b232fa52cb88,n0xinho,35,19,6,43,0d685239-9151-4cc1-8bd8-e644573d1310,1
1-fd85aa74-df19-426a-9a67-ed2da98d3263,de_cache,0d685239-9151-4cc1-8bd8-e644573d1310,a62e1894-7ac4-4d65-9c92-939ca4f0f200,Fakabot,19,20,8,63,0d685239-9151-4cc1-8bd8-e644573d1310,1
1-fd85aa74-df19-426a-9a67-ed2da98d3263,de_cache,0d685239-9151-4cc1-8bd8-e644573d1310,a24967e1-bb38-4b2f-bb78-e118e613c0c7,gordotiverso,13,24,7,38,0d685239-9151-4cc1-8bd8-e644573d1310,1
1-fd85aa74-df19-426a-9a67-ed2da98d3263,de_cache,0d685239-9151-4cc1-8bd8-e644573d1310,bc8c9779-1f8f-4017-9646-6701423c6ff9,frantarasco,23,24,5,48,0d685239-9151-4cc1-8bd8-e644573d1310,1
1-fd85aa74-df19-426a-9a67-ed2da98d3263,de_cache,0d685239-9151-4cc1-8bd8-e644573d1310,b10cd2ba-fdaf-46bf-aba0-7397bde298e9,flacotiverso,19,19,10,42,0d685239-9151-4cc1-8bd8-e644573d1310,1
1-fe26bdd9-5df4-476d-b824-dcae4b11b4d6,de_mirage,3b3b0662-0a3a-418c-9734-2f2051b049fc,3b3b0662-0a3a-418c-9734-2f2051b049fc,polski-,28,15,6,18,e8989a3c-af88-4e11-b8c0-2bde67422f44,0
1-fe26bdd9-5df4-476d-b824-dcae4b11b4d6,de_mirage,3b3b0662-0a3a-418c-9734-2f2051b049fc,d2d79f95-19d1-479b-82e9-97b88223f169,agb-_-,15,17,4,67,e8989a3c-af88-4e11-b8c0-2bde67422f44,0
1-fe26bdd9-5df4-476d-b824-dcae4b11b4d6,de_mirage,3b3b0662-0a3a-418c-9734-2f2051b049fc,a24967e1-bb38-4b2f-bb78-e118e613c0c7,gordotiverso,6,19,5,50,e8989a3c-af88-4e11-b8c0-2bde67422f44,0
1-fe26bdd9-5df4-476d-b824-dcae4b11b4d6,de_mirage,3b3b0662-0a3a-418c-9734-2f2051b049fc,1acb8f8e-b15e-49c2-8a91-88bf299f0f99,santibest10,13,20,3,46,e8989a3c-af88-4e11-b8c0-2bde67422f44,0
1-ff645fb9-3eb3-4fb8-a059-c7066343c3c4,de_mirage,232aa304-cc90-4fe0-85e2-c9c6940ed505,99c560e6-662d-4b0c-a48b-b232fa52cb88,n0xinho,8,17,2,62,15395062-1fa2-4078-9632-27da8d1a1ff2,0
1-ff645fb9-3eb3-4fb8-a059-c7066343c3c4,de_mirage,232aa304-cc90-4fe0-85e2-c9c6940ed505,3b3b0662-0a3a-418c-9734-2f2051b049fc,polski-,12,15,5,58,15395062-1fa2-4078-9632-27da8d1a1ff2,0
1-ff706aa9-1dd4-49e8-be39-3ed485b95029,de_mirage,ad3d1390-9edf-4170-9f42-e39e4ac2e217,1acb8f8e-b15e-49c2-8a91-88bf299f0f99,santibest10,8,14,2,50,49bf73d8-c48a-4389-900d-ffb4fcea9fc8,0
1-ff706aa9-1dd4-49e8-be39-3ed485b95029,de_mirage,ad3d1390-9edf-4170-9f42-e39e4ac2e217,922e6ce2-7279-4771-93eb-d14c89041c76,monzooo,7,15,1,57,49bf73d8-c48a-4389-900d-ffb4fcea9fc8,0
1-ff706aa9-1dd4-49e8-be39-3ed485b95029,de_mirage,ad3d1390-9edf-4170-9f42-e39e4ac2e217,3b3b0662-0a3a-418c-9734-2f2051b049fc,polski-,9,15,0,44,49bf73d8-c48a-4389-900d-ffb4fcea9fc8,0
1-ff706aa9-1dd4-49e8-be39-3ed485b95029,de_mirage,ad3d1390-9edf-4170-9f42-e39e4ac2e217,99c560e6-662d-4b0c-a48b-b232fa52cb88,n0xinho,11,13,4,27,49bf73d8-c48a-4389-900d-ffb4fcea9fc8,0
1-ff706aa9-1dd4-49e8-be39-3ed485b95029,de_mirage,ad3d1390-9edf-4170-9f42-e39e4ac2e217,b10cd2ba-fdaf-46bf-aba0-7397bde298e9,flacotiverso,8,13,3,38,49bf73d8-c48a-4389-900d-ffb4fcea9fc8,0
1-005c5ee2-45bf-4602-8957-933a7ac0fd07,de_inferno,d02c4268-5e5e-426c-9125-4a81d6ad4d7d,d02c4268-5e5e-426c-9125-4a81d6ad4d7d,ELGERENTE,13,16,6,62,a857e04d-290b-40cd-b50f-32d0eef02025,0
1-005c5ee2-45bf-4602-8957-933a7ac0fd07,de_inferno,d02c4268-5e5e-426c-9125-4a81d6ad4d7d,922e6ce2-7279-4771-93eb-d14c89041c76,monzooo,11,19,2,55,a857e04d-290b-40cd-b50f-32d0eef02025,0
1-005c5ee2-45bf-4602-8957-933a7ac0fd07,de_inferno,d02c4268-5e5e-426c-9125-4a81d6ad4d7d,1acb8f8e-b15e-49c2-8a91-88bf299f0f99,santibest10,24,13,4,67,a857e04d-290b-40cd-b50f-32d0eef02025,0
1-00b87a8a-45c7-48ca-bcb4-5594a4626226,de_mirage,fbf76708-f426-4e9e-a0f5-a379a4cabb86,99c560e6-662d-4b0c-a48b-b232fa52cb88,n0xinho,20,20,8,45,fbf76708-f426-4e9e-a0f5-a379a4cabb86,1
1-00b87a8a-45c7-48ca-bcb4-5594a4626226,de_mirage,fbf76708-f426-4e9e-a0f5-a379a4cabb86,a24967e1-bb38-4b2f-bb78-e118e613c0c7,gordotiverso,14,19,9,64,fbf76708-f426-4e9e-a0f5-a379a4cabb86,1
1-00b87a8a-45c7-48ca-bcb4-5594a4626226,de_mirage,fbf76708-f426-4e9e-a0f5-a379a4cabb86,3b3b0662-0a3a-418c-9734-2f2051b049fc,polski-,30,16,3,50,fbf76708-f426-4e9e-a0f5-a379a4cabb86,1
1-00b87a8a-45c7-48ca-bcb4-5594a4626226,de_mirage,fbf76708-f426-4e9e-a0f5-a379a4cabb86,d2d79f95-19d1-479b-82e9-97b88223f169,agb-_-,21,20,5,38,fbf76708-f426-4e9e-a0f5-a379a4cabb86,1
1-00b87a8a-45c7-48ca-bcb4-5594a4626226,de_mirage,fbf76708-f426-4e9e-a0f5-a379a4cabb86,d02c4268-5e5e-426c-9125-4a81d6ad4d7d,ELGERENTE,15,23,6,53,fbf76708-f426-4e9e-a0f5-a379a4cabb86,1
1-04223643-2761-4f06-9d3e-49642f179903,de_inferno,99c560e6-662d-4b0c-a48b-b232fa52cb88,99c560e6-662d-4b0c-a48b-b232fa52cb88,n0xinho,31,29,11,45,99c560e6-662d-4b0c-a48b-b232fa52cb88,1
1-04223643-2761-4f06-9d3e-49642f179903,de_inferno,99c560e6-662d-4b0c-a48b-b232fa52cb88,3b3b0662-0a3a-418c-9734-2f2051b049fc,polski-,38,31,15,39,99c560e6-662d-4b0c-a48b-b232fa52cb88,1
1-04223643-2761-4f06-9d3e-49642f179903,de_inferno,99c560e6-662d-4b0c-a48b-b232fa52cb88,1acb8f8e-b15e-49c2-8a91-88bf299f0f99,santibest10,42,24,6,19,99c560e6-662d-4b0c-a48b-b232fa52cb88,1
1-04223643-2761-4f06-9d3e-49642f179903,de_inferno,99c560e6-662d-4b0c-a48b-b232fa52cb88,d02c4268-5e5e-426c-9125-4a81d6ad4d7d,ELGERENTE,19,33,7,53,99c560e6-662d-4b0c-a48b-b232fa52cb88,1
1-0663edcb-20c5-49ce-8299-48d3bf30a6a1,de_inferno,a62e1894-7ac4-4d65-9c92-939ca4f0f200,a62e1894-7ac4-4d65-9c92-939ca4f0f200,Fakabot,12,15,3,92,3878c85f-97b1-4aaf-8aa8-47e6c336e4e6,0
1-0663edcb-20c5-49ce-8299-48d3bf30a6a1,de_inferno,a62e1894-7ac4-4d65-9c92-939ca4f0f200,922e6ce2-7279-4771-93eb-d14c89041c76,monzooo,2,14,3,50,3878c85f-97b1-4aaf-8aa8-47e6c336e4e6,0
1-0663edcb-20c5-49ce-8299-48d3bf30a6a1,de_inferno,a62e1894-7ac4-4d65-9c92-939ca4f0f200,b10cd2ba-fdaf-46bf-aba0-7397bde298e9,flacotiverso,8,14,4,25,3878c85f-97b1-4aaf-8aa8-47e6c336e4e6,0
1-0663edcb-20c5-49ce-8299-48d3bf30a6a1,de_inferno,a62e1894-7ac4-4d65-9c92-939ca4f0f200,d02c4268-5e5e-426c-9125-4a81d6ad4d7d,ELGERENTE,12,13,3,50,3878c85f-97b1-4aaf-8aa8-47e6c336e4e6,0
1-06e7ca27-33a0-402a-86fd-d19b3f7ce976,de_mirage,bc8c9779-1f8f-4017-9646-6701423c6ff9,bc8c9779-1f8f-4017-9646-6701423c6ff9,frantarasco,13,15,8,54,bc8c9779-1f8f-4017-9646-6701423c6ff9,1
1-06e7ca27-33a0-402a-86fd-d19b3f7ce976,de_mirage,bc8c9779-1f8f-4017-9646-6701423c6ff9,b10cd2ba-fdaf-46bf-aba0-7397bde298e9,flacotiverso,17,19,8,76,bc8c9779-1f8f-4017-9646-6701423c6ff9,1
1-0a825e80-5918-4cf8-b6e9-a17457a5596a,de_ancient,e1abb2ac-a6eb-4124-9cef-2d4520462750,4482a031-efdb-4c3a-899f-6e5c22310547,santutu_,11,18,5,36,f2cde515-9a2c-4cf4-b6c4-bd7ce809f654,0
1-0a825e80-5918-4cf8-b6e9-a17457a5596a,de_ancient,e1abb2ac-a6eb-4124-9cef-2d4520462750,a24967e1-bb38-4b2f-bb78-e118e613c0c7,gordotiverso,10,21,6,70,f2cde515-9a2c-4cf4-b6c4-bd7ce809f654,0
1-0a825e80-5918-4cf8-b6e9-a17457a5596a,de_ancient,e1abb2ac-a6eb-4124-9cef-2d4520462750,3b3b0662-0a3a-418c-9734-2f2051b049fc,polski-,22,18,8,59,f2cde515-9a2c-4cf4-b6c4-bd7ce809f654,0
1-0a825e80-5918-4cf8-b6e9-a17457a5596a,de_ancient,e1abb2ac-a6eb-4124-9cef-2d4520462750,bc8c9779-1f8f-4017-9646-6701423c6ff9,frantarasco,14,21,5,43,f2cde515-9a2c-4cf4-b6c4-bd7ce809f654,0
1-0a825e80-5918-4cf8-b6e9-a17457a5596a,de_ancient,e1abb2ac-a6eb-4124-9cef-2d4520462750,99c560e6-662d-4b0c-a48b-b232fa52cb88,n0xinho,28,17,8,14,f2cde515-9a2c-4cf4-b6c4-bd7ce809f654,0
1-0b9d29af-2df1-4c07-b1db-fe86441b3590,de_inferno,200e0558-9437-44f2-93c3-0950cdfcd5e9,a24967e1-bb38-4b2f-bb78-e118e613c0c7,gordotiverso,9,15,7,33,200e0558-9437-44f2-93c3-0950cdfcd5e9,1
1-0b9d29af-2df1-4c07-b1db-fe86441b3590,de_inferno,200e0558-9437-44f2-93c3-0950cdfcd5e9,3b3b0662-0a3a-418c-9734-2f2051b049fc,polski-,28,14,4,57,200e0558-9437-44f2-93c3-0950cdfcd5e9,1
1-0b9d29af-2df1-4c07-b1db-fe86441b3590,de_inferno,200e0558-9437-44f2-93c3-0950cdfcd5e9,bc8c9779-1f8f-4017-9646-6701423c6ff9,frantarasco,14,21,6,50,200e0558-9437-44f2-93c3-0950cdfcd5e9,1
1-0b9d29af-2df1-4c07-b1db-fe86441b3590,de_inferno,200e0558-9437-44f2-93c3-0950cdfcd5e9,99c560e6-662d-4b0c-a48b-b232fa52cb88,n0xinho,27,15,4,52,200e0558-9437-44f2-93c3-0950cdfcd5e9,1
1-0b9d29af-2df1-4c07-b1db-fe86441b3590,de_inferno,200e0558-9437-44f2-93c3-0950cdfcd5e9,b10cd2ba-fdaf-46bf-aba0-7397bde298e9,flacotiverso,14,20,6,79,200e0558-9437-44f2-93c3-0950cdfcd5e9,1
1-1d020d8b-89c3-4bb6-85d9-1214ce589f5d,de_mirage,99c560e6-662d-4b0c-a48b-b232fa52cb88,99c560e6-662d-4b0c-a48b-b232fa52cb88,n0xinho,15,10,8,33,99c560e6-662d-4b0c-a48b-b232fa52cb88,1
1-1d020d8b-89c3-4bb6-85d9-1214ce589f5d,de_mirage,99c560e6-662d-4b0c-a48b-b232fa52cb88,3b3b0662-0a3a-418c-9734-2f2051b049fc,polski-,14,6,5,50,99c560e6-662d-4b0c-a48b-b232fa52cb88,1
1-1d020d8b-89c3-4bb6-85d9-1214ce589f5d,de_mirage,99c560e6-662d-4b0c-a48b-b232fa52cb88,d02c4268-5e5e-426c-9125-4a81d6ad4d7d,ELGERENTE,14,9,5,57,99c560e6-662d-4b0c-a48b-b232fa52cb88,1
1-1e2f4ecb-d496-43ae-b090-a76ff697b1c7,de_dust2,1f977bdb-ad07-4898-adef-f8de76d0a235,d02c4268-5e5e-426c-9125-4a81d6ad4d7d,ELGERENTE,13,16,6,46,1b1437b5-a889-4c33-b3d1-03cbd89a903b,0
1-1e2f4ecb-d496-43ae-b090-a76ff697b1c7,de_dust2,1f977bdb-ad07-4898-adef-f8de76d0a235,a24967e1-bb38-4b2f-bb78-e118e613c0c7,gordotiverso,14,20,9,36,1b1437b5-a889-4c33-b3d1-03cbd89a903b,0
1-1e2f4ecb-d496-43ae-b090-a76ff697b1c7,de_dust2,1f977bdb-ad07-4898-adef-f8de76d0a235,d2d79f95-19d1-479b-82e9-97b88223f169,agb-_-,22,20,2,55,1b1437b5-a889-4c33-b3d1-03cbd89a903b,0
1-1e2f4ecb-d496-43ae-b090-a76ff697b1c7,de_dust2,1f977bdb-ad07-4898-adef-f8de76d0a235,1acb8f8e-b15e-49c2-8a91-88bf299f0f99,santibest10,24,16,6,33,1b1437b5-a889-4c33-b3d1-03cbd89a903b,0
1-21d766e8-971d-4980-b0c4-daca14b84291,de_mirage,1acb8f8e-b15e-49c2-8a91-88bf299f0f99,1acb8f8e-b15e-49c2-8a91-88bf299f0f99,santibest10,19,9,4,53,1acb8f8e-b15e-49c2-8a91-88bf299f0f99,1
1-21d766e8-971d-4980-b0c4-daca14b84291,de_mirage,1acb8f8e-b15e-49c2-8a91-88bf299f0f99,99c560e6-662d-4b0c-a48b-b232fa52cb88,n0xinho,22,12,6,27,1acb8f8e-b15e-49c2-8a91-88bf299f0f99,1
1-21d766e8-971d-4980-b0c4-daca14b84291,de_mirage,1acb8f8e-b15e-49c2-8a91-88bf299f0f99,d2d79f95-19d1-479b-82e9-97b88223f169,agb-_-,9,14,5,33,1acb8f8e-b15e-49c2-8a91-88bf299f0f99,1
1-21d766e8-971d-4980-b0c4-daca14b84291,de_mirage,1acb8f8e-b15e-49c2-8a91-88bf299f0f99,b10cd2ba-fdaf-46bf-aba0-7397bde298e9,flacotiverso,7,14,9,57,1acb8f8e-b15e-49c2-8a91-88bf299f0f99,1
1-24c70dce-9750-48b6-90cf-8721d49577a8,de_dust2,51018d9c-71d9-41da-a5db-b1326c3ae6e8,1acb8f8e-b15e-49c2-8a91-88bf299f0f99,santibest10,18,14,12,28,51018d9c-71d9-41da-a5db-b1326c3ae6e8,1
1-24c70dce-9750-48b6-90cf-8721d49577a8,de_dust2,51018d9c-71d9-41da-a5db-b1326c3ae6e8,4482a031-efdb-4c3a-899f-6e5c22310547,santutu_,14,15,10,64,51018d9c-71d9-41da-a5db-b1326c3ae6e8,1
1-24c70dce-9750-48b6-90cf-8721d49577a8,de_dust2,51018d9c-71d9-41da-a5db-b1326c3ae6e8,99c560e6-662d-4b0c-a48b-b232fa52cb88,n0xinho,28,11,7,61,51018d9c-71d9-41da-a5db-b1326c3ae6e8,1
1-24c70dce-9750-48b6-90cf-8721d49577a8,de_dust2,51018d9c-71d9-41da-a5db-b1326c3ae6e8,d2d79f95-19d1-479b-82e9-97b88223f169,agb-_-,16,15,3,50,51018d9c-71d9-41da-a5db-b1326c3ae6e8,1
1-2642f127-375c-4646-9bfe-59aa3722ddc7,de_mirage,99c560e6-662d-4b0c-a48b-b232fa52cb88,99c560e6-662d-4b0c-a48b-b232fa52cb88,n0xinho,15,16,11,60,99c560e6-662d-4b0c-a48b-b232fa52cb88,1
1-2642f127-375c-4646-9bfe-59aa3722ddc7,de_mirage,99c560e6-662d-4b0c-a48b-b232fa52cb88,3b3b0662-0a3a-418c-9734-2f2051b049fc,polski-,20,13,4,60,99c560e6-662d-4b0c-a48b-b232fa52cb88,1
1-2642f127-375c-4646-9bfe-59aa3722ddc7,de_mirage,99c560e6-662d-4b0c-a48b-b232fa52cb88,d02c4268-5e5e-426c-9125-4a81d6ad4d7d,ELGERENTE,8,19,10,50,99c560e6-662d-4b0c-a48b-b232fa52cb88,1
1-2713ddeb-435e-411c-91e6-3470e5e5df48,de_mirage,bc8c9779-1f8f-4017-9646-6701423c6ff9,bc8c9779-1f8f-4017-9646-6701423c6ff9,frantarasco,13,16,5,46,2c4d895b-e9ba-4a2a-9688-b26643129f45,0
1-2713ddeb-435e-411c-91e6-3470e5e5df48,de_mirage,bc8c9779-1f8f-4017-9646-6701423c6ff9,99c560e6-662d-4b0c-a48b-b232fa52cb88,n0xinho,19,15,4,37,2c4d895b-e9ba-4a2a-9688-b26643129f45,0
1-2b9d8e0e-d36f-4e18-89ea-475cd3c8e92d,de_mirage,b9b57ae9-f0ca-42f3-bcd0-d1ed5409efc6,99c560e6-662d-4b0c-a48b-b232fa52cb88,n0xinho,29,16,7,17,ee3912ec-9c8d-49ce-bbfe-e1f02946ce42,0
1-2b9d8e0e-d36f-4e18-89ea-475cd3c8e92d,de_mirage,b9b57ae9-f0ca-42f3-bcd0-d1ed5409efc6,a62e1894-7ac4-4d65-9c92-939ca4f0f200,Fakabot,20,17,7,55,ee3912ec-9c8d-49ce-bbfe-e1f02946ce42,0
1-2e67696a-4abb-4fb5-ba3b-7783290996fd,de_inferno,ae2f80c2-7abb-4e40-847e-bb18ac6f50c9,1acb8f8e-b15e-49c2-8a91-88bf299f0f99,santibest10,12,16,6,42,3490ceb9-4363-42fb-852c-46049199eacf,0
1-2e67696a-4abb-4fb5-ba3b-7783290996fd,de_inferno,ae2f80c2-7abb-4e40-847e-bb18ac6f50c9,3b3b0662-0a3a-418c-9734-2f2051b049fc,polski-,17,13,5,47,3490ceb9-4363-42fb-852c-46049199eacf,0
1-2e67696a-4abb-4fb5-ba3b-7783290996fd,de_inferno,ae2f80c2-7abb-4e40-847e-bb18ac6f50c9,bc8c9779-1f8f-4017-9646-6701423c6ff9,frantarasco,12,17,6,50,3490ceb9-4363-42fb-852c-46049199eacf,0
1-2e67696a-4abb-4fb5-ba3b-7783290996fd,de_inferno,ae2f80c2-7abb-4e40-847e-bb18ac6f50c9,99c560e6-662d-4b0c-a48b-b232fa52cb88,n0xinho,11,15,7,27,3490ceb9-4363-42fb-852c-46049199eacf,0
1-2fb7dfd2-8768-421f-8964-02756f680a34,de_ancient,e997fc7a-8d2e-4c5c-87ae-8bbfa9c6e9cf,a62e1894-7ac4-4d65-9c92-939ca4f0f200,Fakabot,15,14,3,60,02e1b285-289e-46bf-9c6c-40a5f5735871,0
1-2fb7dfd2-8768-421f-8964-02756f680a34,de_ancient,e997fc7a-8d2e-4c5c-87ae-8bbfa9c6e9cf,d2d79f95-19d1-479b-82e9-97b88223f169,agb-_-,13,14,3,69,02e1b285-289e-46bf-9c6c-40a5f5735871,0
1-32b964a5-2cb0-4ec4-b6e9-c3634883b8ed,de_inferno,48e92b79-b40e-4aa6-b100-2640e1c6f267,bc8c9779-1f8f-4017-9646-6701423c6ff9,frantarasco,8,18,8,75,0cb2d505-c640-4575-a590-b21f55b31f03,0
1-32b964a5-2cb0-4ec4-b6e9-c3634883b8ed,de_inferno,48e92b79-b40e-4aa6-b100-2640e1c6f267,3b3b0662-0a3a-418c-9734-2f2051b049fc,polski-,18,16,6,72,0cb2d505-c640-4575-a590-b21f55b31f03,0
1-32b964a5-2cb0-4ec4-b6e9-c3634883b8ed,de_inferno,48e92b79-b40e-4aa6-b100-2640e1c6f267,99c560e6-662d-4b0c-a48b-b232fa52cb88,n0xinho,14,16,6,50,0cb2d505-c640-4575-a590-b21f55b31f03,0
1-32b964a5-2cb0-4ec4-b6e9-c3634883b8ed,de_inferno,48e92b79-b40e-4aa6-b100-2640e1c6f267,1acb8f8e-b15e-49c2-8a91-88bf299f0f99,santibest10,20,16,3,55,0cb2d505-c640-4575-a590-b21f55b31f03,0
1-32b964a5-2cb0-4ec4-b6e9-c3634883b8ed,de_inferno,48e92b79-b40e-4aa6-b100-2640e1c6f267,b10cd2ba-fdaf-46bf-aba0-7397bde298e9,flacotiverso,13,16,8,62,0cb2d505-c640-4575-a590-b21f55b31f03,0
1-3492a667-9c9d-49e2-9566-8f8ddcab9582,de_mirage,3b3b0662-0a3a-418c-9734-2f2051b049fc,3b3b0662-0a3a-418c-9734-2f2051b049fc,polski-,12,16,3,50,4e8b166b-3139-469f-937c-d840bb2b25cd,0
1-3492a667-9c9d-49e2-9566-8f8ddcab9582,de_mirage,3b3b0662-0a3a-418c-9734-2f2051b049fc,99c560e6-662d-4b0c-a48b-b232fa52cb88,n0xinho,11,16,1,73,4e8b166b-3139-469f-937c-d840bb2b25cd,0
1-37212930-2721-4544-ad13-b68829d49730,de_dust2,8b4d2c94-bddd-486c-8019-8821f25b25e3,99c560e6-662d-4b0c-a48b-b232fa52cb88,n0xinho,14,12,5,36,8b4d2c94-bddd-486c-8019-8821f25b25e3,1
1-37212930-2721-4544-ad13-b68829d49730,de_dust2,8b4d2c94-bddd-486c-8019-8821f25b25e3,3b3b0662-0a3a-418c-9734-2f2051b049fc,polski-,7,8,6,29,8b4d2c94-bddd-486c-8019-8821f25b25e3,1
1-381c57e0-3f6e-4805-a472-0052627f80b3,de_inferno,a62e1894-7ac4-4d65-9c92-939ca4f0f200,a62e1894-7ac4-4d65-9c92-939ca4f0f200,Fakabot,13,7,5,69,a62e1894-7ac4-4d65-9c92-939ca4f0f200,1
1-381c57e0-3f6e-4805-a472-0052627f80b3,de_inferno,a62e1894-7ac4-4d65-9c92-939ca4f0f200,922e6ce2-7279-4771-93eb-d14c89041c76,monzooo,17,7,3,59,a62e1894-7ac4-4d65-9c92-939ca4f0f200,1
1-3ac12aee-9cd7-4d76-b12e-66408eec722c,de_mirage,9f05f8cb-f1f9-49f4-b2a7-6512a35139ce,a62e1894-7ac4-4d65-9c92-939ca4f0f200,Fakabot,12,12,1,50,6ceee4dd-e57b-499e-9979-b4a5bad2ad8d,0
1-3ac12aee-9cd7-4d76-b12e-66408eec722c,de_mirage,9f05f8cb-f1f9-49f4-b2a7-6512a35139ce,d2d79f95-19d1-479b-82e9-97b88223f169,agb-_-,4,15,3,50,6ceee4dd-e57b-499e-9979-b4a5bad2ad8d,0
1-3ae2a0d7-6183-43a5-8832-6bdd584bdcae,de_mirage,7a9e8cd8-cb12-4dde-b713-e88335e282cf,a62e1894-7ac4-4d65-9c92-939ca4f0f200,Fakabot,12,19,5,67,7a9e8cd8-cb12-4dde-b713-e88335e282cf,1
1-3ae2a0d7-6183-43a5-8832-6bdd584bdcae,de_mirage,7a9e8cd8-cb12-4dde-b713-e88335e282cf,3b3b0662-0a3a-418c-9734-2f2051b049fc,polski-,23,13,7,35,7a9e8cd8-cb12-4dde-b713-e88335e282cf,1
1-3ae2a0d7-6183-43a5-8832-6bdd584bdcae,de_mirage,7a9e8cd8-cb12-4dde-b713-e88335e282cf,bc8c9779-1f8f-4017-9646-6701423c6ff9,frantarasco,11,17,9,55,7a9e8cd8-cb12-4dde-b713-e88335e282cf,1
1-3ae2a0d7-6183-43a5-8832-6bdd584bdcae,de_mirage,7a9e8cd8-cb12-4dde-b713-e88335e282cf,99c560e6-662d-4b0c-a48b-b232fa52cb88,n0xinho,18,15,7,33,7a9e8cd8-cb12-4dde-b713-e88335e282cf,1
1-3ae2a0d7-6183-43a5-8832-6bdd584bdcae,de_mirage,7a9e8cd8-cb12-4dde-b713-e88335e282cf,1acb8f8e-b15e-49c2-8a91-88bf299f0f99,santibest10,21,17,3,29,7a9e8cd8-cb12-4dde-b713-e88335e282cf,1
1-3cf5e159-2592-43dd-89b5-b7be4fc8fc66,de_mirage,a62e1894-7ac4-4d65-9c92-939ca4f0f200,a62e1894-7ac4-4d65-9c92-939ca4f0f200,Fakabot,25,17,7,44,a62e1894-7ac4-4d65-9c92-939ca4f0f200,1
1-3cf5e159-2592-43dd-89b5-b7be4fc8fc66,de_mirage,a62e1894-7ac4-4d65-9c92-939ca4f0f200,922e6ce2-7279-4771-93eb-d14c89041c76,monzooo,17,22,14,41,a62e1894-7ac4-4d65-9c92-939ca4f0f200,1
1-3cf5e159-2592-43dd-89b5-b7be4fc8fc66,de_mirage,a62e1894-7ac4-4d65-9c92-939ca4f0f200,b10cd2ba-fdaf-46bf-aba0-7397bde298e9,flacotiverso,21,18,4,33,a62e1894-7ac4-4d65-9c92-939ca4f0f200,1
1-3cf5e159-2592-43dd-89b5-b7be4fc8fc66,de_mirage,a62e1894-7ac4-4d65-9c92-939ca4f0f200,d02c4268-5e5e-426c-9125-4a81d6ad4d7d,ELGERENTE,17,18,10,35,a62e1894-7ac4-4d65-9c92-939ca4f0f200,1
1-3dde09a2-a973-4e8f-a5f7-ab302815739d,de_inferno,a3eec1cf-1803-4ac1-8d1d-174cbb5b6e6e,a62e1894-7ac4-4d65-9c92-939ca4f0f200,Fakabot,13,11,3,54,a3eec1cf-1803-4ac1-8d1d-174cbb5b6e6e,1
1-3dde09a2-a973-4e8f-a5f7-ab302815739d,de_inferno,a3eec1cf-1803-4ac1-8d1d-174cbb5b6e6e,bc8c9779-1f8f-4017-9646-6701423c6ff9,frantarasco,15,14,6,47,a3eec1cf-1803-4ac1-8d1d-174cbb5b6e6e,1
1-3e03eb46-ad1e-40bc-a26e-8dd3a4605e6b,de_dust2,5b8f33d9-9115-4817-8e72-425e94ea1f7f,99c560e6-662d-4b0c-a48b-b232fa52cb88,n0xinho,17,14,7,65,5b8f33d9-9115-4817-8e72-425e94ea1f7f,1
1-3e03eb46-ad1e-40bc-a26e-8dd3a4605e6b,de_dust2,5b8f33d9-9115-4817-8e72-425e94ea1f7f,3b3b0662-0a3a-418c-9734-2f2051b049fc,polski-,19,14,6,58,5b8f33d9-9115-4817-8e72-425e94ea1f7f,1
1-3e03eb46-ad1e-40bc-a26e-8dd3a4605e6b,de_dust2,5b8f33d9-9115-4817-8e72-425e94ea1f7f,bc8c9779-1f8f-4017-9646-6701423c6ff9,frantarasco,13,14,3,46,5b8f33d9-9115-4817-8e72-425e94ea1f7f,1
1-3e03eb46-ad1e-40bc-a26e-8dd3a4605e6b,de_dust2,5b8f33d9-9115-4817-8e72-425e94ea1f7f,1acb8f8e-b15e-49c2-8a91-88bf299f0f99,santibest10,23,13,5,65,5b8f33d9-9115-4817-8e72-425e94ea1f7f,1
1-3e03eb46-ad1e-40bc-a26e-8dd3a4605e6b,de_dust2,5b8f33d9-9115-4817-8e72-425e94ea1f7f,b10cd2ba-fdaf-46bf-aba0-7397bde298e9,flacotiverso,10,18,7,20,5b8f33d9-9115-4817-8e72-425e94ea1f7f,1
1-3e33a8fa-5e25-4fe3-805b-e2f4c2ddd777,de_inferno,e1abb2ac-a6eb-4124-9cef-2d4520462750,4482a031-efdb-4c3a-899f-6e5c22310547,santutu_,15,13,3,47,e1abb2ac-a6eb-4124-9cef-2d4520462750,1
1-3e33a8fa-5e25-4fe3-805b-e2f4c2ddd777,de_inferno,e1abb2ac-a6eb-4124-9cef-2d4520462750,a24967e1-bb38-4b2f-bb78-e118e613c0c7,gordotiverso,15,12,6,73,e1abb2ac-a6eb-4124-9cef-2d4520462750,1
1-3e33a8fa-5e25-4fe3-805b-e2f4c2ddd777,de_inferno,e1abb2ac-a6eb-4124-9cef-2d4520462750,3b3b0662-0a3a-418c-9734-2f2051b049fc,polski-,24,12,8,42,e1abb2ac-a6eb-4124-9cef-2d4520462750,1
1-3e33a8fa-5e25-4fe3-805b-e2f4c2ddd777,de_inferno,e1abb2ac-a6eb-4124-9cef-2d4520462750,bc8c9779-1f8f-4017-9646-6701423c6ff9,frantarasco,9,16,3,78,e1abb2ac-a6eb-4124-9cef-2d4520462750,1
1-3e33a8fa-5e25-4fe3-805b-e2f4c2ddd777,de_inferno,e1abb2ac-a6eb-4124-9cef-2d4520462750,99c560e6-662d-4b0c-a48b-b232fa52cb88,n0xinho,14,15,7,43,e1abb2ac-a6eb-4124-9cef-2d4520462750,1
1-4150efae-f2b3-40d2-bc05-4fd5b2ee40fe,de_mirage,4482a031-efdb-4c3a-899f-6e5c22310547,4482a031-efdb-4c3a-899f-6e5c22310547,santutu_,6,16,7,50,47f94d31-eac1-406a-bae6-5b4c2e326f94,0
1-4150efae-f2b3-40d2-bc05-4fd5b2ee40fe,de_mirage,4482a031-efdb-4c3a-899f-6e5c22310547,3b3b0662-0a3a-418c-9734-2f2051b049fc,polski-,20,14,6,50,47f94d31-eac1-406a-bae6-5b4c2e326f94,0
1-4150efae-f2b3-40d2-bc05-4fd5b2ee40fe,de_mirage,4482a031-efdb-4c3a-899f-6e5c22310547,99c560e6-662d-4b0c-a48b-b232fa52cb88,n0xinho,11,16,5,18,47f94d31-eac1-406a-bae6-5b4c2e326f94,0
1-4150efae-f2b3-40d2-bc05-4fd5b2ee40fe,de_mirage,4482a031-efdb-4c3a-899f-6e5c22310547,b10cd2ba-fdaf-46bf-aba0-7397bde298e9,flacotiverso,10,18,5,40,47f94d31-eac1-406a-bae6-5b4c2e326f94,0
1-4415f290-f787-4767-bbf7-b302167262aa,de_inferno,99c560e6-662d-4b0c-a48b-b232fa52cb88,99c560e6-662d-4b0c-a48b-b232fa52cb88,n0xinho,11,15,2,45,b4bfe635-6dfe-40ac-8bd0-a33c000fa189,0
1-4415f290-f787-4767-bbf7-b302167262aa,de_inferno,99c560e6-662d-4b0c-a48b-b232fa52cb88,3b3b0662-0a3a-418c-9734-2f2051b049fc,polski-,12,15,4,67,b4bfe635-6dfe-40ac-8bd0-a33c000fa189,0
1-46e32dad-294b-4289-8064-003ac24139a5,de_inferno,9f169d6c-2964-4d7f-bb62-a33751e7e96c,a62e1894-7ac4-4d65-9c92-939ca4f0f200,Fakabot,22,21,7,55,9f169d6c-2964-4d7f-bb62-a33751e7e96c,1
1-46e32dad-294b-4289-8064-003ac24139a5,de_inferno,9f169d6c-2964-4d7f-bb62-a33751e7e96c,4482a031-efdb-4c3a-899f-6e5c22310547,santutu_,12,20,3,25,9f169d6c-2964-4d7f-bb62-a33751e7e96c,1
1-46e32dad-294b-4289-8064-003ac24139a5,de_inferno,9f169d6c-2964-4d7f-bb62-a33751e7e96c,bc8c9779-1f8f-4017-9646-6701423c6ff9,frantarasco,22,23,10,32,9f169d6c-2964-4d7f-bb62-a33751e7e96c,1
1-46e32dad-294b-4289-8064-003ac24139a5,de_inferno,9f169d6c-2964-4d7f-bb62-a33751e7e96c,99c560e6-662d-4b0c-a48b-b232fa52cb88,n0xinho,28,15,5,29,9f169d6c-2964-4d7f-bb62-a33751e7e96c,1
1-487d35d4-d603-4d80-bbf5-36e3a6665375,de_mirage,a62e1894-7ac4-4d65-9c92-939ca4f0f200,a62e1894-7ac4-4d65-9c92-939ca4f0f200,Fakabot,22,24,6,32,2417826f-24de-46cf-b053-1b978c85fb72,0
1-487d35d4-d603-4d80-bbf5-36e3a6665375,de_mirage,a62e1894-7ac4-4d65-9c92-939ca4f0f200,bc8c9779-1f8f-4017-9646-6701423c6ff9,frantarasco,19,23,6,47,2417826f-24de-46cf-b053-1b978c85fb72,0
1-4928f79e-2ab9-4298-b30a-4e3ea37cb038,de_dust2,a62e1894-7ac4-4d65-9c92-939ca4f0f200,a62e1894-7ac4-4d65-9c92-939ca4f0f200,Fakabot,10,18,5,60,baa91913-a08d-4596-a54e-7758c77b9e3c,0
1-4928f79e-2ab9-4298-b30a-4e3ea37cb038,de_dust2,a62e1894-7ac4-4d65-9c92-939ca4f0f200,d02c4268-5e5e-426c-9125-4a81d6ad4d7d,ELGERENTE,13,17,5,54,baa91913-a08d-4596-a54e-7758c77b9e3c,0
1-4b1d6407-64f1-49af-933a-11db57fc37b7,de_mirage,6e72652e-dbed-4cf7-b738-c0670e7c0e0d,99c560e6-662d-4b0c-a48b-b232fa52cb88,n0xinho,19,12,7,53,6e72652e-dbed-4cf7-b738-c0670e7c0e0d,1
1-4b1d6407-64f1-49af-933a-11db57fc37b7,de_mirage,6e72652e-dbed-4cf7-b738-c0670e7c0e0d,3b3b0662-0a3a-418c-9734-2f2051b049fc,polski-,14,12,9,29,6e72652e-dbed-4cf7-b738-c0670e7c0e0d,1
1-5043b878-00f5-484b-a5d4-02a426e86120,de_dust2,a62e1894-7ac4-4d65-9c92-939ca4f0f200,a62e1894-7ac4-4d65-9c92-939ca4f0f200,Fakabot,23,16,9,52,a62e1894-7ac4-4d65-9c92-939ca4f0f200,1
1-5043b878-00f5-484b-a5d4-02a426e86120,de_dust2,a62e1894-7ac4-4d65-9c92-939ca4f0f200,d2d79f95-19d1-479b-82e9-97b88223f169,agb-_-,17,15,7,41,a62e1894-7ac4-4d65-9c92-939ca4f0f200,1
1-507c1248-bf66-4777-83ca-ada3f1b62050,de_mirage,1acb8f8e-b15e-49c2-8a91-88bf299f0f99,1acb8f8e-b15e-49c2-8a91-88bf299f0f99,santibest10,5,14,2,40,f8a86cd3-e424-4698-a6bd-35c15d688487,0
1-507c1248-bf66-4777-83ca-ada3f1b62050,de_mirage,1acb8f8e-b15e-49c2-8a91-88bf299f0f99,99c560e6-662d-4b0c-a48b-b232fa52cb88,n0xinho,6,14,6,67,f8a86cd3-e424-4698-a6bd-35c15d688487,0
1-515c745f-31b4-4713-ab94-ba154c5311a0,de_dust2,9de547c0-4925-468b-bc09-58af9de34966,a62e1894-7ac4-4d65-9c92-939ca4f0f200,Fakabot,5,15,3,20,3f0de728-2f7a-43ae-9f47-d39e1e69bbf8,0
1-515c745f-31b4-4713-ab94-ba154c5311a0,de_dust2,9de547c0-4925-468b-bc09-58af9de34966,922e6ce2-7279-4771-93eb-d14c89041c76,monzooo,8,15,2,38,3f0de728-2f7a-43ae-9f47-d39e1e69bbf8,0
1-515c745f-31b4-4713-ab94-ba154c5311a0,de_dust2,9de547c0-4925-468b-bc09-58af9de34966,bc8c9779-1f8f-4017-9646-6701423c6ff9,frantarasco,12,16,4,67,3f0de728-2f7a-43ae-9f47-d39e1e69bbf8,0
1-515c745f-31b4-4713-ab94-ba154c5311a0,de_dust2,9de547c0-4925-468b-bc09-58af9de34966,d2d79f95-19d1-479b-82e9-97b88223f169,agb-_-,17,15,2,53,3f0de728-2f7a-43ae-9f47-d39e1e69bbf8,0
1-515c745f-31b4-4713-ab94-ba154c5311a0,de_dust2,9de547c0-4925-468b-bc09-58af9de34966,b10cd2ba-fdaf-46bf-aba0-7397bde298e9,flacotiverso,9,16,8,33,3f0de728-2f7a-43ae-9f47-d39e1e69bbf8,0
1-5165b3ae-e141-43a2-835e-c54cf29563cc,de_nuke,e6e4750d-a95b-4a86-a6b7-76fc23e21b9d,a62e1894-7ac4-4d65-9c92-939ca4f0f200,Fakabot,6,19,5,50,e6e4750d-a95b-4a86-a6b7-76fc23e21b9d,1
1-5165b3ae-e141-43a2-835e-c54cf29563cc,de_nuke,e6e4750d-a95b-4a86-a6b7-76fc23e21b9d,d02c4268-5e5e-426c-9125-4a81d6ad4d7d,ELGERENTE,13,15,4,62,e6e4750d-a95b-4a86-a6b7-76fc23e21b9d,1
1-51a8881c-da10-4c79-ab67-7043574de973,de_nuke,ae2f80c2-7abb-4e40-847e-bb18ac6f50c9,99c560e6-662d-4b0c-a48b-b232fa52cb88,n0xinho,17,20,8,47,db36f98e-e594-472e-8abc-676b17446dc5,0
1-51a8881c-da10-4c79-ab67-7043574de973,de_nuke,ae2f80c2-7abb-4e40-847e-bb18ac6f50c9,4482a031-efdb-4c3a-899f-6e5c22310547,santutu_,11,23,11,36,db36f98e-e594-472e-8abc-676b17446dc5,0
1-51a8881c-da10-4c79-ab67-7043574de973,de_nuke,ae2f80c2-7abb-4e40-847e-bb18ac6f50c9,3b3b0662-0a3a-418c-9734-2f2051b049fc,polski-,24,21,5,50,db36f98e-e594-472e-8abc-676b17446dc5,0
1-51a8881c-da10-4c79-ab67-7043574de973,de_nuke,ae2f80c2-7abb-4e40-847e-bb18ac6f50c9,1acb8f8e-b15e-49c2-8a91-88bf299f0f99,santibest10,24,18,0,33,db36f98e-e594-472e-8abc-676b17446dc5,0
1-5216adde-c055-4af0-89a7-d733e316a2fa,de_mirage,d892f2d1-e472-4f32-bdbb-aa0e2ba382f1,99c560e6-662d-4b0c-a48b-b232fa52cb88,n0xinho,5,5,2,40,23cfca8e-8b58-42cd-bdb6-ad11ad54045c,0
1-5216adde-c055-4af0-89a7-d733e316a2fa,de_mirage,d892f2d1-e472-4f32-bdbb-aa0e2ba382f1,3b3b0662-0a3a-418c-9734-2f2051b049fc,polski-,4,5,0,50,23cfca8e-8b58-42cd-bdb6-ad11ad54045c,0
1-526acd67-a45d-4472-b602-f6cef458b5f5,de_inferno,d02c4268-5e5e-426c-9125-4a81d6ad4d7d,d02c4268-5e5e-426c-9125-4a81d6ad4d7d,ELGERENTE,5,15,4,20,8f5f2f9b-58f9-4f4c-8161-af14f0fc5253,0
1-526acd67-a45d-4472-b602-f6cef458b5f5,de_inferno,d02c4268-5e5e-426c-9125-4a81d6ad4d7d,b10cd2ba-fdaf-46bf-aba0-7397bde298e9,flacotiverso,6,16,2,67,8f5f2f9b-58f9-4f4c-8161-af14f0fc5253,0
1-5317db49-ef46-4a21-bc47-f73ee2f06c3f,de_mirage,d2562bc9-6fca-495d-b7b4-f8102c7e18e1,a62e1894-7ac4-4d65-9c92-939ca4f0f200,Fakabot,8,16,1,88,7687423d-d7af-4e06-960b-0158d6148c54,0
1-5317db49-ef46-4a21-bc47-f73ee2f06c3f,de_mirage,d2562bc9-6fca-495d-b7b4-f8102c7e18e1,bc8c9779-1f8f-4017-9646-6701423c6ff9,frantarasco,10,15,6,50,7687423d-d7af-4e06-960b-0158d6148c54,0
1-5317db49-ef46-4a21-bc47-f73ee2f06c3f,de_mirage,d2562bc9-6fca-495d-b7b4-f8102c7e18e1,1acb8f8e-b15e-49c2-8a91-88bf299f0f99,santibest10,9,18,6,33,7687423d-d7af-4e06-960b-0158d6148c54,0
1-5386a519-7f9c-40e6-b979-6397b2ab8141,de_mirage,8da849c1-d92d-4484-a1f4-9711def63687,d02c4268-5e5e-426c-9125-4a81d6ad4d7d,ELGERENTE,21,21,9,57,e58e33e1-90b4-4002-9e3e-fc87d1d597b6,0
1-5386a519-7f9c-40e6-b979-6397b2ab8141,de_mirage,8da849c1-d92d-4484-a1f4-9711def63687,d2d79f95-19d1-479b-82e9-97b88223f169,agb-_-,13,25,7,62,e58e33e1-90b4-4002-9e3e-fc87d1d597b6,0
1-56e6e6a1-504f-4828-af81-93c08c8501cf,de_dust2,99c560e6-662d-4b0c-a48b-b232fa52cb88,99c560e6-662d-4b0c-a48b-b232fa52cb88,n0xinho,19,15,7,47,99c560e6-662d-4b0c-a48b-b232fa52cb88,1
1-56e6e6a1-504f-4828-af81-93c08c8501cf,de_dust2,99c560e6-662d-4b0c-a48b-b232fa52cb88,3b3b0662-0a3a-418c-9734-2f2051b049fc,polski-,30,13,8,57,99c560e6-662d-4b0c-a48b-b232fa52cb88,1
1-56e6e6a1-504f-4828-af81-93c08c8501cf,de_dust2,99c560e6-662d-4b0c-a48b-b232fa52cb88,d02c4268-5e5e-426c-9125-4a81d6ad4d7d,ELGERENTE,11,19,9,45,99c560e6-662d-4b0c-a48b-b232fa52cb88,1
1-576ef7cb-3d03-410f-b0b1-92a82fcad587,de_nuke,c6aa1726-ce24-4d5b-93ac-27ec6d886443,a62e1894-7ac4-4d65-9c92-939ca4f0f200,Fakabot,9,10,9,44,c6aa1726-ce24-4d5b-93ac-27ec6d886443,1
1-576ef7cb-3d03-410f-b0b1-92a82fcad587,de_nuke,c6aa1726-ce24-4d5b-93ac-27ec6d886443,b10cd2ba-fdaf-46bf-aba0-7397bde298e9,flacotiverso,16,4,0,50,c6aa1726-ce24-4d5b-93ac-27ec6d886443,1
1-57e4f08e-ab09-418c-aa34-0cd9ce0c3bb9,de_dust2,7a9e8cd8-cb12-4dde-b713-e88335e282cf,a62e1894-7ac4-4d65-9c92-939ca4f0f200,Fakabot,8,14,5,50,7a9e8cd8-cb12-4dde-b713-e88335e282cf,1
1-57e4f08e-ab09-418c-aa34-0cd9ce0c3bb9,de_dust2,7a9e8cd8-cb12-4dde-b713-e88335e282cf,3b3b0662-0a3a-418c-9734-2f2051b049fc,polski-,30,8,2,57,7a9e8cd8-cb12-4dde-b713-e88335e282cf,1
1-57e4f08e-ab09-418c-aa34-0cd9ce0c3bb9,de_dust2,7a9e8cd8-cb12-4dde-b713-e88335e282cf,bc8c9779-1f8f-4017-9646-6701423c6ff9,frantarasco,9,14,5,56,7a9e8cd8-cb12-4dde-b713-e88335e282cf,1
1-57e4f08e-ab09-418c-aa34-0cd9ce0c3bb9,de_dust2,7a9e8cd8-cb12-4dde-b713-e88335e282cf,99c560e6-662d-4b0c-a48b-b232fa52cb88,n0xinho,13,8,6,31,7a9e8cd8-cb12-4dde-b713-e88335e282cf,1
1-57e4f08e-ab09-418c-aa34-0cd9ce0c3bb9,de_dust2,7a9e8cd8-cb12-4dde-b713-e88335e282cf,1acb8f8e-b15e-49c2-8a91-88bf299f0f99,santibest10,11,11,5,55,7a9e8cd8-cb12-4dde-b713-e88335e282cf,1
1-5cc30dd7-dfa9-45ef-81b6-451832e953e0,de_dust2,200e0558-9437-44f2-93c3-0950cdfcd5e9,a24967e1-bb38-4b2f-bb78-e118e613c0c7,gordotiverso,9,16,11,33,3fe230e6-8a52-4f77-90e2-d9d93c25f7da,0
1-5cc30dd7-dfa9-45ef-81b6-451832e953e0,de_dust2,200e0558-9437-44f2-93c3-0950cdfcd5e9,4482a031-efdb-4c3a-899f-6e5c22310547,santutu_,9,16,11,44,3fe230e6-8a52-4f77-90e2-d9d93c25f7da,0
1-5cc30dd7-dfa9-45ef-81b6-451832e953e0,de_dust2,200e0558-9437-44f2-93c3-0950cdfcd5e9,3b3b0662-0a3a-418c-9734-2f2051b049fc,polski-,40,13,5,48,3fe230e6-8a52-4f77-90e2-d9d93c25f7da,0
1-5cc30dd7-dfa9-45ef-81b6-451832e953e0,de_dust2,200e0558-9437-44f2-93c3-0950cdfcd5e9,bc8c9779-1f8f-4017-9646-6701423c6ff9,frantarasco,15,19,8,60,3fe230e6-8a52-4f77-90e2-d9d93c25f7da,0
1-5cc30dd7-dfa9-45ef-81b6-451832e953e0,de_dust2,200e0558-9437-44f2-93c3-0950cdfcd5e9,d2d79f95-19d1-479b-82e9-97b88223f169,agb-_-,24,19,8,54,3fe230e6-8a52-4f77-90e2-d9d93c25f7da,0
1-606032e6-6942-45dd-a464-9b2ad8710795,de_mirage,7a9e8cd8-cb12-4dde-b713-e88335e282cf,a62e1894-7ac4-4d65-9c92-939ca4f0f200,Fakabot,20,15,3,55,799a8945-ce3c-4d21-8554-ff60dffbf749,0
1-606032e6-6942-45dd-a464-9b2ad8710795,de_mirage,7a9e8cd8-cb12-4dde-b713-e88335e282cf,3b3b0662-0a3a-418c-9734-2f2051b049fc,polski-,13,14,2,38,799a8945-ce3c-4d21-8554-ff60dffbf749,0
1-606032e6-6942-45dd-a464-9b2ad8710795,de_mirage,7a9e8cd8-cb12-4dde-b713-e88335e282cf,bc8c9779-1f8f-4017-9646-6701423c6ff9,frantarasco,4,16,6,25,799a8945-ce3c-4d21-8554-ff60dffbf749,0
1-606032e6-6942-45dd-a464-9b2ad8710795,de_mirage,7a9e8cd8-cb12-4dde-b713-e88335e282cf,99c560e6-662d-4b0c-a48b-b232fa52cb88,n0xinho,5,16,5,20,799a8945-ce3c-4d21-8554-ff60dffbf749,0
1-606032e6-6942-45dd-a464-9b2ad8710795,de_mirage,7a9e8cd8-cb12-4dde-b713-e88335e282cf,1acb8f8e-b15e-49c2-8a91-88bf299f0f99,santibest10,7,16,2,86,799a8945-ce3c-4d21-8554-ff60dffbf749,0
1-62290ffa-54ae-4c58-8c85-e325ab745c7c,de_mirage,1acb8f8e-b15e-49c2-8a91-88bf299f0f99,1acb8f8e-b15e-49c2-8a91-88bf299f0f99,santibest10,6,14,2,50,31297b42-58eb-4812-9d31-39f62140ed47,0
1-62290ffa-54ae-4c58-8c85-e325ab745c7c,de_mirage,1acb8f8e-b15e-49c2-8a91-88bf299f0f99,3b3b0662-0a3a-418c-9734-2f2051b049fc,polski-,7,14,1,43,31297b42-58eb-4812-9d31-39f62140ed47,0
1-62290ffa-54ae-4c58-8c85-e325ab745c7c,de_mirage,1acb8f8e-b15e-49c2-8a91-88bf299f0f99,99c560e6-662d-4b0c-a48b-b232fa52cb88,n0xinho,5,14,4,60,31297b42-58eb-4812-9d31-39f62140ed47,0
1-62290ffa-54ae-4c58-8c85-e325ab745c7c,de_mirage,1acb8f8e-b15e-49c2-8a91-88bf299f0f99,b10cd2ba-fdaf-46bf-aba0-7397bde298e9,flacotiverso,5,15,1,40,31297b42-58eb-4812-9d31-39f62140ed47,0
1-66022113-8f7c-40ba-a26e-7b59faeef04b,de_dust2,4e4f776b-118d-4c1c-a58e-effa973c8ff0,99c560e6-662d-4b0c-a48b-b232fa52cb88,n0xinho,14,14,1,43,0a0118f2-13de-4708-9399-7a90629aeb37,0
1-66022113-8f7c-40ba-a26e-7b59faeef04b,de_dust2,4e4f776b-118d-4c1c-a58e-effa973c8ff0,1acb8f8e-b15e-49c2-8a91-88bf299f0f99,santibest10,18,14,4,67,0a0118f2-13de-4708-9399-7a90629aeb37,0
1-66022113-8f7c-40ba-a26e-7b59faeef04b,de_dust2,4e4f776b-118d-4c1c-a58e-effa973c8ff0,b10cd2ba-fdaf-46bf-aba0-7397bde298e9,flacotiverso,7,17,3,57,0a0118f2-13de-4708-9399-7a90629aeb37,0
1-665ac97c-b31e-4ec6-a308-39975abc2875,de_dust2,e214de3b-53ce-4e42-965b-afd57b20ff89,d02c4268-5e5e-426c-9125-4a81d6ad4d7d,ELGERENTE,8,15,5,62,7d9d167d-0462-45eb-ac1e-026a71936131,0
1-665ac97c-b31e-4ec6-a308-39975abc2875,de_dust2,e214de3b-53ce-4e42-965b-afd57b20ff89,d2d79f95-19d1-479b-82e9-97b88223f169,agb-_-,7,13,1,100,7d9d167d-0462-45eb-ac1e-026a71936131,0
1-6e6d8a77-b2d4-4464-9ce5-1f22a7bb223e,de_dust2,bc8c9779-1f8f-4017-9646-6701423c6ff9,bc8c9779-1f8f-4017-9646-6701423c6ff9,frantarasco,4,13,2,50,7d50bff8-130f-4937-ab02-c73299729ede,0
1-6e6d8a77-b2d4-4464-9ce5-1f22a7bb223e,de_dust2,bc8c9779-1f8f-4017-9646-6701423c6ff9,3b3b0662-0a3a-418c-9734-2f2051b049fc,polski-,10,15,4,50,7d50bff8-130f-4937-ab02-c73299729ede,0
1-6e6d8a77-b2d4-4464-9ce5-1f22a7bb223e,de_dust2,bc8c9779-1f8f-4017-9646-6701423c6ff9,99c560e6-662d-4b0c-a48b-b232fa52cb88,n0xinho,5,14,3,80,7d50bff8-130f-4937-ab02-c73299729ede,0
1-71e3fd25-d1af-4380-a297-7acf35eaa505,de_dust2,007a6e14-9f20-4277-b4e1-c53024bd02e1,d2d79f95-19d1-479b-82e9-97b88223f169,agb-_-,10,16,3,40,007a6e14-9f20-4277-b4e1-c53024bd02e1,1
1-71e3fd25-d1af-4380-a297-7acf35eaa505,de_dust2,007a6e14-9f20-4277-b4e1-c53024bd02e1,a24967e1-bb38-4b2f-bb78-e118e613c0c7,gordotiverso,21,17,9,38,007a6e14-9f20-4277-b4e1-c53024bd02e1,1
1-75532e5b-186a-47ae-9721-0c1f9f8e5157,de_dust2,614664f9-4d0c-44a7-8903-c055d0e33b0a,d2d79f95-19d1-479b-82e9-97b88223f169,agb-_-,5,15,2,40,fa0a2433-7934-4d7e-9e4f-4912165f2c5e,0
1-75532e5b-186a-47ae-9721-0c1f9f8e5157,de_dust2,614664f9-4d0c-44a7-8903-c055d0e33b0a,99c560e6-662d-4b0c-a48b-b232fa52cb88,n0xinho,9,15,2,33,fa0a2433-7934-4d7e-9e4f-4912165f2c5e,0
1-75532e5b-186a-47ae-9721-0c1f9f8e5157,de_dust2,614664f9-4d0c-44a7-8903-c055d0e33b0a,b10cd2ba-fdaf-46bf-aba0-7397bde298e9,flacotiverso,5,13,1,40,fa0a2433-7934-4d7e-9e4f-4912165f2c5e,0
1-771e99b7-fa51-48fa-b86f-ff083a535560,de_anubis,a62e1894-7ac4-4d65-9c92-939ca4f0f200,a62e1894-7ac4-4d65-9c92-939ca4f0f200,Fakabot,11,18,7,55,11fca826-1c8d-4102-a5a0-803c0083d96a,0
1-771e99b7-fa51-48fa-b86f-ff083a535560,de_anubis,a62e1894-7ac4-4d65-9c92-939ca4f0f200,d02c4268-5e5e-426c-9125-4a81d6ad4d7d,ELGERENTE,14,16,7,64,11fca826-1c8d-4102-a5a0-803c0083d96a,0
1-771e99b7-fa51-48fa-b86f-ff083a535560,de_anubis,a62e1894-7ac4-4d65-9c92-939ca4f0f200,49a74302-be88-4ac5-9a6c-f0c7864e6b2d,hhmero,14,16,2,50,11fca826-1c8d-4102-a5a0-803c0083d96a,0
1-772d472e-1a92-4056-8868-8e719a293105,de_mirage,d2d79f95-19d1-479b-82e9-97b88223f169,d2d79f95-19d1-479b-82e9-97b88223f169,agb-_-,8,15,1,50,73ec4323-eb33-4e8e-9a99-3437745bf851,0
1-772d472e-1a92-4056-8868-8e719a293105,de_mirage,d2d79f95-19d1-479b-82e9-97b88223f169,a24967e1-bb38-4b2f-bb78-e118e613c0c7,gordotiverso,8,14,6,50,73ec4323-eb33-4e8e-9a99-3437745bf851,0
1-79f404d5-b7aa-42e1-b29f-0b79b032877b,de_inferno,1919a7ed-f500-494b-b55d-d201561529bf,99c560e6-662d-4b0c-a48b-b232fa52cb88,n0xinho,24,16,8,62,1919a7ed-f500-494b-b55d-d201561529bf,1
1-79f404d5-b7aa-42e1-b29f-0b79b032877b,de_inferno,1919a7ed-f500-494b-b55d-d201561529bf,a24967e1-bb38-4b2f-bb78-e118e613c0c7,gordotiverso,10,19,8,70,1919a7ed-f500-494b-b55d-d201561529bf,1
1-79f404d5-b7aa-42e1-b29f-0b79b032877b,de_inferno,1919a7ed-f500-494b-b55d-d201561529bf,d2d79f95-19d1-479b-82e9-97b88223f169,agb-_-,15,14,4,60,1919a7ed-f500-494b-b55d-d201561529bf,1
1-79f404d5-b7aa-42e1-b29f-0b79b032877b,de_inferno,1919a7ed-f500-494b-b55d-d201561529bf,1acb8f8e-b15e-49c2-8a91-88bf299f0f99,santibest10,18,14,6,56,1919a7ed-f500-494b-b55d-d201561529bf,1
1-79f404d5-b7aa-42e1-b29f-0b79b032877b,de_inferno,1919a7ed-f500-494b-b55d-d201561529bf,b10cd2ba-fdaf-46bf-aba0-7397bde298e9,flacotiverso,14,15,6,36,1919a7ed-f500-494b-b55d-d201561529bf,1
1-7bb1a067-552d-461d-90e6-f535832b91af,de_mirage,7a9e8cd8-cb12-4dde-b713-e88335e282cf,99c560e6-662d-4b0c-a48b-b232fa52cb88,n0xinho,19,17,4,42,3dfdfc3b-731d-4542-9d10-27bd11d37117,0
1-7bb1a067-552d-461d-90e6-f535832b91af,de_mirage,7a9e8cd8-cb12-4dde-b713-e88335e282cf,a62e1894-7ac4-4d65-9c92-939ca4f0f200,Fakabot,9,17,2,56,3dfdfc3b-731d-4542-9d10-27bd11d37117,0
1-7bb1a067-552d-461d-90e6-f535832b91af,de_mirage,7a9e8cd8-cb12-4dde-b713-e88335e282cf,3b3b0662-0a3a-418c-9734-2f2051b049fc,polski-,13,17,3,46,3dfdfc3b-731d-4542-9d10-27bd11d37117,0
1-7bb1a067-552d-461d-90e6-f535832b91af,de_mirage,7a9e8cd8-cb12-4dde-b713-e88335e282cf,bc8c9779-1f8f-4017-9646-6701423c6ff9,frantarasco,9,18,3,56,3dfdfc3b-731d-4542-9d10-27bd11d37117,0
1-7bb1a067-552d-461d-90e6-f535832b91af,de_mirage,7a9e8cd8-cb12-4dde-b713-e88335e282cf,1acb8f8e-b15e-49c2-8a91-88bf299f0f99,santibest10,17,15,2,65,3dfdfc3b-731d-4542-9d10-27bd11d37117,0
1-7e2c9274-b1ce-47ec-8092-898d721fb945,de_dust2,a62e1894-7ac4-4d65-9c92-939ca4f0f200,a62e1894-7ac4-4d65-9c92-939ca4f0f200,Fakabot,18,16,8,50,b6cf29ca-e109-45fb-ac64-50ce934aa93b,0
1-7e2c9274-b1ce-47ec-8092-898d721fb945,de_dust2,a62e1894-7ac4-4d65-9c92-939ca4f0f200,d02c4268-5e5e-426c-9125-4a81d6ad4d7d,ELGERENTE,8,16,3,38,b6cf29ca-e109-45fb-ac64-50ce934aa93b,0
1-7f899fb3-a35c-47d6-ba37-48d6ec6c14bf,de_inferno,d2d79f95-19d1-479b-82e9-97b88223f169,d2d79f95-19d1-479b-82e9-97b88223f169,agb-_-,27,11,6,26,d2d79f95-19d1-479b-82e9-97b88223f169,1
1-7f899fb3-a35c-47d6-ba37-48d6ec6c14bf,de_inferno,d2d79f95-19d1-479b-82e9-97b88223f169,d02c4268-5e5e-426c-9125-4a81d6ad4d7d,ELGERENTE,12,10,7,25,d2d79f95-19d1-479b-82e9-97b88223f169,1
1-819c300d-63eb-4756-aab0-a4d41b836ceb,de_dust2,4482a031-efdb-4c3a-899f-6e5c22310547,4482a031-efdb-4c3a-899f-6e5c22310547,santutu_,8,16,5,50,9e8318bb-0fc9-4a2b-9072-7f9dda504ad5,0
1-819c300d-63eb-4756-aab0-a4d41b836ceb,de_dust2,4482a031-efdb-4c3a-899f-6e5c22310547,a62e1894-7ac4-4d65-9c92-939ca4f0f200,Fakabot,25,16,3,60,9e8318bb-0fc9-4a2b-9072-7f9dda504ad5,0
1-830c9b88-41ba-489e-976c-e92fcad2edfc,de_mirage,5863fa36-a506-49bf-87bb-cf5c6ec80bee,4482a031-efdb-4c3a-899f-6e5c22310547,santutu_,8,15,4,25,2277abb9-7f99-4172-a6e6-6dc5698ed47b,0
1-830c9b88-41ba-489e-976c-e92fcad2edfc,de_mirage,5863fa36-a506-49bf-87bb-cf5c6ec80bee,a62e1894-7ac4-4d65-9c92-939ca4f0f200,Fakabot,5,15,4,80,2277abb9-7f99-4172-a6e6-6dc5698ed47b,0
1-830c9b88-41ba-489e-976c-e92fcad2edfc,de_mirage,5863fa36-a506-49bf-87bb-cf5c6ec80bee,3b3b0662-0a3a-418c-9734-2f2051b049fc,polski-,10,15,3,40,2277abb9-7f99-4172-a6e6-6dc5698ed47b,0
1-830c9b88-41ba-489e-976c-e92fcad2edfc,de_mirage,5863fa36-a506-49bf-87bb-cf5c6ec80bee,bc8c9779-1f8f-4017-9646-6701423c6ff9,frantarasco,8,14,6,62,2277abb9-7f99-4172-a6e6-6dc5698ed47b,0
1-830c9b88-41ba-489e-976c-e92fcad2edfc,de_mirage,5863fa36-a506-49bf-87bb-cf5c6ec80bee,d02c4268-5e5e-426c-9125-4a81d6ad4d7d,ELGERENTE,16,14,0,69,2277abb9-7f99-4172-a6e6-6dc5698ed47b,0
1-8692b5a9-a87d-4e75-b9fb-71ec5ab43e06,de_inferno,d02c4268-5e5e-426c-9125-4a81d6ad4d7d,d02c4268-5e5e-426c-9125-4a81d6ad4d7d,ELGERENTE,16,14,4,62,d02c4268-5e5e-426c-9125-4a81d6ad4d7d,1
1-8692b5a9-a87d-4e75-b9fb-71ec5ab43e06,de_inferno,d02c4268-5e5e-426c-9125-4a81d6ad4d7d,a62e1894-7ac4-4d65-9c92-939ca4f0f200,Fakabot,14,17,7,36,d02c4268-5e5e-426c-9125-4a81d6ad4d7d,1
1-8692b5a9-a87d-4e75-b9fb-71ec5ab43e06,de_inferno,d02c4268-5e5e-426c-9125-4a81d6ad4d7d,99c560e6-662d-4b0c-a48b-b232fa52cb88,n0xinho,24,14,10,50,d02c4268-5e5e-426c-9125-4a81d6ad4d7d,1
1-86aa477b-86ce-4f90-a30a-0a230f8bd829,de_ancient,0874cb4c-63e9-4e75-bcaa-39f94a420a49,d02c4268-5e5e-426c-9125-4a81d6ad4d7d,ELGERENTE,17,15,3,53,b6586786-97f0-4d20-8d6c-6cb543d68824,0
1-86aa477b-86ce-4f90-a30a-0a230f8bd829,de_ancient,0874cb4c-63e9-4e75-bcaa-39f94a420a49,d2d79f95-19d1-479b-82e9-97b88223f169,agb-_-,11,18,7,36,b6586786-97f0-4d20-8d6c-6cb543d68824,0
1-881ab887-7090-418b-a3cf-ed2804797c5d,de_ancient,3b3b0662-0a3a-418c-9734-2f2051b049fc,3b3b0662-0a3a-418c-9734-2f2051b049fc,polski-,20,10,5,40,3b3b0662-0a3a-418c-9734-2f2051b049fc,1
1-881ab887-7090-418b-a3cf-ed2804797c5d,de_ancient,3b3b0662-0a3a-418c-9734-2f2051b049fc,d2d79f95-19d1-479b-82e9-97b88223f169,agb-_-,13,16,6,23,3b3b0662-0a3a-418c-9734-2f2051b049fc,1
1-881ab887-7090-418b-a3cf-ed2804797c5d,de_ancient,3b3b0662-0a3a-418c-9734-2f2051b049fc,b10cd2ba-fdaf-46bf-aba0-7397bde298e9,flacotiverso,14,14,8,29,3b3b0662-0a3a-418c-9734-2f2051b049fc,1
1-8a2efde4-d9f1-404a-ba7e-46330872b450,de_dust2,ac766cf9-c28a-4f0f-869d-637ee80fa216,a62e1894-7ac4-4d65-9c92-939ca4f0f200,Fakabot,21,13,8,71,ac766cf9-c28a-4f0f-869d-637ee80fa216,1
1-8a2efde4-d9f1-404a-ba7e-46330872b450,de_dust2,ac766cf9-c28a-4f0f-869d-637ee80fa216,b10cd2ba-fdaf-46bf-aba0-7397bde298e9,flacotiverso,18,14,3,78,ac766cf9-c28a-4f0f-869d-637ee80fa216,1
1-8b764aa8-646a-488b-a38a-bbe40b643c10,de_cache,3b3b0662-0a3a-418c-9734-2f2051b049fc,3b3b0662-0a3a-418c-9734-2f2051b049fc,polski-,9,10,5,11,3b3b0662-0a3a-418c-9734-2f2051b049fc,1
1-8b764aa8-646a-488b-a38a-bbe40b643c10,de_cache,3b3b0662-0a3a-418c-9734-2f2051b049fc,bc8c9779-1f8f-4017-9646-6701423c6ff9,frantarasco,14,13,4,36,3b3b0662-0a3a-418c-9734-2f2051b049fc,1
1-8b764aa8-646a-488b-a38a-bbe40b643c10,de_cache,3b3b0662-0a3a-418c-9734-2f2051b049fc,99c560e6-662d-4b0c-a48b-b232fa52cb88,n0xinho,16,10,6,62,3b3b0662-0a3a-418c-9734-2f2051b049fc,1
1-8b7bcec0-eccb-4eb7-be53-5e8aa5e294e3,de_ancient,3feda1cb-b126-4e4f-a4e2-af9a4d5e94b0,4482a031-efdb-4c3a-899f-6e5c22310547,santutu_,7,18,9,57,d7086715-e7f9-4517-bd84-c84dcfb2a31a,0
1-8b7bcec0-eccb-4eb7-be53-5e8aa5e294e3,de_ancient,3feda1cb-b126-4e4f-a4e2-af9a4d5e94b0,b10cd2ba-fdaf-46bf-aba0-7397bde298e9,flacotiverso,16,18,5,81,d7086715-e7f9-4517-bd84-c84dcfb2a31a,0
1-8ddbebeb-d1b3-4c11-9430-b34fc12591e0,de_dust2,a62e1894-7ac4-4d65-9c92-939ca4f0f200,a62e1894-7ac4-4d65-9c92-939ca4f0f200,Fakabot,21,18,3,48,a62e1894-7ac4-4d65-9c92-939ca4f0f200,1
1-8ddbebeb-d1b3-4c11-9430-b34fc12591e0,de_dust2,a62e1894-7ac4-4d65-9c92-939ca4f0f200,4482a031-efdb-4c3a-899f-6e5c22310547,santutu_,11,15,14,73,a62e1894-7ac4-4d65-9c92-939ca4f0f200,1
1-8ddbebeb-d1b3-4c11-9430-b34fc12591e0,de_dust2,a62e1894-7ac4-4d65-9c92-939ca4f0f200,bc8c9779-1f8f-4017-9646-6701423c6ff9,frantarasco,14,16,5,64,a62e1894-7ac4-4d65-9c92-939ca4f0f200,1
1-8ddbebeb-d1b3-4c11-9430-b34fc12591e0,de_dust2,a62e1894-7ac4-4d65-9c92-939ca4f0f200,99c560e6-662d-4b0c-a48b-b232fa52cb88,n0xinho,20,14,8,50,a62e1894-7ac4-4d65-9c92-939ca4f0f200,1
1-8fc563c3-d3b1-4e08-86e7-c602c0125485,de_inferno,d2d79f95-19d1-479b-82e9-97b88223f169,d2d79f95-19d1-479b-82e9-97b88223f169,agb-_-,13,12,5,38,d2d79f95-19d1-479b-82e9-97b88223f169,1
1-8fc563c3-d3b1-4e08-86e7-c602c0125485,de_inferno,d2d79f95-19d1-479b-82e9-97b88223f169,99c560e6-662d-4b0c-a48b-b232fa52cb88,n0xinho,25,9,1,56,d2d79f95-19d1-479b-82e9-97b88223f169,1
1-8fc563c3-d3b1-4e08-86e7-c602c0125485,de_inferno,d2d79f95-19d1-479b-82e9-97b88223f169,b10cd2ba-fdaf-46bf-aba0-7397bde298e9,flacotiverso,8,10,1,25,d2d79f95-19d1-479b-82e9-97b88223f169,1
1-906a15f0-c500-462a-b0bf-168a230cf628,de_mirage,d02c4268-5e5e-426c-9125-4a81d6ad4d7d,d02c4268-5e5e-426c-9125-4a81d6ad4d7d,ELGERENTE,34,38,19,53,e685ac2d-0329-4fcd-ae4b-e0413ffcc459,0
1-906a15f0-c500-462a-b0bf-168a230cf628,de_mirage,d02c4268-5e5e-426c-9125-4a81d6ad4d7d,b10cd2ba-fdaf-46bf-aba0-7397bde298e9,flacotiverso,34,37,10,41,e685ac2d-0329-4fcd-ae4b-e0413ffcc459,0
1-924e7f25-e957-444e-a288-a9671c8f22d5,de_mirage,872c7068-ac76-4a87-89b5-6e69099e0633,bc8c9779-1f8f-4017-9646-6701423c6ff9,frantarasco,28,33,10,36,14a9f7a8-9a60-4ca4-80b1-bc5b4950dd69,0
1-924e7f25-e957-444e-a288-a9671c8f22d5,de_mirage,872c7068-ac76-4a87-89b5-6e69099e0633,d2d79f95-19d1-479b-82e9-97b88223f169,agb-_-,23,36,8,43,14a9f7a8-9a60-4ca4-80b1-bc5b4950dd69,0
1-92619067-d4d2-4c7b-98b3-675bad5774da,de_mirage,15f2c4c8-2eeb-42ff-ac02-6b7d17542ed4,a62e1894-7ac4-4d65-9c92-939ca4f0f200,Fakabot,17,17,6,53,15f2c4c8-2eeb-42ff-ac02-6b7d17542ed4,1
1-92619067-d4d2-4c7b-98b3-675bad5774da,de_mirage,15f2c4c8-2eeb-42ff-ac02-6b7d17542ed4,bc8c9779-1f8f-4017-9646-6701423c6ff9,frantarasco,17,19,3,47,15f2c4c8-2eeb-42ff-ac02-6b7d17542ed4,1
1-92619067-d4d2-4c7b-98b3-675bad5774da,de_mirage,15f2c4c8-2eeb-42ff-ac02-6b7d17542ed4,b10cd2ba-fdaf-46bf-aba0-7397bde298e9,flacotiverso,11,23,7,36,15f2c4c8-2eeb-42ff-ac02-6b7d17542ed4,1
1-92f1b0a4-c978-48bd-b4cc-883f4d14009d,de_dust2,d02c4268-5e5e-426c-9125-4a81d6ad4d7d,d02c4268-5e5e-426c-9125-4a81d6ad4d7d,ELGERENTE,19,13,3,42,d02c4268-5e5e-426c-9125-4a81d6ad4d7d,1
1-92f1b0a4-c978-48bd-b4cc-883f4d14009d,de_dust2,d02c4268-5e5e-426c-9125-4a81d6ad4d7d,a62e1894-7ac4-4d65-9c92-939ca4f0f200,Fakabot,10,15,7,40,d02c4268-5e5e-426c-9125-4a81d6ad4d7d,1
1-92f1b0a4-c978-48bd-b4cc-883f4d14009d,de_dust2,d02c4268-5e5e-426c-9125-4a81d6ad4d7d,bc8c9779-1f8f-4017-9646-6701423c6ff9,frantarasco,8,14,7,62,d02c4268-5e5e-426c-9125-4a81d6ad4d7d,1
1-92f1b0a4-c978-48bd-b4cc-883f4d14009d,de_dust2,d02c4268-5e5e-426c-9125-4a81d6ad4d7d,49a74302-be88-4ac5-9a6c-f0c7864e6b2d,hhmero,22,12,4,50,d02c4268-5e5e-426c-9125-4a81d6ad4d7d,1
1-9764c2b8-a4b4-4d8f-83b1-ea84158fe867,de_nuke,a62e1894-7ac4-4d65-9c92-939ca4f0f200,a62e1894-7ac4-4d65-9c92-939ca4f0f200,Fakabot,17,17,4,53,a62e1894-7ac4-4d65-9c92-939ca4f0f200,1
1-9764c2b8-a4b4-4d8f-83b1-ea84158fe867,de_nuke,a62e1894-7ac4-4d65-9c92-939ca4f0f200,d02c4268-5e5e-426c-9125-4a81d6ad4d7d,ELGERENTE,19,14,6,74,a62e1894-7ac4-4d65-9c92-939ca4f0f200,1
1-97755c95-950f-461a-9f97-cb8f30656cbc,de_ancient,d02c4268-5e5e-426c-9125-4a81d6ad4d7d,d02c4268-5e5e-426c-9125-4a81d6ad4d7d,ELGERENTE,12,15,4,67,48f608ee-0c64-4ff2-9387-38d734ac845e,0
1-97755c95-950f-461a-9f97-cb8f30656cbc,de_ancient,d02c4268-5e5e-426c-9125-4a81d6ad4d7d,bc8c9779-1f8f-4017-9646-6701423c6ff9,frantarasco,12,13,2,33,48f608ee-0c64-4ff2-9387-38d734ac845e,0
1-97755c95-950f-461a-9f97-cb8f30656cbc,de_ancient,d02c4268-5e5e-426c-9125-4a81d6ad4d7d,b10cd2ba-fdaf-46bf-aba0-7397bde298e9,flacotiverso,14,18,9,86,48f608ee-0c64-4ff2-9387-38d734ac845e,0
1-98321f76-0160-4409-88cb-84e5c4ad9a4d,de_dust2,bc8c9779-1f8f-4017-9646-6701423c6ff9,bc8c9779-1f8f-4017-9646-6701423c6ff9,frantarasco,19,16,5,42,bc8c9779-1f8f-4017-9646-6701423c6ff9,1
1-98321f76-0160-4409-88cb-84e5c4ad9a4d,de_dust2,bc8c9779-1f8f-4017-9646-6701423c6ff9,4482a031-efdb-4c3a-899f-6e5c22310547,santutu_,14,15,7,50,bc8c9779-1f8f-4017-9646-6701423c6ff9,1
1-98321f76-0160-4409-88cb-84e5c4ad9a4d,de_dust2,bc8c9779-1f8f-4017-9646-6701423c6ff9,d2d79f95-19d1-479b-82e9-97b88223f169,agb-_-,6,17,11,50,bc8c9779-1f8f-4017-9646-6701423c6ff9,1
1-98321f76-0160-4409-88cb-84e5c4ad9a4d,de_dust2,bc8c9779-1f8f-4017-9646-6701423c6ff9,d02c4268-5e5e-426c-9125-4a81d6ad4d7d,ELGERENTE,20,16,4,45,bc8c9779-1f8f-4017-9646-6701423c6ff9,1
1-9ac87ac0-bb60-4555-9228-fee8b9d337a4,de_dust2,85fab99c-04d8-4995-b24c-752177c161c2,bc8c9779-1f8f-4017-9646-6701423c6ff9,frantarasco,8,16,6,62,673ae0db-2bc4-48ba-b191-b33dee632275,0
1-9ac87ac0-bb60-4555-9228-fee8b9d337a4,de_dust2,85fab99c-04d8-4995-b24c-752177c161c2,a62e1894-7ac4-4d65-9c92-939ca4f0f200,Fakabot,21,16,2,62,673ae0db-2bc4-48ba-b191-b33dee632275,0
1-9ac87ac0-bb60-4555-9228-fee8b9d337a4,de_dust2,85fab99c-04d8-4995-b24c-752177c161c2,a24967e1-bb38-4b2f-bb78-e118e613c0c7,gordotiverso,13,15,12,54,673ae0db-2bc4-48ba-b191-b33dee632275,0
1-9ac87ac0-bb60-4555-9228-fee8b9d337a4,de_dust2,85fab99c-04d8-4995-b24c-752177c161c2,d2d79f95-19d1-479b-82e9-97b88223f169,agb-_-,14,17,6,50,673ae0db-2bc4-48ba-b191-b33dee632275,0
1-9cf2fba3-3667-4acf-a298-facbd5de3e4f,de_dust2,200e0558-9437-44f2-93c3-0950cdfcd5e9,a24967e1-bb38-4b2f-bb78-e118e613c0c7,gordotiverso,11,18,6,55,996b2be8-9bf4-4fae-b24c-5a7eb85aaa0b,0
1-9cf2fba3-3667-4acf-a298-facbd5de3e4f,de_dust2,200e0558-9437-44f2-93c3-0950cdfcd5e9,4482a031-efdb-4c3a-899f-6e5c22310547,santutu_,13,18,3,46,996b2be8-9bf4-4fae-b24c-5a7eb85aaa0b,0
1-9cf2fba3-3667-4acf-a298-facbd5de3e4f,de_dust2,200e0558-9437-44f2-93c3-0950cdfcd5e9,3b3b0662-0a3a-418c-9734-2f2051b049fc,polski-,29,14,3,62,996b2be8-9bf4-4fae-b24c-5a7eb85aaa0b,0
1-9cf2fba3-3667-4acf-a298-facbd5de3e4f,de_dust2,200e0558-9437-44f2-93c3-0950cdfcd5e9,bc8c9779-1f8f-4017-9646-6701423c6ff9,frantarasco,12,15,7,42,996b2be8-9bf4-4fae-b24c-5a7eb85aaa0b,0
1-9cf2fba3-3667-4acf-a298-facbd5de3e4f,de_dust2,200e0558-9437-44f2-93c3-0950cdfcd5e9,d2d79f95-19d1-479b-82e9-97b88223f169,agb-_-,8,19,4,62,996b2be8-9bf4-4fae-b24c-5a7eb85aaa0b,0
1-9d77cc2f-47b6-4af0-bea8-d7603d4101a1,de_inferno,a62e1894-7ac4-4d65-9c92-939ca4f0f200,a62e1894-7ac4-4d65-9c92-939ca4f0f200,Fakabot,12,14,6,50,a62e1894-7ac4-4d65-9c92-939ca4f0f200,1
1-9d77cc2f-47b6-4af0-bea8-d7603d4101a1,de_inferno,a62e1894-7ac4-4d65-9c92-939ca4f0f200,bc8c9779-1f8f-4017-9646-6701423c6ff9,frantarasco,18,15,9,33,a62e1894-7ac4-4d65-9c92-939ca4f0f200,1
1-9d77cc2f-47b6-4af0-bea8-d7603d4101a1,de_inferno,a62e1894-7ac4-4d65-9c92-939ca4f0f200,d2d79f95-19d1-479b-82e9-97b88223f169,agb-_-,17,13,4,41,a62e1894-7ac4-4d65-9c92-939ca4f0f200,1
1-9d77cc2f-47b6-4af0-bea8-d7603d4101a1,de_inferno,a62e1894-7ac4-4d65-9c92-939ca4f0f200,1acb8f8e-b15e-49c2-8a91-88bf299f0f99,santibest10,21,7,4,52,a62e1894-7ac4-4d65-9c92-939ca4f0f200,1
1-a01127d9-ee4e-42a0-86a1-dc5a66d5f0f6,de_mirage,a62e1894-7ac4-4d65-9c92-939ca4f0f200,a62e1894-7ac4-4d65-9c92-939ca4f0f200,Fakabot,11,18,4,82,a62e1894-7ac4-4d65-9c92-939ca4f0f200,1
1-a01127d9-ee4e-42a0-86a1-dc5a66d5f0f6,de_mirage,a62e1894-7ac4-4d65-9c92-939ca4f0f200,3b3b0662-0a3a-418c-9734-2f2051b049fc,polski-,29,12,6,45,a62e1894-7ac4-4d65-9c92-939ca4f0f200,1
1-a01127d9-ee4e-42a0-86a1-dc5a66d5f0f6,de_mirage,a62e1894-7ac4-4d65-9c92-939ca4f0f200,99c560e6-662d-4b0c-a48b-b232fa52cb88,n0xinho,12,18,5,33,a62e1894-7ac4-4d65-9c92-939ca4f0f200,1
1-a01127d9-ee4e-42a0-86a1-dc5a66d5f0f6,de_mirage,a62e1894-7ac4-4d65-9c92-939ca4f0f200,d02c4268-5e5e-426c-9125-4a81d6ad4d7d,ELGERENTE,11,16,4,64,a62e1894-7ac4-4d65-9c92-939ca4f0f200,1
1-a08c9bae-2072-4809-ad1a-2233e105742f,de_dust2,99c560e6-662d-4b0c-a48b-b232fa52cb88,99c560e6-662d-4b0c-a48b-b232fa52cb88,n0xinho,12,17,2,42,11185906-f1a9-4f1e-bf00-1506b5e4028b,0
1-a08c9bae-2072-4809-ad1a-2233e105742f,de_dust2,99c560e6-662d-4b0c-a48b-b232fa52cb88,3b3b0662-0a3a-418c-9734-2f2051b049fc,polski-,16,18,9,19,11185906-f1a9-4f1e-bf00-1506b5e4028b,0
1-a10e5974-8143-4861-afbd-95ec513e3dae,de_mirage,99c560e6-662d-4b0c-a48b-b232fa52cb88,99c560e6-662d-4b0c-a48b-b232fa52cb88,n0xinho,21,17,6,71,99c560e6-662d-4b0c-a48b-b232fa52cb88,1
1-a10e5974-8143-4861-afbd-95ec513e3dae,de_mirage,99c560e6-662d-4b0c-a48b-b232fa52cb88,1acb8f8e-b15e-49c2-8a91-88bf299f0f99,santibest10,17,19,6,29,99c560e6-662d-4b0c-a48b-b232fa52cb88,1
1-a10e5974-8143-4861-afbd-95ec513e3dae,de_mirage,99c560e6-662d-4b0c-a48b-b232fa52cb88,b10cd2ba-fdaf-46bf-aba0-7397bde298e9,flacotiverso,7,20,12,86,99c560e6-662d-4b0c-a48b-b232fa52cb88,1
1-a167636e-94cd-41e8-b595-82e89910d37f,de_inferno,1acb8f8e-b15e-49c2-8a91-88bf299f0f99,1acb8f8e-b15e-49c2-8a91-88bf299f0f99,santibest10,17,10,7,47,1acb8f8e-b15e-49c2-8a91-88bf299f0f99,1
1-a167636e-94cd-41e8-b595-82e89910d37f,de_inferno,1acb8f8e-b15e-49c2-8a91-88bf299f0f99,99c560e6-662d-4b0c-a48b-b232fa52cb88,n0xinho,18,7,5,22,1acb8f8e-b15e-49c2-8a91-88bf299f0f99,1
1-a167636e-94cd-41e8-b595-82e89910d37f,de_inferno,1acb8f8e-b15e-49c2-8a91-88bf299f0f99,d2d79f95-19d1-479b-82e9-97b88223f169,agb-_-,10,13,2,50,1acb8f8e-b15e-49c2-8a91-88bf299f0f99,1
1-a297578f-be44-427f-8ad1-123dd49b7901,de_mirage,5b8f33d9-9115-4817-8e72-425e94ea1f7f,99c560e6-662d-4b0c-a48b-b232fa52cb88,n0xinho,24,27,10,46,5b8f33d9-9115-4817-8e72-425e94ea1f7f,1
1-a297578f-be44-427f-8ad1-123dd49b7901,de_mirage,5b8f33d9-9115-4817-8e72-425e94ea1f7f,3b3b0662-0a3a-418c-9734-2f2051b049fc,polski-,30,24,8,57,5b8f33d9-9115-4817-8e72-425e94ea1f7f,1
1-a297578f-be44-427f-8ad1-123dd49b7901,de_mirage,5b8f33d9-9115-4817-8e72-425e94ea1f7f,bc8c9779-1f8f-4017-9646-6701423c6ff9,frantarasco,18,29,11,67,5b8f33d9-9115-4817-8e72-425e94ea1f7f,1
1-a297578f-be44-427f-8ad1-123dd49b7901,de_mirage,5b8f33d9-9115-4817-8e72-425e94ea1f7f,1acb8f8e-b15e-49c2-8a91-88bf299f0f99,santibest10,40,23,5,40,5b8f33d9-9115-4817-8e72-425e94ea1f7f,1
1-a297578f-be44-427f-8ad1-123dd49b7901,de_mirage,5b8f33d9-9115-4817-8e72-425e94ea1f7f,b10cd2ba-fdaf-46bf-aba0-7397bde298e9,flacotiverso,16,26,8,44,5b8f33d9-9115-4817-8e72-425e94ea1f7f,1
1-a35f9411-3e57-43cf-b77b-6273901e7366,de_mirage,1919a7ed-f500-494b-b55d-d201561529bf,99c560e6-662d-4b0c-a48b-b232fa52cb88,n0xinho,20,22,7,55,1919a7ed-f500-494b-b55d-d201561529bf,1
1-a35f9411-3e57-43cf-b77b-6273901e7366,de_mirage,1919a7ed-f500-494b-b55d-d201561529bf,a24967e1-bb38-4b2f-bb78-e118e613c0c7,gordotiverso,14,22,6,21,1919a7ed-f500-494b-b55d-d201561529bf,1
1-a35f9411-3e57-43cf-b77b-6273901e7366,de_mirage,1919a7ed-f500-494b-b55d-d201561529bf,d2d79f95-19d1-479b-82e9-97b88223f169,agb-_-,16,22,10,31,1919a7ed-f500-494b-b55d-d201561529bf,1
1-a35f9411-3e57-43cf-b77b-6273901e7366,de_mirage,1919a7ed-f500-494b-b55d-d201561529bf,1acb8f8e-b15e-49c2-8a91-88bf299f0f99,santibest10,32,17,6,34,1919a7ed-f500-494b-b55d-d201561529bf,1
1-a35f9411-3e57-43cf-b77b-6273901e7366,de_mirage,1919a7ed-f500-494b-b55d-d201561529bf,b10cd2ba-fdaf-46bf-aba0-7397bde298e9,flacotiverso,27,24,11,56,1919a7ed-f500-494b-b55d-d201561529bf,1
1-a3645072-6474-425f-99d3-4927128342b6,de_mirage,30b8844b-e13e-4efd-ad38-f2d692b2cefb,3b3b0662-0a3a-418c-9734-2f2051b049fc,polski-,18,18,8,72,30b8844b-e13e-4efd-ad38-f2d692b2cefb,1
1-a3645072-6474-425f-99d3-4927128342b6,de_mirage,30b8844b-e13e-4efd-ad38-f2d692b2cefb,1acb8f8e-b15e-49c2-8a91-88bf299f0f99,santibest10,16,18,1,31,30b8844b-e13e-4efd-ad38-f2d692b2cefb,1
1-a3645072-6474-425f-99d3-4927128342b6,de_mirage,30b8844b-e13e-4efd-ad38-f2d692b2cefb,d02c4268-5e5e-426c-9125-4a81d6ad4d7d,ELGERENTE,12,21,6,50,30b8844b-e13e-4efd-ad38-f2d692b2cefb,1
1-a523113d-7f3e-44d5-96e1-edd512b1b71f,de_dust2,8090feae-a8e8-4008-8386-2627094e1905,1acb8f8e-b15e-49c2-8a91-88bf299f0f99,santibest10,23,30,10,39,5ad3deab-0aa4-4005-8e1a-5876a198eac5,0
1-a523113d-7f3e-44d5-96e1-edd512b1b71f,de_dust2,8090feae-a8e8-4008-8386-2627094e1905,99c560e6-662d-4b0c-a48b-b232fa52cb88,n0xinho,32,26,2,59,5ad3deab-0aa4-4005-8e1a-5876a198eac5,0
1-a6dd16d5-6d53-44e8-b384-9098fabff08c,de_mirage,d02c4268-5e5e-426c-9125-4a81d6ad4d7d,d02c4268-5e5e-426c-9125-4a81d6ad4d7d,ELGERENTE,21,17,5,62,f179e5f3-f7b2-41c4-bede-72c29b64eb93,0
1-a6dd16d5-6d53-44e8-b384-9098fabff08c,de_mirage,d02c4268-5e5e-426c-9125-4a81d6ad4d7d,a62e1894-7ac4-4d65-9c92-939ca4f0f200,Fakabot,14,20,6,36,f179e5f3-f7b2-41c4-bede-72c29b64eb93,0
1-a6dd16d5-6d53-44e8-b384-9098fabff08c,de_mirage,d02c4268-5e5e-426c-9125-4a81d6ad4d7d,bc8c9779-1f8f-4017-9646-6701423c6ff9,frantarasco,20,20,5,65,f179e5f3-f7b2-41c4-bede-72c29b64eb93,0
1-a6dd16d5-6d53-44e8-b384-9098fabff08c,de_mirage,d02c4268-5e5e-426c-9125-4a81d6ad4d7d,49a74302-be88-4ac5-9a6c-f0c7864e6b2d,hhmero,13,18,5,69,f179e5f3-f7b2-41c4-bede-72c29b64eb93,0
1-a7a2bfdc-0549-44ca-b3ad-87b61fa7b0e7,de_mirage,48e92b79-b40e-4aa6-b100-2640e1c6f267,bc8c9779-1f8f-4017-9646-6701423c6ff9,frantarasco,17,15,9,29,48e92b79-b40e-4aa6-b100-2640e1c6f267,1
1-a7a2bfdc-0549-44ca-b3ad-87b61fa7b0e7,de_mirage,48e92b79-b40e-4aa6-b100-2640e1c6f267,a24967e1-bb38-4b2f-bb78-e118e613c0c7,gordotiverso,16,14,8,56,48e92b79-b40e-4aa6-b100-2640e1c6f267,1
1-a7a2bfdc-0549-44ca-b3ad-87b61fa7b0e7,de_mirage,48e92b79-b40e-4aa6-b100-2640e1c6f267,99c560e6-662d-4b0c-a48b-b232fa52cb88,n0xinho,17,18,8,41,48e92b79-b40e-4aa6-b100-2640e1c6f267,1
1-a7a2bfdc-0549-44ca-b3ad-87b61fa7b0e7,de_mirage,48e92b79-b40e-4aa6-b100-2640e1c6f267,1acb8f8e-b15e-49c2-8a91-88bf299f0f99,santibest10,17,14,4,35,48e92b79-b40e-4aa6-b100-2640e1c6f267,1
1-a7a2bfdc-0549-44ca-b3ad-87b61fa7b0e7,de_mirage,48e92b79-b40e-4aa6-b100-2640e1c6f267,b10cd2ba-fdaf-46bf-aba0-7397bde298e9,flacotiverso,14,16,3,50,48e92b79-b40e-4aa6-b100-2640e1c6f267,1
1-acb6c088-65d6-4975-9f60-f87cb710ca05,de_dust2,d02c4268-5e5e-426c-9125-4a81d6ad4d7d,d02c4268-5e5e-426c-9125-4a81d6ad4d7d,ELGERENTE,15,14,3,47,28d284b8-5f2b-4fd7-9212-db1a4c783265,0
1-acb6c088-65d6-4975-9f60-f87cb710ca05,de_dust2,d02c4268-5e5e-426c-9125-4a81d6ad4d7d,d2d79f95-19d1-479b-82e9-97b88223f169,agb-_-,14,17,4,50,28d284b8-5f2b-4fd7-9212-db1a4c783265,0
1-ae3f5288-2ba4-4d23-8a38-7b5b465ea0a1,de_nuke,99c560e6-662d-4b0c-a48b-b232fa52cb88,99c560e6-662d-4b0c-a48b-b232fa52cb88,n0xinho,12,19,3,25,992bd079-0fff-4404-8618-a025070785d1,0
1-ae3f5288-2ba4-4d23-8a38-7b5b465ea0a1,de_nuke,99c560e6-662d-4b0c-a48b-b232fa52cb88,3b3b0662-0a3a-418c-9734-2f2051b049fc,polski-,15,17,2,60,992bd079-0fff-4404-8618-a025070785d1,0
1-aea949d5-630f-474f-8040-26c2265fe95b,de_inferno,51018d9c-71d9-41da-a5db-b1326c3ae6e8,1acb8f8e-b15e-49c2-8a91-88bf299f0f99,santibest10,21,13,3,57,51018d9c-71d9-41da-a5db-b1326c3ae6e8,1
1-aea949d5-630f-474f-8040-26c2265fe95b,de_inferno,51018d9c-71d9-41da-a5db-b1326c3ae6e8,4482a031-efdb-4c3a-899f-6e5c22310547,santutu_,12,16,6,42,51018d9c-71d9-41da-a5db-b1326c3ae6e8,1
1-aea949d5-630f-474f-8040-26c2265fe95b,de_inferno,51018d9c-71d9-41da-a5db-b1326c3ae6e8,99c560e6-662d-4b0c-a48b-b232fa52cb88,n0xinho,21,10,5,62,51018d9c-71d9-41da-a5db-b1326c3ae6e8,1
1-aea949d5-630f-474f-8040-26c2265fe95b,de_inferno,51018d9c-71d9-41da-a5db-b1326c3ae6e8,d2d79f95-19d1-479b-82e9-97b88223f169,agb-_-,9,14,2,56,51018d9c-71d9-41da-a5db-b1326c3ae6e8,1
1-aebf6ddb-f6e0-455a-81f5-e09fb9a50615,de_dust2,99c560e6-662d-4b0c-a48b-b232fa52cb88,99c560e6-662d-4b0c-a48b-b232fa52cb88,n0xinho,12,16,3,42,d01fdbdd-066a-4812-8752-f701decb69cf,0
1-aebf6ddb-f6e0-455a-81f5-e09fb9a50615,de_dust2,99c560e6-662d-4b0c-a48b-b232fa52cb88,a62e1894-7ac4-4d65-9c92-939ca4f0f200,Fakabot,11,16,5,36,d01fdbdd-066a-4812-8752-f701decb69cf,0
1-b3d408ed-bf51-44b5-ae4a-40e68724004f,de_dust2,a62e1894-7ac4-4d65-9c92-939ca4f0f200,a62e1894-7ac4-4d65-9c92-939ca4f0f200,Fakabot,16,10,4,69,a62e1894-7ac4-4d65-9c92-939ca4f0f200,1
1-b3d408ed-bf51-44b5-ae4a-40e68724004f,de_dust2,a62e1894-7ac4-4d65-9c92-939ca4f0f200,b10cd2ba-fdaf-46bf-aba0-7397bde298e9,flacotiverso,10,15,3,20,a62e1894-7ac4-4d65-9c92-939ca4f0f200,1
1-b4f4ed23-5504-462b-b214-6941a499a337,de_inferno,1acb8f8e-b15e-49c2-8a91-88bf299f0f99,1acb8f8e-b15e-49c2-8a91-88bf299f0f99,santibest10,12,20,6,58,efea2e78-b8c0-4414-82cb-ccb405d5a2eb,0
1-b4f4ed23-5504-462b-b214-6941a499a337,de_inferno,1acb8f8e-b15e-49c2-8a91-88bf299f0f99,99c560e6-662d-4b0c-a48b-b232fa52cb88,n0xinho,27,17,6,11,efea2e78-b8c0-4414-82cb-ccb405d5a2eb,0
1-b4f4ed23-5504-462b-b214-6941a499a337,de_inferno,1acb8f8e-b15e-49c2-8a91-88bf299f0f99,b10cd2ba-fdaf-46bf-aba0-7397bde298e9,flacotiverso,8,17,3,88,efea2e78-b8c0-4414-82cb-ccb405d5a2eb,0
1-b5fa480e-9891-42f8-b4c6-f0726fe6421a,de_nuke,f07be201-cfdc-459e-a40f-3d3fb6245dc5,a62e1894-7ac4-4d65-9c92-939ca4f0f200,Fakabot,22,15,6,64,f07be201-cfdc-459e-a40f-3d3fb6245dc5,1
1-b5fa480e-9891-42f8-b4c6-f0726fe6421a,de_nuke,f07be201-cfdc-459e-a40f-3d3fb6245dc5,d2d79f95-19d1-479b-82e9-97b88223f169,agb-_-,18,16,7,56,f07be201-cfdc-459e-a40f-3d3fb6245dc5,1
1-b7a71780-694f-47da-81cc-fb0d28be4ef6,de_mirage,d2d79f95-19d1-479b-82e9-97b88223f169,d2d79f95-19d1-479b-82e9-97b88223f169,agb-_-,19,12,6,47,d2d79f95-19d1-479b-82e9-97b88223f169,1
1-b7a71780-694f-47da-81cc-fb0d28be4ef6,de_mirage,d2d79f95-19d1-479b-82e9-97b88223f169,99c560e6-662d-4b0c-a48b-b232fa52cb88,n0xinho,18,12,10,44,d2d79f95-19d1-479b-82e9-97b88223f169,1
1-b7a71780-694f-47da-81cc-fb0d28be4ef6,de_mirage,d2d79f95-19d1-479b-82e9-97b88223f169,b10cd2ba-fdaf-46bf-aba0-7397bde298e9,flacotiverso,12,14,2,42,d2d79f95-19d1-479b-82e9-97b88223f169,1
1-b9e54b32-0639-4ec7-9afd-40ae7cb65469,de_ancient,1919a7ed-f500-494b-b55d-d201561529bf,d2d79f95-19d1-479b-82e9-97b88223f169,agb-_-,8,18,4,62,51d109b2-5046-4e4f-8809-88d765b62c84,0
1-b9e54b32-0639-4ec7-9afd-40ae7cb65469,de_ancient,1919a7ed-f500-494b-b55d-d201561529bf,99c560e6-662d-4b0c-a48b-b232fa52cb88,n0xinho,17,17,7,59,51d109b2-5046-4e4f-8809-88d765b62c84,0
1-b9e54b32-0639-4ec7-9afd-40ae7cb65469,de_ancient,1919a7ed-f500-494b-b55d-d201561529bf,b10cd2ba-fdaf-46bf-aba0-7397bde298e9,flacotiverso,16,15,4,56,51d109b2-5046-4e4f-8809-88d765b62c84,0
1-baed7ae6-1af7-42cb-b0e6-13d0959eb19b,de_dust2,1acb8f8e-b15e-49c2-8a91-88bf299f0f99,1acb8f8e-b15e-49c2-8a91-88bf299f0f99,santibest10,22,18,9,55,25783fd4-9ca8-4e8a-99e6-1dccd2fd5228,0
1-baed7ae6-1af7-42cb-b0e6-13d0959eb19b,de_dust2,1acb8f8e-b15e-49c2-8a91-88bf299f0f99,99c560e6-662d-4b0c-a48b-b232fa52cb88,n0xinho,13,15,4,23,25783fd4-9ca8-4e8a-99e6-1dccd2fd5228,0
1-bb6eb962-c0ae-47a8-8aab-a97acb7f489a,de_dust2,99c560e6-662d-4b0c-a48b-b232fa52cb88,99c560e6-662d-4b0c-a48b-b232fa52cb88,n0xinho,17,16,2,53,99c560e6-662d-4b0c-a48b-b232fa52cb88,1
1-bb6eb962-c0ae-47a8-8aab-a97acb7f489a,de_dust2,99c560e6-662d-4b0c-a48b-b232fa52cb88,1acb8f8e-b15e-49c2-8a91-88bf299f0f99,santibest10,21,17,5,24,99c560e6-662d-4b0c-a48b-b232fa52cb88,1
1-bea890a3-6052-41b9-9fe2-d575a609741b,de_inferno,a24967e1-bb38-4b2f-bb78-e118e613c0c7,a24967e1-bb38-4b2f-bb78-e118e613c0c7,gordotiverso,12,17,4,67,893dc684-ca92-4251-84a9-6cffae8a88bc,0
1-bea890a3-6052-41b9-9fe2-d575a609741b,de_inferno,a24967e1-bb38-4b2f-bb78-e118e613c0c7,a62e1894-7ac4-4d65-9c92-939ca4f0f200,Fakabot,12,15,5,75,893dc684-ca92-4251-84a9-6cffae8a88bc,0
1-bea890a3-6052-41b9-9fe2-d575a609741b,de_inferno,a24967e1-bb38-4b2f-bb78-e118e613c0c7,49a74302-be88-4ac5-9a6c-f0c7864e6b2d,hhmero,17,15,2,76,893dc684-ca92-4251-84a9-6cffae8a88bc,0
1-c38bac9b-b007-4f61-9568-4f98a815d472,de_mirage,d02c4268-5e5e-426c-9125-4a81d6ad4d7d,d02c4268-5e5e-426c-9125-4a81d6ad4d7d,ELGERENTE,19,8,8,42,d02c4268-5e5e-426c-9125-4a81d6ad4d7d,1
1-c38bac9b-b007-4f61-9568-4f98a815d472,de_mirage,d02c4268-5e5e-426c-9125-4a81d6ad4d7d,d2d79f95-19d1-479b-82e9-97b88223f169,agb-_-,18,17,6,67,d02c4268-5e5e-426c-9125-4a81d6ad4d7d,1
1-c501b731-d631-4a92-83ee-7c2bd3de3550,de_dust2,d2d79f95-19d1-479b-82e9-97b88223f169,d2d79f95-19d1-479b-82e9-97b88223f169,agb-_-,12,12,6,50,d2d79f95-19d1-479b-82e9-97b88223f169,1
1-c501b731-d631-4a92-83ee-7c2bd3de3550,de_dust2,d2d79f95-19d1-479b-82e9-97b88223f169,d02c4268-5e5e-426c-9125-4a81d6ad4d7d,ELGERENTE,14,11,4,43,d2d79f95-19d1-479b-82e9-97b88223f169,1
1-c76bb8b8-2273-469d-95f2-e8bca59b1c5b,de_dust2,99c560e6-662d-4b0c-a48b-b232fa52cb88,99c560e6-662d-4b0c-a48b-b232fa52cb88,n0xinho,25,23,9,48,ea24f270-761d-457a-a02a-570a96b127dc,0
1-c76bb8b8-2273-469d-95f2-e8bca59b1c5b,de_dust2,99c560e6-662d-4b0c-a48b-b232fa52cb88,d2d79f95-19d1-479b-82e9-97b88223f169,agb-_-,19,28,6,53,ea24f270-761d-457a-a02a-570a96b127dc,0
1-c76bb8b8-2273-469d-95f2-e8bca59b1c5b,de_dust2,99c560e6-662d-4b0c-a48b-b232fa52cb88,1acb8f8e-b15e-49c2-8a91-88bf299f0f99,santibest10,32,23,10,41,ea24f270-761d-457a-a02a-570a96b127dc,0
1-c7f6356b-30a0-4d8a-97a9-6e765d91054c,de_dust2,1acb8f8e-b15e-49c2-8a91-88bf299f0f99,1acb8f8e-b15e-49c2-8a91-88bf299f0f99,santibest10,22,15,7,36,93129b20-a306-4515-a707-88afedc78d21,0
1-c7f6356b-30a0-4d8a-97a9-6e765d91054c,de_dust2,1acb8f8e-b15e-49c2-8a91-88bf299f0f99,a62e1894-7ac4-4d65-9c92-939ca4f0f200,Fakabot,13,20,6,46,93129b20-a306-4515-a707-88afedc78d21,0
1-c7f6356b-30a0-4d8a-97a9-6e765d91054c,de_dust2,1acb8f8e-b15e-49c2-8a91-88bf299f0f99,a24967e1-bb38-4b2f-bb78-e118e613c0c7,gordotiverso,14,22,12,50,93129b20-a306-4515-a707-88afedc78d21,0
1-c7f6356b-30a0-4d8a-97a9-6e765d91054c,de_dust2,1acb8f8e-b15e-49c2-8a91-88bf299f0f99,4482a031-efdb-4c3a-899f-6e5c22310547,santutu_,11,17,6,36,93129b20-a306-4515-a707-88afedc78d21,0
1-c90c0211-11e8-4a17-b86c-3e911914db1a,de_dust2,d02c4268-5e5e-426c-9125-4a81d6ad4d7d,d02c4268-5e5e-426c-9125-4a81d6ad4d7d,ELGERENTE,12,18,6,42,d02c4268-5e5e-426c-9125-4a81d6ad4d7d,1
1-c90c0211-11e8-4a17-b86c-3e911914db1a,de_dust2,d02c4268-5e5e-426c-9125-4a81d6ad4d7d,a62e1894-7ac4-4d65-9c92-939ca4f0f200,Fakabot,17,21,8,53,d02c4268-5e5e-426c-9125-4a81d6ad4d7d,1
1-c90c0211-11e8-4a17-b86c-3e911914db1a,de_dust2,d02c4268-5e5e-426c-9125-4a81d6ad4d7d,99c560e6-662d-4b0c-a48b-b232fa52cb88,n0xinho,23,16,10,39,d02c4268-5e5e-426c-9125-4a81d6ad4d7d,1
1-c90c0211-11e8-4a17-b86c-3e911914db1a,de_dust2,d02c4268-5e5e-426c-9125-4a81d6ad4d7d,d2d79f95-19d1-479b-82e9-97b88223f169,agb-_-,20,18,8,55,d02c4268-5e5e-426c-9125-4a81d6ad4d7d,1
1-ca5a213f-36e0-42b1-baa1-bddd968bde4a,de_cache,9de547c0-4925-468b-bc09-58af9de34966,a62e1894-7ac4-4d65-9c92-939ca4f0f200,Fakabot,16,12,3,50,9de547c0-4925-468b-bc09-58af9de34966,1
1-ca5a213f-36e0-42b1-baa1-bddd968bde4a,de_cache,9de547c0-4925-468b-bc09-58af9de34966,922e6ce2-7279-4771-93eb-d14c89041c76,monzooo,10,14,7,50,9de547c0-4925-468b-bc09-58af9de34966,1
1-ca5a213f-36e0-42b1-baa1-bddd968bde4a,de_cache,9de547c0-4925-468b-bc09-58af9de34966,bc8c9779-1f8f-4017-9646-6701423c6ff9,frantarasco,15,15,4,47,9de547c0-4925-468b-bc09-58af9de34966,1
1-ca5a213f-36e0-42b1-baa1-bddd968bde4a,de_cache,9de547c0-4925-468b-bc09-58af9de34966,d2d79f95-19d1-479b-82e9-97b88223f169,agb-_-,18,15,5,50,9de547c0-4925-468b-bc09-58af9de34966,1
1-ca5a213f-36e0-42b1-baa1-bddd968bde4a,de_cache,9de547c0-4925-468b-bc09-58af9de34966,b10cd2ba-fdaf-46bf-aba0-7397bde298e9,flacotiverso,20,14,3,50,9de547c0-4925-468b-bc09-58af9de34966,1
1-cd29a136-249f-4c64-a869-a20a185f34d8,de_nuke,1c468a3a-802f-4260-b7be-274e23570587,d02c4268-5e5e-426c-9125-4a81d6ad4d7d,ELGERENTE,9,13,7,33,1c468a3a-802f-4260-b7be-274e23570587,1
1-cd29a136-249f-4c64-a869-a20a185f34d8,de_nuke,1c468a3a-802f-4260-b7be-274e23570587,a62e1894-7ac4-4d65-9c92-939ca4f0f200,Fakabot,22,11,4,68,1c468a3a-802f-4260-b7be-274e23570587,1
1-cd29a136-249f-4c64-a869-a20a185f34d8,de_nuke,1c468a3a-802f-4260-b7be-274e23570587,4482a031-efdb-4c3a-899f-6e5c22310547,santutu_,10,15,8,50,1c468a3a-802f-4260-b7be-274e23570587,1
1-cd29a136-249f-4c64-a869-a20a185f34d8,de_nuke,1c468a3a-802f-4260-b7be-274e23570587,922e6ce2-7279-4771-93eb-d14c89041c76,monzooo,15,13,4,53,1c468a3a-802f-4260-b7be-274e23570587,1
1-cd29a136-249f-4c64-a869-a20a185f34d8,de_nuke,1c468a3a-802f-4260-b7be-274e23570587,1acb8f8e-b15e-49c2-8a91-88bf299f0f99,santibest10,20,13,5,45,1c468a3a-802f-4260-b7be-274e23570587,1
1-cf084df9-6a3c-45d4-ba77-55aeb7d8bbb3,de_dust2,4ce97008-1873-4d97-b79f-f56c28d8fa33,3b3b0662-0a3a-418c-9734-2f2051b049fc,polski-,47,18,7,47,4ce97008-1873-4d97-b79f-f56c28d8fa33,1
1-cf084df9-6a3c-45d4-ba77-55aeb7d8bbb3,de_dust2,4ce97008-1873-4d97-b79f-f56c28d8fa33,d2d79f95-19d1-479b-82e9-97b88223f169,agb-_-,16,26,13,25,4ce97008-1873-4d97-b79f-f56c28d8fa33,1
1-cf084df9-6a3c-45d4-ba77-55aeb7d8bbb3,de_dust2,4ce97008-1873-4d97-b79f-f56c28d8fa33,b10cd2ba-fdaf-46bf-aba0-7397bde298e9,flacotiverso,14,31,9,64,4ce97008-1873-4d97-b79f-f56c28d8fa33,1
1-d1fd3677-9b45-46df-bf26-8170312febfb,de_mirage,85fab99c-04d8-4995-b24c-752177c161c2,bc8c9779-1f8f-4017-9646-6701423c6ff9,frantarasco,16,17,9,38,85fab99c-04d8-4995-b24c-752177c161c2,1
1-d1fd3677-9b45-46df-bf26-8170312febfb,de_mirage,85fab99c-04d8-4995-b24c-752177c161c2,a62e1894-7ac4-4d65-9c92-939ca4f0f200,Fakabot,12,18,5,67,85fab99c-04d8-4995-b24c-752177c161c2,1
1-d1fd3677-9b45-46df-bf26-8170312febfb,de_mirage,85fab99c-04d8-4995-b24c-752177c161c2,a24967e1-bb38-4b2f-bb78-e118e613c0c7,gordotiverso,11,12,7,55,85fab99c-04d8-4995-b24c-752177c161c2,1
1-d1fd3677-9b45-46df-bf26-8170312febfb,de_mirage,85fab99c-04d8-4995-b24c-752177c161c2,d2d79f95-19d1-479b-82e9-97b88223f169,agb-_-,17,12,4,65,85fab99c-04d8-4995-b24c-752177c161c2,1
1-d2839a2c-91e0-4eac-b0a8-a7dd2b77ec93,de_mirage,a62e1894-7ac4-4d65-9c92-939ca4f0f200,a62e1894-7ac4-4d65-9c92-939ca4f0f200,Fakabot,14,16,7,43,05db2907-d970-4cbf-9458-f627520fbeb8,0
1-d2839a2c-91e0-4eac-b0a8-a7dd2b77ec93,de_mirage,a62e1894-7ac4-4d65-9c92-939ca4f0f200,b10cd2ba-fdaf-46bf-aba0-7397bde298e9,flacotiverso,13,17,6,54,05db2907-d970-4cbf-9458-f627520fbeb8,0
1-d2839a2c-91e0-4eac-b0a8-a7dd2b77ec93,de_mirage,a62e1894-7ac4-4d65-9c92-939ca4f0f200,d02c4268-5e5e-426c-9125-4a81d6ad4d7d,ELGERENTE,16,14,3,38,05db2907-d970-4cbf-9458-f627520fbeb8,0
1-d44d64dc-6ba2-4c52-a71c-c8885313bc22,de_dust2,3b3b0662-0a3a-418c-9734-2f2051b049fc,3b3b0662-0a3a-418c-9734-2f2051b049fc,polski-,19,17,10,53,dd64e7b4-db06-4807-8b3e-a771634a5a7f,0
1-d44d64dc-6ba2-4c52-a71c-c8885313bc22,de_dust2,3b3b0662-0a3a-418c-9734-2f2051b049fc,bc8c9779-1f8f-4017-9646-6701423c6ff9,frantarasco,11,19,0,73,dd64e7b4-db06-4807-8b3e-a771634a5a7f,0
1-d44d64dc-6ba2-4c52-a71c-c8885313bc22,de_dust2,3b3b0662-0a3a-418c-9734-2f2051b049fc,99c560e6-662d-4b0c-a48b-b232fa52cb88,n0xinho,13,19,6,46,dd64e7b4-db06-4807-8b3e-a771634a5a7f,0
1-d7141ef0-8975-44b4-83ab-ed264b1665f0,de_dust2,a62e1894-7ac4-4d65-9c92-939ca4f0f200,a62e1894-7ac4-4d65-9c92-939ca4f0f200,Fakabot,20,15,7,45,45103598-f74d-4662-be3b-67d370c814b5,0
1-d7141ef0-8975-44b4-83ab-ed264b1665f0,de_dust2,a62e1894-7ac4-4d65-9c92-939ca4f0f200,922e6ce2-7279-4771-93eb-d14c89041c76,monzooo,8,17,1,50,45103598-f74d-4662-be3b-67d370c814b5,0
1-deb31b95-0612-4710-a835-10e5c2a1c55b,de_ancient,99c560e6-662d-4b0c-a48b-b232fa52cb88,99c560e6-662d-4b0c-a48b-b232fa52cb88,n0xinho,15,12,5,67,99c560e6-662d-4b0c-a48b-b232fa52cb88,1
1-deb31b95-0612-4710-a835-10e5c2a1c55b,de_ancient,99c560e6-662d-4b0c-a48b-b232fa52cb88,3b3b0662-0a3a-418c-9734-2f2051b049fc,polski-,16,10,6,69,99c560e6-662d-4b0c-a48b-b232fa52cb88,1
1-dfcf8cb0-4718-4822-8dc1-56b92fcec3aa,de_mirage,a62e1894-7ac4-4d65-9c92-939ca4f0f200,a62e1894-7ac4-4d65-9c92-939ca4f0f200,Fakabot,20,17,5,50,75da1d0b-ea72-4a30-b853-a45f4082f24f,0
1-dfcf8cb0-4718-4822-8dc1-56b92fcec3aa,de_mirage,a62e1894-7ac4-4d65-9c92-939ca4f0f200,d2d79f95-19d1-479b-82e9-97b88223f169,agb-_-,16,18,5,69,75da1d0b-ea72-4a30-b853-a45f4082f24f,0
1-dfcf8cb0-4718-4822-8dc1-56b92fcec3aa,de_mirage,a62e1894-7ac4-4d65-9c92-939ca4f0f200,d02c4268-5e5e-426c-9125-4a81d6ad4d7d,ELGERENTE,10,15,4,60,75da1d0b-ea72-4a30-b853-a45f4082f24f,0
1-e8a96a3a-e8b2-4d84-901c-97a458842483,de_mirage,8b4d2c94-bddd-486c-8019-8821f25b25e3,99c560e6-662d-4b0c-a48b-b232fa52cb88,n0xinho,15,13,7,53,8b4d2c94-bddd-486c-8019-8821f25b25e3,1
1-e8a96a3a-e8b2-4d84-901c-97a458842483,de_mirage,8b4d2c94-bddd-486c-8019-8821f25b25e3,3b3b0662-0a3a-418c-9734-2f2051b049fc,polski-,10,10,5,30,8b4d2c94-bddd-486c-8019-8821f25b25e3,1
1-ea7e7ead-6b6f-4188-8b36-0af527259ce4,de_mirage,99c560e6-662d-4b0c-a48b-b232fa52cb88,99c560e6-662d-4b0c-a48b-b232fa52cb88,n0xinho,18,15,7,39,99c560e6-662d-4b0c-a48b-b232fa52cb88,1
1-ea7e7ead-6b6f-4188-8b36-0af527259ce4,de_mirage,99c560e6-662d-4b0c-a48b-b232fa52cb88,1acb8f8e-b15e-49c2-8a91-88bf299f0f99,santibest10,16,11,1,50,99c560e6-662d-4b0c-a48b-b232fa52cb88,1
1-ecbdd7a4-b668-437c-9aed-1f7bab16860e,de_mirage,99c560e6-662d-4b0c-a48b-b232fa52cb88,99c560e6-662d-4b0c-a48b-b232fa52cb88,n0xinho,7,15,6,43,e92889ec-2103-41a7-9148-8d00eb6e2f0c,0
1-ecbdd7a4-b668-437c-9aed-1f7bab16860e,de_mirage,99c560e6-662d-4b0c-a48b-b232fa52cb88,3b3b0662-0a3a-418c-9734-2f2051b049fc,polski-,13,16,4,31,e92889ec-2103-41a7-9148-8d00eb6e2f0c,0
1-ecbdd7a4-b668-437c-9aed-1f7bab16860e,de_mirage,99c560e6-662d-4b0c-a48b-b232fa52cb88,d02c4268-5e5e-426c-9125-4a81d6ad4d7d,ELGERENTE,6,16,3,50,e92889ec-2103-41a7-9148-8d00eb6e2f0c,0
1-f3050af9-12c3-435e-865a-d8a4d6351bd1,de_nuke,fbf76708-f426-4e9e-a0f5-a379a4cabb86,99c560e6-662d-4b0c-a48b-b232fa52cb88,n0xinho,26,21,5,42,29b04c43-b427-46cd-885c-8c068f17576e,0
1-f3050af9-12c3-435e-865a-d8a4d6351bd1,de_nuke,fbf76708-f426-4e9e-a0f5-a379a4cabb86,3b3b0662-0a3a-418c-9734-2f2051b049fc,polski-,19,20,8,47,29b04c43-b427-46cd-885c-8c068f17576e,0
1-f3050af9-12c3-435e-865a-d8a4d6351bd1,de_nuke,fbf76708-f426-4e9e-a0f5-a379a4cabb86,bc8c9779-1f8f-4017-9646-6701423c6ff9,frantarasco,19,20,6,42,29b04c43-b427-46cd-885c-8c068f17576e,0
1-f3050af9-12c3-435e-865a-d8a4d6351bd1,de_nuke,fbf76708-f426-4e9e-a0f5-a379a4cabb86,d2d79f95-19d1-479b-82e9-97b88223f169,agb-_-,19,21,2,47,29b04c43-b427-46cd-885c-8c068f17576e,0
1-f3050af9-12c3-435e-865a-d8a4d6351bd1,de_nuke,fbf76708-f426-4e9e-a0f5-a379a4cabb86,d02c4268-5e5e-426c-9125-4a81d6ad4d7d,ELGERENTE,13,24,6,69,29b04c43-b427-46cd-885c-8c068f17576e,0
1-f69cf8a7-13a5-4bd1-8369-bb0d290f81d2,de_ancient,afb18627-c061-4c7e-8db8-1e437381c0b7,a62e1894-7ac4-4d65-9c92-939ca4f0f200,Fakabot,27,16,5,48,9d34036c-314b-4d0d-bc10-2ff5e134258c,0
1-f69cf8a7-13a5-4bd1-8369-bb0d290f81d2,de_ancient,afb18627-c061-4c7e-8db8-1e437381c0b7,4482a031-efdb-4c3a-899f-6e5c22310547,santutu_,13,21,7,31,9d34036c-314b-4d0d-bc10-2ff5e134258c,0
1-f895279a-cfd4-43ce-84f8-7bb0cb20a58e,de_dust2,1acb8f8e-b15e-49c2-8a91-88bf299f0f99,1acb8f8e-b15e-49c2-8a91-88bf299f0f99,santibest10,23,14,1,22,aa2ad0db-135b-492a-930e-a13e4df2b41b,0
1-f895279a-cfd4-43ce-84f8-7bb0cb20a58e,de_dust2,1acb8f8e-b15e-49c2-8a91-88bf299f0f99,bc8c9779-1f8f-4017-9646-6701423c6ff9,frantarasco,15,15,6,27,aa2ad0db-135b-492a-930e-a13e4df2b41b,0
1-fbfbde7e-dfc9-44eb-85e4-30ac127a11ac,de_dust2,35e69f2b-e94e-4386-829d-c3f6973afac4,1acb8f8e-b15e-49c2-8a91-88bf299f0f99,santibest10,15,6,8,27,35e69f2b-e94e-4386-829d-c3f6973afac4,1
1-fbfbde7e-dfc9-44eb-85e4-30ac127a11ac,de_dust2,35e69f2b-e94e-4386-829d-c3f6973afac4,99c560e6-662d-4b0c-a48b-b232fa52cb88,n0xinho,17,7,9,59,35e69f2b-e94e-4386-829d-c3f6973afac4,1
