player_id,match_id,finished_at
d2d79f95-19d1-479b-82e9-97b88223f169,1-9f7f31b1-3271-4d1a-b7f9-3eb4b3b37ad3,1787941278
d2d79f95-19d1-479b-82e9-97b88223f169,1-36edf56e-505a-4b21-af5e-882e09b31627,1787873319
d2d79f95-19d1-479b-82e9-97b88223f169,1-59fa086f-8157-4ff9-ac97-fa6357f490d7,1787869704
d2d79f95-19d1-479b-82e9-97b88223f169,1-cd24cd60-0993-4bd0-8d01-2126e1cc8d75,1787856677
d2d79f95-19d1-479b-82e9-97b88223f169,1-67822aa4-4d38-4213-8805-530425ac454e,1787853348
d2d79f95-19d1-479b-82e9-97b88223f169,1-335f7c89-c249-41aa-a578-03d73710aa89,1787850680
d2d79f95-19d1-479b-82e9-97b88223f169,1-4e438dc6-e5d3-4f62-9547-26680450592d,1787716168
d2d79f95-19d1-479b-82e9-97b88223f169,1-79de7678-6ef4-48b1-95fe-883221e22495,1787713433
d2d79f95-19d1-479b-82e9-97b88223f169,1-71c54472-0872-4c8c-8361-7f18b00dbe43,1787701313
d2d79f95-19d1-479b-82e9-97b88223f169,1-713312b9-db63-4cc5-8858-5f9513749178,1787698298
d2d79f95-19d1-479b-82e9-97b88223f169,1-a8310356-bf04-4c4d-87e7-b36cf00f2dcb,1787193841
d2d79f95-19d1-479b-82e9-97b88223f169,1-f9f0b073-67d7-4444-b66c-8851c6723696,1787107863
d2d79f95-19d1-479b-82e9-97b88223f169,1-3c2d500e-7bbd-4dcf-961f-283e93bac3cc,1787104869
d2d79f95-19d1-479b-82e9-97b88223f169,1-dc2b08b4-391e-4e78-b2e5-7f554428773e,1786773960
d2d79f95-19d1-479b-82e9-97b88223f169,1-daa74421-6d43-4e48-aa9f-68d744229521,1786772332
d2d79f95-19d1-479b-82e9-97b88223f169,1-9dcdd306-7cbd-4bb2-b0ef-f827ee288607,1786769368
d2d79f95-19d1-479b-82e9-97b88223f169,1-c5658a5b-be42-4dd7-b6c7-c4a7d784fb02,1786767653
d2d79f95-19d1-479b-82e9-97b88223f169,1-d73a44f0-461b-4c66-b3d2-fdfae2174dd0,1786765544
d2d79f95-19d1-479b-82e9-97b88223f169,1-b0e6ff9e-7224-40b1-be99-8adf031d539b,1786745649
d2d79f95-19d1-479b-82e9-97b88223f169,1-f35b5d44-7375-4cab-b643-064827a7c89a,1786742444
d2d79f95-19d1-479b-82e9-97b88223f169,1-ee589f3b-fae3-4104-970f-b55e0642db6d,1786675127
d2d79f95-19d1-479b-82e9-97b88223f169,1-6bda9855-e97c-44a0-a2ff-b13df6d21f48,1786663525
d2d79f95-19d1-479b-82e9-97b88223f169,1-096bbea9-3230-4060-bb70-b6c453f27895,1786588466
d2d79f95-19d1-479b-82e9-97b88223f169,1-f168b3b8-e04b-46be-b8fe-f8fe81e7a054,1786585919
d2d79f95-19d1-479b-82e9-97b88223f169,1-0b99c4be-3c3c-4d8f-86a0-e16df12a20de,1786567722
d2d79f95-19d1-479b-82e9-97b88223f169,1-543268a8-e991-40ef-a0df-9f831c76953b,1786565335
d2d79f95-19d1-479b-82e9-97b88223f169,1-36ee503b-6540-4a9a-9966-b975d2fb8151,1786507375
d2d79f95-19d1-479b-82e9-97b88223f169,1-192c1e76-52de-4d67-b43d-5e543975005f,1786504018
d2d79f95-19d1-479b-82e9-97b88223f169,1-8290cc35-b6d7-443d-81ca-e59b785d531f,1786500901
d2d79f95-19d1-479b-82e9-97b88223f169,1-108906b5-cb49-4eff-9648-a2ccc56014dd,1786489761
d2d79f95-19d1-479b-82e9-97b88223f169,1-72f42aa6-8d69-48c1-95c7-058aaffe6b2e,1786485766
d2d79f95-19d1-479b-82e9-97b88223f169,1-8ee5fec7-6769-45df-ab54-ef9ec638d51b,1786474501
d2d79f95-19d1-479b-82e9-97b88223f169,1-1635c7a9-a4d4-494e-911c-9224e3704eaf,1786471574
d2d79f95-19d1-479b-82e9-97b88223f169,1-c6cc558e-a1c5-4a28-8798-1d005ac9d2a2,1786330032
d2d79f95-19d1-479b-82e9-97b88223f169,1-d0013127-fba3-4bbe-a01b-ece8b3b712b1,1786327897
d2d79f95-19d1-479b-82e9-97b88223f169,1-09ce02d6-836e-45bf-a619-8c3294e4ef32,1786318860
d2d79f95-19d1-479b-82e9-97b88223f169,1-4ad7bd66-b608-4f4d-b3bf-1c8c567dafff,1786316357
d2d79f95-19d1-479b-82e9-97b88223f169,1-48b0d32c-207a-40ee-ab0f-144928aa1500,1786313231
d2d79f95-19d1-479b-82e9-97b88223f169,1-079e9cf7-c9de-4f85-88d0-6cae3fe6c931,1786310304
d2d79f95-19d1-479b-82e9-97b88223f169,1-c1997be6-69bb-49c0-8d51-10128a8670b0,1786162020
d2d79f95-19d1-479b-82e9-97b88223f169,1-d3c374ad-f64d-4be4-9ba5-d837ea2004e7,1786159664
d2d79f95-19d1-479b-82e9-97b88223f169,1-bab30a3c-e3b3-4a8c-9ec1-f7c3d3074d20,1786157243
d2d79f95-19d1-479b-82e9-97b88223f169,1-5deafa2d-fb1f-4c9a-8be7-ca5c689d2aa5,1786155381
d2d79f95-19d1-479b-82e9-97b88223f169,1-73673eb3-0e22-4654-81ac-c976a81b9481,1786069062
d2d79f95-19d1-479b-82e9-97b88223f169,1-6e4ace0f-25da-423e-b3df-eb5c8bc9535e,1786066482
d2d79f95-19d1-479b-82e9-97b88223f169,1-1d061802-99ca-4147-855d-ab4664e3cb89,1786038846
d2d79f95-19d1-479b-82e9-97b88223f169,1-935fcd28-654d-4fa7-a8df-f2e8d46db1c2,1786036232
d2d79f95-19d1-479b-82e9-97b88223f169,1-8fede02f-7ee2-4303-bfc9-564872dce163,1786033951
d2d79f95-19d1-479b-82e9-97b88223f169,1-449bf88b-04e7-4776-ac9e-34c494fd0ae4,1785973708
d2d79f95-19d1-479b-82e9-97b88223f169,1-666d6b39-4098-48a1-8851-641758788143,1785971103
d2d79f95-19d1-479b-82e9-97b88223f169,1-cce2e41b-f15c-4299-b1a1-ef09b7f76ce1,1785806408
d2d79f95-19d1-479b-82e9-97b88223f169,1-2a235593-5d6a-49fd-85d7-ddace665289a,1785702837
d2d79f95-19d1-479b-82e9-97b88223f169,1-8ff9d783-33df-42b4-b7c9-75ea1447fe86,1785700998
d2d79f95-19d1-479b-82e9-97b88223f169,1-bfa3e313-ab37-437a-baf9-1d0aebc8a447,1785698312
d2d79f95-19d1-479b-82e9-97b88223f169,1-67612f03-0666-4d0c-b7fd-db0f5e13574f,1785613392
d2d79f95-19d1-479b-82e9-97b88223f169,1-823511fc-991d-412e-85c7-28440eba8447,1785556348
d2d79f95-19d1-479b-82e9-97b88223f169,1-ed6583b6-e2a9-4831-a693-e7425d6e93ec,1785554841
d2d79f95-19d1-479b-82e9-97b88223f169,1-596fdca1-f0e8-4fb2-9887-ad7d23216297,1785380556
d2d79f95-19d1-479b-82e9-97b88223f169,1-45830e6f-da2f-4f19-ad9c-cde198b6e603,1785377870
d2d79f95-19d1-479b-82e9-97b88223f169,1-71d594c8-793c-4ced-b5b1-a94e45342df0,1785294380
d2d79f95-19d1-479b-82e9-97b88223f169,1-7a8b01dd-56e6-44b1-9b22-24d223f071c3,1785291861
d2d79f95-19d1-479b-82e9-97b88223f169,1-c2064980-1eb2-4e66-8fdf-3af1c0ed4b87,1785288794
d2d79f95-19d1-479b-82e9-97b88223f169,1-b02c4ea1-053e-4775-a2b1-b3c6f8a283cc,1785210336
d2d79f95-19d1-479b-82e9-97b88223f169,1-17af48f4-9436-4809-aac8-69b59bccf4bf,1785208027
d2d79f95-19d1-479b-82e9-97b88223f169,1-1105c1b2-2ccd-4309-a9c6-d1f66b24774b,1785205342
d2d79f95-19d1-479b-82e9-97b88223f169,1-c9bd104f-71f0-4458-8b28-6d150c2df10d,1785202993
d2d79f95-19d1-479b-82e9-97b88223f169,1-609f2b9e-2c63-454c-aebb-56e3529788e8,1785108577
d2d79f95-19d1-479b-82e9-97b88223f169,1-da4892dd-78b5-4ca5-acd9-edccfe705592,1785105856
d2d79f95-19d1-479b-82e9-97b88223f169,1-51fcf27d-7754-4290-9a53-89b8c1c8f2b4,1785099847
d2d79f95-19d1-479b-82e9-97b88223f169,1-ce7c4723-fc5e-4d11-b257-e89c814b118b,1785097137
d2d79f95-19d1-479b-82e9-97b88223f169,1-0e623404-9783-4c2f-a6f1-b16749f1b0b5,1785094603
d2d79f95-19d1-479b-82e9-97b88223f169,1-cb9952c0-e02b-45e3-a04c-2bd0163b61f0,1785091838
d2d79f95-19d1-479b-82e9-97b88223f169,1-3acdc288-8ebf-4040-ba93-36ec7d614e85,1785089865
d2d79f95-19d1-479b-82e9-97b88223f169,1-56aebeff-2a0e-4e7c-8703-00937fcc33a8,1784952374
d2d79f95-19d1-479b-82e9-97b88223f169,1-aba1b7a6-5611-4d13-b40e-cb6917d14159,1784948278
d2d79f95-19d1-479b-82e9-97b88223f169,1-6a1e5536-590f-496e-b24b-02c5cf8b8994,1784944770
d2d79f95-19d1-479b-82e9-97b88223f169,1-4941d6d5-2003-49c4-8572-5cd6c7186fb9,1784929953
d2d79f95-19d1-479b-82e9-97b88223f169,1-677568bb-4582-4a50-be3c-6ca11126c39f,1784927281
d2d79f95-19d1-479b-82e9-97b88223f169,1-7e2a6624-a594-42bb-af15-7af1c23a2c91,1784923446
d2d79f95-19d1-479b-82e9-97b88223f169,1-7d6b1e8c-e93c-4d53-ad99-450bb06e60fc,1784921215
d2d79f95-19d1-479b-82e9-97b88223f169,1-40f9ce03-a573-48a7-ac6e-1f71a7fa83bc,1784779870
d2d79f95-19d1-479b-82e9-97b88223f169,1-d98038ec-508b-49d7-a86f-48bca72b853d,1784777005
d2d79f95-19d1-479b-82e9-97b88223f169,1-6a72ae6b-abd3-4de1-bf72-00e53581ba63,1784313336
d2d79f95-19d1-479b-82e9-97b88223f169,1-1638dc3a-6cc4-49b5-b3d0-e1c7c9a2f21f,1784259189
d2d79f95-19d1-479b-82e9-97b88223f169,1-74ae544c-cd27-401c-9d6c-2f745a064a41,1784257087
d2d79f95-19d1-479b-82e9-97b88223f169,1-3f67abb1-578b-4bc8-8bea-0f1f6b494ad4,1783999418
d2d79f95-19d1-479b-82e9-97b88223f169,1-f4835fc0-1b31-4b7e-9dec-cf20d7e6b6e7,1783995822
d2d79f95-19d1-479b-82e9-97b88223f169,1-f4f20610-a339-43d6-8348-d29a1dff35d2,1782703566
d2d79f95-19d1-479b-82e9-97b88223f169,1-0b809420-79d7-492b-b199-1455385bcfda,1782700489
d2d79f95-19d1-479b-82e9-97b88223f169,1-5124e6b9-941f-4464-a743-70976e01423c,1782446969
d2d79f95-19d1-479b-82e9-97b88223f169,1-1970b5f4-cc03-44c6-bb0e-ee8d465f595b,1782443844
d2d79f95-19d1-479b-82e9-97b88223f169,1-daea6530-a641-46d2-883f-4294f2f4da6e,1782441355
d2d79f95-19d1-479b-82e9-97b88223f169,1-8648f2a1-8b1c-4a4a-84e2-15e0168208d1,1782438795
d2d79f95-19d1-479b-82e9-97b88223f169,1-2fccf106-754a-4596-ba59-1c7270165052,1782359247
d2d79f95-19d1-479b-82e9-97b88223f169,1-5cb67f10-83aa-41b3-b907-982cbe365eb2,1782356693
d2d79f95-19d1-479b-82e9-97b88223f169,1-560d4446-ccc1-49df-ac55-bf70c7445f84,1782354085
d2d79f95-19d1-479b-82e9-97b88223f169,1-3910a1b2-d4f1-40f2-a511-bcfda065286e,1782351800
d2d79f95-19d1-479b-82e9-97b88223f169,1-0acb3db5-ca2c-4c06-9a05-6e3ebf510a7c,1757040981
d2d79f95-19d1-479b-82e9-97b88223f169,1-fa095f67-703b-4a3a-a0ba-78fefe433304,1752894927
d2d79f95-19d1-479b-82e9-97b88223f169,1-e4e9f2a3-87c9-470f-a650-88a492b3ffeb,1747014342
d2d79f95-19d1-479b-82e9-97b88223f169,1-7a4e2ec6-b9f4-4691-8c75-49760c6f71c5,1745467353
d2d79f95-19d1-479b-82e9-97b88223f169,1-0866733d-9c68-4e14-a005-a1abca12b70f,1745462004
d2d79f95-19d1-479b-82e9-97b88223f169,1-da931e54-0275-4bc3-9b0b-06adc282ab10,1745459232
d2d79f95-19d1-479b-82e9-97b88223f169,1-a529683c-81c2-479f-ac3d-aa99a52e0032,1745451675
d2d79f95-19d1-479b-82e9-97b88223f169,1-8c5d09e5-3f32-43ee-8679-113775071692,1745376934
d2d79f95-19d1-479b-82e9-97b88223f169,1-f02a2b51-8793-4bee-bb82-c8105553dd63,1745374280
d2d79f95-19d1-479b-82e9-97b88223f169,1-415aa74d-3c51-4b0c-9a10-8c928f78604f,1745291505
d2d79f95-19d1-479b-82e9-97b88223f169,1-07636088-f237-4841-9f0e-5d844f2e96a8,1745204819
d2d79f95-19d1-479b-82e9-97b88223f169,1-4ed6dc89-b5e2-4afd-bae2-82f62e9a2ae6,1745202520
d2d79f95-19d1-479b-82e9-97b88223f169,1-e4f68886-d662-4e45-8ea7-632367a68fb0,1745199297
d2d79f95-19d1-479b-82e9-97b88223f169,1-e4f12975-b0b6-47d2-b8c7-4cebd586fa36,1744951872
d2d79f95-19d1-479b-82e9-97b88223f169,1-c5bcb501-26b7-43ed-974b-c276bc3d5a7d,1744949536
d2d79f95-19d1-479b-82e9-97b88223f169,1-25775400-03ae-4224-8b0b-05a388cd1857,1744947037
d2d79f95-19d1-479b-82e9-97b88223f169,1-24a318c5-a301-49e0-a133-b911953b1713,1744944388
d2d79f95-19d1-479b-82e9-97b88223f169,1-f3e734e5-b2ef-4306-940b-339c1d58f5f4,1744938981
d2d79f95-19d1-479b-82e9-97b88223f169,1-fe26bdd9-5df4-476d-b824-dcae4b11b4d6,1744778868
d2d79f95-19d1-479b-82e9-97b88223f169,1-ea82f9c5-1d68-4ffa-a9f5-0fed48dff319,1744776148
d2d79f95-19d1-479b-82e9-97b88223f169,1-074d79d4-889a-4a83-af33-ad5310139f1a,1744772239
d2d79f95-19d1-479b-82e9-97b88223f169,1-2df1d653-2473-4c68-94db-ef075218da5f,1744769329
d2d79f95-19d1-479b-82e9-97b88223f169,1-b2e2dcb7-78ef-467e-b0fc-2b08171426a3,1719354228
d2d79f95-19d1-479b-82e9-97b88223f169,1-1e20a9d1-d26e-4b22-b153-698ec059cd81,1719286933
d2d79f95-19d1-479b-82e9-97b88223f169,1-b03a6839-f67b-4fa8-a5ce-946de801f56b,1719284117
d2d79f95-19d1-479b-82e9-97b88223f169,1-8c936505-d4a2-4b89-a0f5-231cc804feca,1719280920
d2d79f95-19d1-479b-82e9-97b88223f169,1-16508393-eba5-4650-b796-e36b80642448,1719197942
d2d79f95-19d1-479b-82e9-97b88223f169,1-310521d7-4e76-4bb5-b9cd-6175bccd315a,1719195993
d2d79f95-19d1-479b-82e9-97b88223f169,1-cbb30fa8-a153-4097-8af4-19ab147072ff,1719193706
d2d79f95-19d1-479b-82e9-97b88223f169,1-1629860d-893c-46dd-b03d-807c557aa055,1719191315
d2d79f95-19d1-479b-82e9-97b88223f169,1-02aa5b31-24b8-4062-968b-46e58accc68b,1719167396
d2d79f95-19d1-479b-82e9-97b88223f169,1-a719d552-9333-4cf1-91db-e43e74883a2e,1719165517
d2d79f95-19d1-479b-82e9-97b88223f169,1-886532c4-caab-4eda-9374-1f2ebe2f03de,1719083724
d2d79f95-19d1-479b-82e9-97b88223f169,1-60060378-8fb7-4674-85ef-4916e3e276f7,1718996865
d2d79f95-19d1-479b-82e9-97b88223f169,1-11f2d93b-a380-4923-ae06-48b451143635,1718993233
d2d79f95-19d1-479b-82e9-97b88223f169,1-b124bb87-b009-49f1-bfd4-03f0f9e5e380,1718420295
d2d79f95-19d1-479b-82e9-97b88223f169,1-8b98e2cb-a40e-4692-bc24-c76b957784f5,1718246040
d2d79f95-19d1-479b-82e9-97b88223f169,1-29b1ddf3-310c-41ac-9d6e-15111472064e,1718242497
d2d79f95-19d1-479b-82e9-97b88223f169,1-0902e0d3-6ab1-4975-9fb0-972067a5b84f,1717982859
d2d79f95-19d1-479b-82e9-97b88223f169,1-d76bcf63-403d-43d2-8338-503740126574,1717980383
d2d79f95-19d1-479b-82e9-97b88223f169,1-08ff222a-91d2-4762-9c4e-43e508cb6965,1717977776
d2d79f95-19d1-479b-82e9-97b88223f169,1-f8eae244-1818-416d-a841-0c87822c2e7c,1717889684
d2d79f95-19d1-479b-82e9-97b88223f169,1-3d8ff317-32eb-4e50-ae34-87ea9a66eade,1717875187
d2d79f95-19d1-479b-82e9-97b88223f169,1-95dae9e6-087e-4a4b-89c4-098c4e38681b,1717871890
d2d79f95-19d1-479b-82e9-97b88223f169,1-8be8be69-7e66-46c3-bb73-ae0e5cff36c3,1717869856
d2d79f95-19d1-479b-82e9-97b88223f169,1-d7f34a0b-23c0-4176-a966-b858bc5eb480,1717817428
d2d79f95-19d1-479b-82e9-97b88223f169,1-c7b8794d-0b94-4bdc-9dd3-0de8ed403670,1717719383
d2d79f95-19d1-479b-82e9-97b88223f169,1-6e8380cf-a0e3-45bd-a7ba-9ea11da26fb3,1717715873
d2d79f95-19d1-479b-82e9-97b88223f169,1-569f6981-30e9-47de-a0ba-f0abc7f49c62,1717713355
d2d79f95-19d1-479b-82e9-97b88223f169,1-0ed35139-858c-46d6-8309-86dbb8fe7f89,1717558865
d2d79f95-19d1-479b-82e9-97b88223f169,1-50ed2da5-6efe-4bfa-ad49-582d0c1a1009,1717556358
d2d79f95-19d1-479b-82e9-97b88223f169,1-7b0f30d5-2999-4bf5-9f30-4b818979ea5f,1717434802
d02c4268-5e5e-426c-9125-4a81d6ad4d7d,1-5beda14b-9502-4622-8377-b9aed77aff01,1787981544
d02c4268-5e5e-426c-9125-4a81d6ad4d7d,1-ba2d6b3f-91f3-4a6b-be65-b00018edb402,1787948088
d02c4268-5e5e-426c-9125-4a81d6ad4d7d,1-ad3d9200-2c0b-44b0-8561-fad22ca2fdbf,1787946058
d02c4268-5e5e-426c-9125-4a81d6ad4d7d,1-65c103cf-f992-4f6e-9835-1a815ed33f2b,1787892034
d02c4268-5e5e-426c-9125-4a81d6ad4d7d,1-59fa086f-8157-4ff9-ac97-fa6357f490d7,1787869704
d02c4268-5e5e-426c-9125-4a81d6ad4d7d,1-db9b628a-b6ab-47db-acc3-1cab2fb08175,1787859466
d02c4268-5e5e-426c-9125-4a81d6ad4d7d,1-cd24cd60-0993-4bd0-8d01-2126e1cc8d75,1787856677
d02c4268-5e5e-426c-9125-4a81d6ad4d7d,1-67822aa4-4d38-4213-8805-530425ac454e,1787853348
d02c4268-5e5e-426c-9125-4a81d6ad4d7d,1-335f7c89-c249-41aa-a578-03d73710aa89,1787850680
d02c4268-5e5e-426c-9125-4a81d6ad4d7d,1-e10b6a90-879e-47fa-91fc-0c7d7b7ad44d,1787847266
d02c4268-5e5e-426c-9125-4a81d6ad4d7d,1-ee9a59d1-e681-4712-9715-6aeba50b19cf,1787808561
d02c4268-5e5e-426c-9125-4a81d6ad4d7d,1-e26304fe-d1d8-45f7-890c-5505755f4e31,1787803708
d02c4268-5e5e-426c-9125-4a81d6ad4d7d,1-2131fffa-4674-4b1e-8fea-7852323c05d9,1787801501
d02c4268-5e5e-426c-9125-4a81d6ad4d7d,1-12fd1b80-913b-4bed-9e6e-13f839996f1a,1787796384
d02c4268-5e5e-426c-9125-4a81d6ad4d7d,1-8f393a5b-750f-4bad-b5de-7e58cfac5898,1787793736
d02c4268-5e5e-426c-9125-4a81d6ad4d7d,1-7ddc9a84-156d-41cc-95f7-7fc3c19ca86a,1787786034
d02c4268-5e5e-426c-9125-4a81d6ad4d7d,1-37458f6f-4d0b-4bf7-a7d0-7ebb78326f83,1787773106
d02c4268-5e5e-426c-9125-4a81d6ad4d7d,1-ba466636-17f6-4e88-98cd-8065244b7bdb,1787769109
d02c4268-5e5e-426c-9125-4a81d6ad4d7d,1-a95fb5cd-ccba-48a7-8753-b8c434e5b7d5,1787766193
d02c4268-5e5e-426c-9125-4a81d6ad4d7d,1-4e438dc6-e5d3-4f62-9547-26680450592d,1787716168
d02c4268-5e5e-426c-9125-4a81d6ad4d7d,1-79de7678-6ef4-48b1-95fe-883221e22495,1787713433
d02c4268-5e5e-426c-9125-4a81d6ad4d7d,1-71c54472-0872-4c8c-8361-7f18b00dbe43,1787701313
d02c4268-5e5e-426c-9125-4a81d6ad4d7d,1-713312b9-db63-4cc5-8858-5f9513749178,1787698298
d02c4268-5e5e-426c-9125-4a81d6ad4d7d,1-787df509-1a44-4049-9324-4d7c0d451522,1787338367
d02c4268-5e5e-426c-9125-4a81d6ad4d7d,1-d4da3b71-a414-4a19-b79c-f582ba23a082,1787333420
d02c4268-5e5e-426c-9125-4a81d6ad4d7d,1-1af617e3-8a00-49a8-98eb-cbcd1d422328,1787286865
d02c4268-5e5e-426c-9125-4a81d6ad4d7d,1-8e5de1df-4266-4124-aa7e-ec1dfb320439,1787279608
d02c4268-5e5e-426c-9125-4a81d6ad4d7d,1-fa220221-9ba4-49a4-b29b-3c68b2aae770,1787167554
d02c4268-5e5e-426c-9125-4a81d6ad4d7d,1-090ef5fc-b5d5-433a-b948-9cc43f64a3df,1787019635
d02c4268-5e5e-426c-9125-4a81d6ad4d7d,1-d6240447-993b-4266-bf86-d937d86ad411,1787016799
d02c4268-5e5e-426c-9125-4a81d6ad4d7d,1-b063a147-45ba-45fe-aed5-9c15caab1be1,1787012240
d02c4268-5e5e-426c-9125-4a81d6ad4d7d,1-c0248240-cdf2-471f-bdcf-9d8898016b69,1787001059
d02c4268-5e5e-426c-9125-4a81d6ad4d7d,1-3e0cb7c4-d75a-48bf-9dff-84d1a7667836,1786944679
d02c4268-5e5e-426c-9125-4a81d6ad4d7d,1-a3686eff-cd1f-431f-8ce1-294d1c8ab1bc,1786941967
d02c4268-5e5e-426c-9125-4a81d6ad4d7d,1-82c2eb98-913d-478d-b522-67bbcb768e6c,1786938328
d02c4268-5e5e-426c-9125-4a81d6ad4d7d,1-57ee773f-e4a9-4613-9638-bee8e61ad9ec,1786934922
d02c4268-5e5e-426c-9125-4a81d6ad4d7d,1-7b381b4a-5783-4239-9742-1b33268cd771,1786928123
d02c4268-5e5e-426c-9125-4a81d6ad4d7d,1-835be87e-e387-446a-bdc8-ca6c2855d283,1786925152
d02c4268-5e5e-426c-9125-4a81d6ad4d7d,1-2906b541-9b8a-481c-a954-670a26305255,1786913712
d02c4268-5e5e-426c-9125-4a81d6ad4d7d,1-56efb276-7a5e-4ad8-bf33-5530f3eea36b,1786836440
d02c4268-5e5e-426c-9125-4a81d6ad4d7d,1-dc2b08b4-391e-4e78-b2e5-7f554428773e,1786773960
d02c4268-5e5e-426c-9125-4a81d6ad4d7d,1-daa74421-6d43-4e48-aa9f-68d744229521,1786772332
d02c4268-5e5e-426c-9125-4a81d6ad4d7d,1-9dcdd306-7cbd-4bb2-b0ef-f827ee288607,1786769368
d02c4268-5e5e-426c-9125-4a81d6ad4d7d,1-c5658a5b-be42-4dd7-b6c7-c4a7d784fb02,1786767653
d02c4268-5e5e-426c-9125-4a81d6ad4d7d,1-6bda9855-e97c-44a0-a2ff-b13df6d21f48,1786663525
d02c4268-5e5e-426c-9125-4a81d6ad4d7d,1-0b99c4be-3c3c-4d8f-86a0-e16df12a20de,1786567722
d02c4268-5e5e-426c-9125-4a81d6ad4d7d,1-543268a8-e991-40ef-a0df-9f831c76953b,1786565335
d02c4268-5e5e-426c-9125-4a81d6ad4d7d,1-36ee503b-6540-4a9a-9966-b975d2fb8151,1786507375
d02c4268-5e5e-426c-9125-4a81d6ad4d7d,1-06aaf935-8215-4755-b4ca-25abee40c2b1,1786503792
d02c4268-5e5e-426c-9125-4a81d6ad4d7d,1-51ed2a9b-5503-4e21-a9e1-cee359fe9c37,1786501297
d02c4268-5e5e-426c-9125-4a81d6ad4d7d,1-afc2a01e-2656-46ee-afb5-c43dd63b57c7,1786498161
d02c4268-5e5e-426c-9125-4a81d6ad4d7d,1-4ad7bd66-b608-4f4d-b3bf-1c8c567dafff,1786316357
d02c4268-5e5e-426c-9125-4a81d6ad4d7d,1-48b0d32c-207a-40ee-ab0f-144928aa1500,1786313231
d02c4268-5e5e-426c-9125-4a81d6ad4d7d,1-079e9cf7-c9de-4f85-88d0-6cae3fe6c931,1786310304
d02c4268-5e5e-426c-9125-4a81d6ad4d7d,1-87425689-70da-472c-b8a7-def88732a9a0,1786306604
d02c4268-5e5e-426c-9125-4a81d6ad4d7d,1-61705934-2c47-4f12-86b7-a31b6d065a7f,1786058628
d02c4268-5e5e-426c-9125-4a81d6ad4d7d,1-7d884da0-67f1-4991-b6bc-051be2de49fc,1786055558
d02c4268-5e5e-426c-9125-4a81d6ad4d7d,1-cce2e41b-f15c-4299-b1a1-ef09b7f76ce1,1785806408
d02c4268-5e5e-426c-9125-4a81d6ad4d7d,1-67612f03-0666-4d0c-b7fd-db0f5e13574f,1785613392
d02c4268-5e5e-426c-9125-4a81d6ad4d7d,1-b02c4ea1-053e-4775-a2b1-b3c6f8a283cc,1785210336
d02c4268-5e5e-426c-9125-4a81d6ad4d7d,1-17af48f4-9436-4809-aac8-69b59bccf4bf,1785208027
d02c4268-5e5e-426c-9125-4a81d6ad4d7d,1-1105c1b2-2ccd-4309-a9c6-d1f66b24774b,1785205342
d02c4268-5e5e-426c-9125-4a81d6ad4d7d,1-c9bd104f-71f0-4458-8b28-6d150c2df10d,1785202993
d02c4268-5e5e-426c-9125-4a81d6ad4d7d,1-609f2b9e-2c63-454c-aebb-56e3529788e8,1785108577
d02c4268-5e5e-426c-9125-4a81d6ad4d7d,1-da4892dd-78b5-4ca5-acd9-edccfe705592,1785105856
d02c4268-5e5e-426c-9125-4a81d6ad4d7d,1-4941d6d5-2003-49c4-8572-5cd6c7186fb9,1784929953
d02c4268-5e5e-426c-9125-4a81d6ad4d7d,1-677568bb-4582-4a50-be3c-6ca11126c39f,1784927281
d02c4268-5e5e-426c-9125-4a81d6ad4d7d,1-7e2a6624-a594-42bb-af15-7af1c23a2c91,1784923446
d02c4268-5e5e-426c-9125-4a81d6ad4d7d,1-7d6b1e8c-e93c-4d53-ad99-450bb06e60fc,1784921215
d02c4268-5e5e-426c-9125-4a81d6ad4d7d,1-ea5ccee9-f087-4cff-8bf6-8460e784f6b1,1783387052
a62e1894-7ac4-4d65-9c92-939ca4f0f200,1-6d66eba3-25bd-47e2-b3c8-0f8e9942889f,1787888727
a62e1894-7ac4-4d65-9c92-939ca4f0f200,1-36edf56e-505a-4b21-af5e-882e09b31627,1787873319
a62e1894-7ac4-4d65-9c92-939ca4f0f200,1-59fa086f-8157-4ff9-ac97-fa6357f490d7,1787869704
a62e1894-7ac4-4d65-9c92-939ca4f0f200,1-4e438dc6-e5d3-4f62-9547-26680450592d,1787716168
a62e1894-7ac4-4d65-9c92-939ca4f0f200,1-79de7678-6ef4-48b1-95fe-883221e22495,1787713433
a62e1894-7ac4-4d65-9c92-939ca4f0f200,1-713312b9-db63-4cc5-8858-5f9513749178,1787698298
a62e1894-7ac4-4d65-9c92-939ca4f0f200,1-2674c468-c5d8-4940-b747-774989c9aafe,1787681396
a62e1894-7ac4-4d65-9c92-939ca4f0f200,1-f8b69d7e-089c-4d2e-842b-ea83f8d67fa5,1787678528
a62e1894-7ac4-4d65-9c92-939ca4f0f200,1-a901e5b9-1e64-4a0f-ae05-bd007d7ae5cb,1787627481
a62e1894-7ac4-4d65-9c92-939ca4f0f200,1-4d4061de-fb91-4eb0-a558-676c2ffcffdb,1787602223
a62e1894-7ac4-4d65-9c92-939ca4f0f200,1-8ef3cb1a-c336-4608-82bc-955acb95a22f,1787362208
a62e1894-7ac4-4d65-9c92-939ca4f0f200,1-c004bcb8-2020-414e-a019-92a957ed15d2,1787350681
a62e1894-7ac4-4d65-9c92-939ca4f0f200,1-4db63970-e28d-4087-bb63-b338421ad3e3,1787348180
a62e1894-7ac4-4d65-9c92-939ca4f0f200,1-d4da3b71-a414-4a19-b79c-f582ba23a082,1787333420
a62e1894-7ac4-4d65-9c92-939ca4f0f200,1-8e5de1df-4266-4124-aa7e-ec1dfb320439,1787279608
a62e1894-7ac4-4d65-9c92-939ca4f0f200,1-b3602a46-85a1-4561-8579-84af44f262de,1787277386
a62e1894-7ac4-4d65-9c92-939ca4f0f200,1-19951a6a-7495-4ad5-861e-a3af029af54f,1787259150
a62e1894-7ac4-4d65-9c92-939ca4f0f200,1-57657342-bea7-4020-a244-3f059fc7444a,1787249771
a62e1894-7ac4-4d65-9c92-939ca4f0f200,1-9fc17cdd-2505-4834-a416-e89e5f73b44a,1787247315
a62e1894-7ac4-4d65-9c92-939ca4f0f200,1-1716ee4e-a1e7-4a8c-9569-742e566feab3,1787097087
a62e1894-7ac4-4d65-9c92-939ca4f0f200,1-090ef5fc-b5d5-433a-b948-9cc43f64a3df,1787019635
a62e1894-7ac4-4d65-9c92-939ca4f0f200,1-d6240447-993b-4266-bf86-d937d86ad411,1787016799
a62e1894-7ac4-4d65-9c92-939ca4f0f200,1-b063a147-45ba-45fe-aed5-9c15caab1be1,1787012240
a62e1894-7ac4-4d65-9c92-939ca4f0f200,1-9ef3e4b8-77cd-4888-a233-9c1bf8770fd8,1787007094
a62e1894-7ac4-4d65-9c92-939ca4f0f200,1-7d066c74-b3dc-4ebb-9198-38bf0b2e29d3,1786996457
a62e1894-7ac4-4d65-9c92-939ca4f0f200,1-47bc5210-1c37-4153-821f-ebf9b506bf63,1786992402
a62e1894-7ac4-4d65-9c92-939ca4f0f200,1-35315031-4252-4d00-81e6-5f25a861b1e3,1786988419
a62e1894-7ac4-4d65-9c92-939ca4f0f200,1-476d08a1-6b60-4932-b4ce-5fa1989b93a9,1786839209
a62e1894-7ac4-4d65-9c92-939ca4f0f200,1-56efb276-7a5e-4ad8-bf33-5530f3eea36b,1786836440
a62e1894-7ac4-4d65-9c92-939ca4f0f200,1-b0e6ff9e-7224-40b1-be99-8adf031d539b,1786745649
a62e1894-7ac4-4d65-9c92-939ca4f0f200,1-f35b5d44-7375-4cab-b643-064827a7c89a,1786742444
a62e1894-7ac4-4d65-9c92-939ca4f0f200,1-6290b6d5-2a9d-4b8b-b93b-312d84fda0a0,1786739891
a62e1894-7ac4-4d65-9c92-939ca4f0f200,1-b93ab8ff-6913-41e2-9b50-d900ff6d90c0,1786728783
a62e1894-7ac4-4d65-9c92-939ca4f0f200,1-f4e7756a-e2b9-4ace-b46c-f89d2ab23b67,1786679843
a62e1894-7ac4-4d65-9c92-939ca4f0f200,1-cbd21561-2c01-40f5-b96e-1b69de64750b,1786677496
a62e1894-7ac4-4d65-9c92-939ca4f0f200,1-ee589f3b-fae3-4104-970f-b55e0642db6d,1786675127
a62e1894-7ac4-4d65-9c92-939ca4f0f200,1-b503250f-f5e3-4e77-bcda-75d3c3fcf33d,1786667977
a62e1894-7ac4-4d65-9c92-939ca4f0f200,1-6bda9855-e97c-44a0-a2ff-b13df6d21f48,1786663525
a62e1894-7ac4-4d65-9c92-939ca4f0f200,1-a31e29e9-ed51-4fdf-89ab-7134a4c8f84f,1786657480
a62e1894-7ac4-4d65-9c92-939ca4f0f200,1-2bbf5d77-b1d0-459b-a426-bf2c56102656,1786558532
a62e1894-7ac4-4d65-9c92-939ca4f0f200,1-36ee503b-6540-4a9a-9966-b975d2fb8151,1786507375
a62e1894-7ac4-4d65-9c92-939ca4f0f200,1-90a70d2c-bf21-4ce4-a887-7d191c80b19d,1786504442
a62e1894-7ac4-4d65-9c92-939ca4f0f200,1-8ee5fec7-6769-45df-ab54-ef9ec638d51b,1786474501
a62e1894-7ac4-4d65-9c92-939ca4f0f200,1-1635c7a9-a4d4-494e-911c-9224e3704eaf,1786471574
a62e1894-7ac4-4d65-9c92-939ca4f0f200,1-335609c8-3000-4db5-9c59-85f13d5cb55c,1786073394
a62e1894-7ac4-4d65-9c92-939ca4f0f200,1-9f5cabdc-0e53-4d22-9b03-45b3c86475c3,1786071294
a62e1894-7ac4-4d65-9c92-939ca4f0f200,1-73673eb3-0e22-4654-81ac-c976a81b9481,1786069062
a62e1894-7ac4-4d65-9c92-939ca4f0f200,1-6e4ace0f-25da-423e-b3df-eb5c8bc9535e,1786066482
a62e1894-7ac4-4d65-9c92-939ca4f0f200,1-61705934-2c47-4f12-86b7-a31b6d065a7f,1786058628
a62e1894-7ac4-4d65-9c92-939ca4f0f200,1-7d884da0-67f1-4991-b6bc-051be2de49fc,1786055558
a62e1894-7ac4-4d65-9c92-939ca4f0f200,1-ad4a386f-0797-4d9e-8b26-cf08b45956a5,1786042205
a62e1894-7ac4-4d65-9c92-939ca4f0f200,1-1df00fd4-1882-4ca1-b342-dd1691b52b32,1786039663
a62e1894-7ac4-4d65-9c92-939ca4f0f200,1-449bf88b-04e7-4776-ac9e-34c494fd0ae4,1785973708
a62e1894-7ac4-4d65-9c92-939ca4f0f200,1-666d6b39-4098-48a1-8851-641758788143,1785971103
a62e1894-7ac4-4d65-9c92-939ca4f0f200,1-09befcc7-60a9-4cc9-bb61-d0a949763e90,1785958013
a62e1894-7ac4-4d65-9c92-939ca4f0f200,1-d078d63d-c5b8-4b50-837b-000877f435b8,1785863761
a62e1894-7ac4-4d65-9c92-939ca4f0f200,1-b1569096-be6d-4cfb-a9eb-2a4fb06b0a11,1785860492
a62e1894-7ac4-4d65-9c92-939ca4f0f200,1-734d9b3a-7c77-4657-8e1f-9b1013412e38,1785804725
a62e1894-7ac4-4d65-9c92-939ca4f0f200,1-e7b555e1-8740-4ca1-806c-63a51ba2e96a,1785782035
a62e1894-7ac4-4d65-9c92-939ca4f0f200,1-8e766669-993b-4553-9239-ebaa7e499a1d,1785779876
a62e1894-7ac4-4d65-9c92-939ca4f0f200,1-eb1f09c1-d699-4ec6-bafd-d3141a1b44ff,1785714686
a62e1894-7ac4-4d65-9c92-939ca4f0f200,1-b2b41345-f2e7-4d04-8c65-ee405faf5b4f,1785712173
a62e1894-7ac4-4d65-9c92-939ca4f0f200,1-2a235593-5d6a-49fd-85d7-ddace665289a,1785702837
a62e1894-7ac4-4d65-9c92-939ca4f0f200,1-8ff9d783-33df-42b4-b7c9-75ea1447fe86,1785700998
a62e1894-7ac4-4d65-9c92-939ca4f0f200,1-bfa3e313-ab37-437a-baf9-1d0aebc8a447,1785698312
a62e1894-7ac4-4d65-9c92-939ca4f0f200,1-fd85aa74-df19-426a-9a67-ed2da98d3263,1785459605
a62e1894-7ac4-4d65-9c92-939ca4f0f200,1-4aa96cb1-fbda-4bf0-827b-e1a25cd9a319,1785455942
a62e1894-7ac4-4d65-9c92-939ca4f0f200,1-910779e6-4489-40bc-9805-66ce13c9e847,1785360329
a62e1894-7ac4-4d65-9c92-939ca4f0f200,1-4941d6d5-2003-49c4-8572-5cd6c7186fb9,1784929953
a62e1894-7ac4-4d65-9c92-939ca4f0f200,1-de96bacc-0380-4e10-b866-8b0241dd8c13,1784914648
a62e1894-7ac4-4d65-9c92-939ca4f0f200,1-68f66dc3-f991-4c7b-ae73-da3937441986,1784912034
a62e1894-7ac4-4d65-9c92-939ca4f0f200,1-c177b50f-b757-46f1-af9a-0f7d5f88347b,1784866098
a62e1894-7ac4-4d65-9c92-939ca4f0f200,1-27b4924b-d910-4a92-ac34-d18414f4ac9e,1784862162
a62e1894-7ac4-4d65-9c92-939ca4f0f200,1-49403ed2-4873-44ec-bdae-56b9930f9d2c,1784828969
a62e1894-7ac4-4d65-9c92-939ca4f0f200,1-e12f093d-8a80-48e5-b457-1bb2c1ff8415,1784827284
a62e1894-7ac4-4d65-9c92-939ca4f0f200,1-6a72ae6b-abd3-4de1-bf72-00e53581ba63,1784313336
a62e1894-7ac4-4d65-9c92-939ca4f0f200,1-dad604b8-2d65-45bc-99b0-8b8648f6f4a0,1759807323
a62e1894-7ac4-4d65-9c92-939ca4f0f200,1-f873db09-be44-4c14-9bb2-92bcae0a5402,1759701418
a62e1894-7ac4-4d65-9c92-939ca4f0f200,1-1f1fbf48-f04c-434b-a6c4-2643ea21ed0d,1725906897
a62e1894-7ac4-4d65-9c92-939ca4f0f200,1-83f71927-c66a-431c-ab5c-24ecc05d413b,1717357304
a62e1894-7ac4-4d65-9c92-939ca4f0f200,1-c0540f55-5cae-4ed1-b4fc-4e53d7c54c92,1715630514
a62e1894-7ac4-4d65-9c92-939ca4f0f200,1-9a003643-c6fc-4c58-84f7-a55d2895e516,1713737573
a62e1894-7ac4-4d65-9c92-939ca4f0f200,1-936cf282-c2c2-43e9-967a-6ddff7b5c5e3,1712284457
a62e1894-7ac4-4d65-9c92-939ca4f0f200,1-a5f062d3-1019-47cd-be43-d8f3785fe2a8,1712086747
a62e1894-7ac4-4d65-9c92-939ca4f0f200,1-f81647d9-0d91-4a75-9c6a-cf8c94ab9082,1712027712
a62e1894-7ac4-4d65-9c92-939ca4f0f200,1-c6c1c635-98dc-49b0-9699-b340025f73b3,1712025230
a62e1894-7ac4-4d65-9c92-939ca4f0f200,1-f7e6c083-bd93-40a3-aed1-8153510d047c,1712015251
a62e1894-7ac4-4d65-9c92-939ca4f0f200,1-786b0429-56f1-41d4-80ef-19f9cbf96a73,1712002847
a62e1894-7ac4-4d65-9c92-939ca4f0f200,1-7033e8b9-cbcc-4049-8217-6426f4c7f5f1,1711995084
a62e1894-7ac4-4d65-9c92-939ca4f0f200,1-d0b00577-ad8f-4a14-b596-dadb6d552ff3,1711920607
a62e1894-7ac4-4d65-9c92-939ca4f0f200,1-92177e97-e863-4669-b883-2263c9eacce4,1711827053
a62e1894-7ac4-4d65-9c92-939ca4f0f200,1-c8e1b3d0-f2cc-4550-a12b-eaed495a9462,1711824648
a62e1894-7ac4-4d65-9c92-939ca4f0f200,1-ce08e092-348d-4973-a7e5-874436dec43e,1711748050
a62e1894-7ac4-4d65-9c92-939ca4f0f200,1-a0f422aa-fe77-453f-b532-f737d19b18e9,1711477690
a62e1894-7ac4-4d65-9c92-939ca4f0f200,1-f824bd2f-1221-4e07-b0e3-6d0fd0138422,1711474106
a62e1894-7ac4-4d65-9c92-939ca4f0f200,1-3368df59-1fc9-4de5-84db-c2ed449e1b77,1711471652
a62e1894-7ac4-4d65-9c92-939ca4f0f200,1-f63215a4-54bf-4248-8188-a72325981b7d,1711427172
a62e1894-7ac4-4d65-9c92-939ca4f0f200,1-8d5f3b20-efd3-4e2a-9735-c1f14d05c1fa,1711424624
a62e1894-7ac4-4d65-9c92-939ca4f0f200,1-894db78a-9d86-4b7f-aee8-6254b551dece,1711421618
a62e1894-7ac4-4d65-9c92-939ca4f0f200,1-8f17a1a0-7b4b-474a-918d-b07fe9159580,1711406170
a62e1894-7ac4-4d65-9c92-939ca4f0f200,1-a0696c13-fc97-4afe-9dfa-0de8615b9414,1711402860
a62e1894-7ac4-4d65-9c92-939ca4f0f200,1-02f7020c-9257-4f2a-bce1-ca9ed009d508,1711391695
a62e1894-7ac4-4d65-9c92-939ca4f0f200,1-ea0258aa-0a7f-43a3-8b07-d8e22627a291,1711340798
a62e1894-7ac4-4d65-9c92-939ca4f0f200,1-0290cc0b-92b5-4b1c-9e07-3749eef616b5,1711337594
a62e1894-7ac4-4d65-9c92-939ca4f0f200,1-6373bb77-f536-4786-b15a-ce1102bab4f2,1711246060
a62e1894-7ac4-4d65-9c92-939ca4f0f200,1-c994133e-d0e3-4475-b764-e4ab40a9c02e,1711144942
a62e1894-7ac4-4d65-9c92-939ca4f0f200,1-cc3ea7f8-9c52-4f82-b29b-1c8041a48c0d,1711079596
a62e1894-7ac4-4d65-9c92-939ca4f0f200,1-be8428f5-1535-40aa-b1e9-e307d2f7262b,1711076431
a62e1894-7ac4-4d65-9c92-939ca4f0f200,1-2e0601fb-334d-471c-820a-614dd15115e9,1710960715
a62e1894-7ac4-4d65-9c92-939ca4f0f200,1-7412530a-5858-40ec-b412-f60baa4714ef,1710957649
a62e1894-7ac4-4d65-9c92-939ca4f0f200,1-ff642e04-8f17-4735-b6e2-59b677bd6ed5,1710875188
a62e1894-7ac4-4d65-9c92-939ca4f0f200,1-c03e31e2-b76c-40c3-b3a7-039bca50b44e,1710872554
a62e1894-7ac4-4d65-9c92-939ca4f0f200,1-e702d54d-063e-434a-875f-ae16dcc6e952,1710822890
a62e1894-7ac4-4d65-9c92-939ca4f0f200,1-bda9abef-b048-4f04-8518-ce89b2c019df,1710820378
a62e1894-7ac4-4d65-9c92-939ca4f0f200,1-c1505feb-bc3c-47e3-bb2f-501deb1a57ab,1710818007
a62e1894-7ac4-4d65-9c92-939ca4f0f200,1-464be2f3-6478-40bd-836f-a6a65123e1b6,1710789615
a62e1894-7ac4-4d65-9c92-939ca4f0f200,1-281751bc-67db-4319-a741-0d9cb5c030f4,1710787157
a62e1894-7ac4-4d65-9c92-939ca4f0f200,1-464b4dde-4485-431f-af37-8e314c73eb37,1710736400
a62e1894-7ac4-4d65-9c92-939ca4f0f200,1-402eab66-b373-44a3-8d9e-49ee3d72a024,1710733668
a62e1894-7ac4-4d65-9c92-939ca4f0f200,1-cc5b71f6-96a6-4e26-b6b5-ac6e42a5777d,1710730314
a62e1894-7ac4-4d65-9c92-939ca4f0f200,1-104094a6-1181-4aed-96c2-76df0efc057c,1710717116
a62e1894-7ac4-4d65-9c92-939ca4f0f200,1-1048b9ef-919c-42cf-b097-0b13c14360bc,1710714258
a62e1894-7ac4-4d65-9c92-939ca4f0f200,1-6d2918dd-9c2a-472a-a8eb-c7dacc3904dc,1710712196
a62e1894-7ac4-4d65-9c92-939ca4f0f200,1-d0b3e196-577f-4bcf-8590-2d587b3e2006,1710706517
a62e1894-7ac4-4d65-9c92-939ca4f0f200,1-6fa3b66b-6dca-4aaf-be3b-61d332ffae15,1710558278
a62e1894-7ac4-4d65-9c92-939ca4f0f200,1-029bfa9a-1f92-4a42-9715-10ea6012b3a3,1710555921
a62e1894-7ac4-4d65-9c92-939ca4f0f200,1-487fca43-8c7d-46c4-8dd9-c6c710ef53ca,1710552537
bc8c9779-1f8f-4017-9646-6701423c6ff9,1-36edf56e-505a-4b21-af5e-882e09b31627,1787873319
bc8c9779-1f8f-4017-9646-6701423c6ff9,1-59fa086f-8157-4ff9-ac97-fa6357f490d7,1787869704
bc8c9779-1f8f-4017-9646-6701423c6ff9,1-db9b628a-b6ab-47db-acc3-1cab2fb08175,1787859466
bc8c9779-1f8f-4017-9646-6701423c6ff9,1-ba466636-17f6-4e88-98cd-8065244b7bdb,1787769109
bc8c9779-1f8f-4017-9646-6701423c6ff9,1-71c54472-0872-4c8c-8361-7f18b00dbe43,1787701313
bc8c9779-1f8f-4017-9646-6701423c6ff9,1-713312b9-db63-4cc5-8858-5f9513749178,1787698298
bc8c9779-1f8f-4017-9646-6701423c6ff9,1-c004bcb8-2020-414e-a019-92a957ed15d2,1787350681
bc8c9779-1f8f-4017-9646-6701423c6ff9,1-4db63970-e28d-4087-bb63-b338421ad3e3,1787348180
bc8c9779-1f8f-4017-9646-6701423c6ff9,1-787df509-1a44-4049-9324-4d7c0d451522,1787338367
bc8c9779-1f8f-4017-9646-6701423c6ff9,1-d4da3b71-a414-4a19-b79c-f582ba23a082,1787333420
bc8c9779-1f8f-4017-9646-6701423c6ff9,1-8e5de1df-4266-4124-aa7e-ec1dfb320439,1787279608
bc8c9779-1f8f-4017-9646-6701423c6ff9,1-b3602a46-85a1-4561-8579-84af44f262de,1787277386
bc8c9779-1f8f-4017-9646-6701423c6ff9,1-57657342-bea7-4020-a244-3f059fc7444a,1787249771
bc8c9779-1f8f-4017-9646-6701423c6ff9,1-9fc17cdd-2505-4834-a416-e89e5f73b44a,1787247315
bc8c9779-1f8f-4017-9646-6701423c6ff9,1-a8310356-bf04-4c4d-87e7-b36cf00f2dcb,1787193841
bc8c9779-1f8f-4017-9646-6701423c6ff9,1-99376136-1da9-4930-bf00-eb8695cf4de6,1787181883
bc8c9779-1f8f-4017-9646-6701423c6ff9,1-d12126cb-a55c-411f-bb80-e015ab217928,1787169722
bc8c9779-1f8f-4017-9646-6701423c6ff9,1-fa220221-9ba4-49a4-b29b-3c68b2aae770,1787167554
bc8c9779-1f8f-4017-9646-6701423c6ff9,1-57a7212d-b5ea-4be4-b650-f2a19dfccbf5,1787165254
bc8c9779-1f8f-4017-9646-6701423c6ff9,1-55fea078-97b3-43c3-b9d8-d5ce59b07826,1787162488
bc8c9779-1f8f-4017-9646-6701423c6ff9,1-d0d095ef-497c-4001-ac72-c212104ddbd5,1787160052
bc8c9779-1f8f-4017-9646-6701423c6ff9,1-f9f0b073-67d7-4444-b66c-8851c6723696,1787107863
bc8c9779-1f8f-4017-9646-6701423c6ff9,1-3c2d500e-7bbd-4dcf-961f-283e93bac3cc,1787104869
bc8c9779-1f8f-4017-9646-6701423c6ff9,1-1716ee4e-a1e7-4a8c-9569-742e566feab3,1787097087
bc8c9779-1f8f-4017-9646-6701423c6ff9,1-9ef3e4b8-77cd-4888-a233-9c1bf8770fd8,1787007094
bc8c9779-1f8f-4017-9646-6701423c6ff9,1-c0248240-cdf2-471f-bdcf-9d8898016b69,1787001059
bc8c9779-1f8f-4017-9646-6701423c6ff9,1-7d066c74-b3dc-4ebb-9198-38bf0b2e29d3,1786996457
bc8c9779-1f8f-4017-9646-6701423c6ff9,1-47bc5210-1c37-4153-821f-ebf9b506bf63,1786992402
bc8c9779-1f8f-4017-9646-6701423c6ff9,1-35315031-4252-4d00-81e6-5f25a861b1e3,1786988419
bc8c9779-1f8f-4017-9646-6701423c6ff9,1-b0e6ff9e-7224-40b1-be99-8adf031d539b,1786745649
bc8c9779-1f8f-4017-9646-6701423c6ff9,1-f35b5d44-7375-4cab-b643-064827a7c89a,1786742444
bc8c9779-1f8f-4017-9646-6701423c6ff9,1-6290b6d5-2a9d-4b8b-b93b-312d84fda0a0,1786739891
bc8c9779-1f8f-4017-9646-6701423c6ff9,1-83e4b310-485b-443d-9d0b-fbcdc142db67,1786731125
bc8c9779-1f8f-4017-9646-6701423c6ff9,1-b93ab8ff-6913-41e2-9b50-d900ff6d90c0,1786728783
bc8c9779-1f8f-4017-9646-6701423c6ff9,1-f4e7756a-e2b9-4ace-b46c-f89d2ab23b67,1786679843
bc8c9779-1f8f-4017-9646-6701423c6ff9,1-cbd21561-2c01-40f5-b96e-1b69de64750b,1786677496
bc8c9779-1f8f-4017-9646-6701423c6ff9,1-ee589f3b-fae3-4104-970f-b55e0642db6d,1786675127
bc8c9779-1f8f-4017-9646-6701423c6ff9,1-b503250f-f5e3-4e77-bcda-75d3c3fcf33d,1786667977
bc8c9779-1f8f-4017-9646-6701423c6ff9,1-a31e29e9-ed51-4fdf-89ab-7134a4c8f84f,1786657480
bc8c9779-1f8f-4017-9646-6701423c6ff9,1-0600c9eb-ab17-418a-9d7b-925a7f0c4d08,1786643015
bc8c9779-1f8f-4017-9646-6701423c6ff9,1-26af9a98-9653-4c5f-85d4-2fe14bc773be,1786638909
bc8c9779-1f8f-4017-9646-6701423c6ff9,1-0b99c4be-3c3c-4d8f-86a0-e16df12a20de,1786567722
bc8c9779-1f8f-4017-9646-6701423c6ff9,1-543268a8-e991-40ef-a0df-9f831c76953b,1786565335
bc8c9779-1f8f-4017-9646-6701423c6ff9,1-2bbf5d77-b1d0-459b-a426-bf2c56102656,1786558532
bc8c9779-1f8f-4017-9646-6701423c6ff9,1-192c1e76-52de-4d67-b43d-5e543975005f,1786504018
bc8c9779-1f8f-4017-9646-6701423c6ff9,1-8290cc35-b6d7-443d-81ca-e59b785d531f,1786500901
bc8c9779-1f8f-4017-9646-6701423c6ff9,1-afc2a01e-2656-46ee-afb5-c43dd63b57c7,1786498161
bc8c9779-1f8f-4017-9646-6701423c6ff9,1-108906b5-cb49-4eff-9648-a2ccc56014dd,1786489761
bc8c9779-1f8f-4017-9646-6701423c6ff9,1-72f42aa6-8d69-48c1-95c7-058aaffe6b2e,1786485766
bc8c9779-1f8f-4017-9646-6701423c6ff9,1-8ee5fec7-6769-45df-ab54-ef9ec638d51b,1786474501
bc8c9779-1f8f-4017-9646-6701423c6ff9,1-1635c7a9-a4d4-494e-911c-9224e3704eaf,1786471574
bc8c9779-1f8f-4017-9646-6701423c6ff9,1-b6be44ad-f4c0-4268-88be-b6aed3beabad,1786467801
bc8c9779-1f8f-4017-9646-6701423c6ff9,1-56a6f52e-c21e-4f0d-9fd9-d139d7f18191,1786405080
bc8c9779-1f8f-4017-9646-6701423c6ff9,1-bf08a822-ac97-4b6d-8cea-f93ff0002a45,1786164275
bc8c9779-1f8f-4017-9646-6701423c6ff9,1-c1997be6-69bb-49c0-8d51-10128a8670b0,1786162020
bc8c9779-1f8f-4017-9646-6701423c6ff9,1-d3c374ad-f64d-4be4-9ba5-d837ea2004e7,1786159664
bc8c9779-1f8f-4017-9646-6701423c6ff9,1-bab30a3c-e3b3-4a8c-9ec1-f7c3d3074d20,1786157243
bc8c9779-1f8f-4017-9646-6701423c6ff9,1-5deafa2d-fb1f-4c9a-8be7-ca5c689d2aa5,1786155381
bc8c9779-1f8f-4017-9646-6701423c6ff9,1-faa519eb-b245-49be-b15f-959100e869ea,1786126171
bc8c9779-1f8f-4017-9646-6701423c6ff9,1-7d884da0-67f1-4991-b6bc-051be2de49fc,1786055558
bc8c9779-1f8f-4017-9646-6701423c6ff9,1-1d061802-99ca-4147-855d-ab4664e3cb89,1786038846
bc8c9779-1f8f-4017-9646-6701423c6ff9,1-935fcd28-654d-4fa7-a8df-f2e8d46db1c2,1786036232
bc8c9779-1f8f-4017-9646-6701423c6ff9,1-8fede02f-7ee2-4303-bfc9-564872dce163,1786033951
bc8c9779-1f8f-4017-9646-6701423c6ff9,1-09befcc7-60a9-4cc9-bb61-d0a949763e90,1785958013
bc8c9779-1f8f-4017-9646-6701423c6ff9,1-cce2e41b-f15c-4299-b1a1-ef09b7f76ce1,1785806408
bc8c9779-1f8f-4017-9646-6701423c6ff9,1-823511fc-991d-412e-85c7-28440eba8447,1785556348
bc8c9779-1f8f-4017-9646-6701423c6ff9,1-ed6583b6-e2a9-4831-a693-e7425d6e93ec,1785554841
bc8c9779-1f8f-4017-9646-6701423c6ff9,1-fd85aa74-df19-426a-9a67-ed2da98d3263,1785459605
bc8c9779-1f8f-4017-9646-6701423c6ff9,1-4aa96cb1-fbda-4bf0-827b-e1a25cd9a319,1785455942
bc8c9779-1f8f-4017-9646-6701423c6ff9,1-968a5f32-3b05-4148-a464-bda4b71568c7,1785435225
bc8c9779-1f8f-4017-9646-6701423c6ff9,1-063caaf6-e25f-45a8-a14f-e20f037818b9,1785431934
bc8c9779-1f8f-4017-9646-6701423c6ff9,1-910779e6-4489-40bc-9805-66ce13c9e847,1785360329
bc8c9779-1f8f-4017-9646-6701423c6ff9,1-71d594c8-793c-4ced-b5b1-a94e45342df0,1785294380
bc8c9779-1f8f-4017-9646-6701423c6ff9,1-7a8b01dd-56e6-44b1-9b22-24d223f071c3,1785291861
bc8c9779-1f8f-4017-9646-6701423c6ff9,1-c2064980-1eb2-4e66-8fdf-3af1c0ed4b87,1785288794
bc8c9779-1f8f-4017-9646-6701423c6ff9,1-90d449fd-e0d0-4e57-a8c1-69ee397531b4,1785282355
bc8c9779-1f8f-4017-9646-6701423c6ff9,1-a046aca8-978d-417e-882d-91014d92f893,1785280209
bc8c9779-1f8f-4017-9646-6701423c6ff9,1-e084f3fd-a602-4185-8b03-d2c148f38b62,1785268820
bc8c9779-1f8f-4017-9646-6701423c6ff9,1-0e2dae17-8ace-4386-baea-4747c169f9ed,1785266138
bc8c9779-1f8f-4017-9646-6701423c6ff9,1-d09d9152-e67b-421f-81e2-04391399b6d9,1785263505
bc8c9779-1f8f-4017-9646-6701423c6ff9,1-b02c4ea1-053e-4775-a2b1-b3c6f8a283cc,1785210336
bc8c9779-1f8f-4017-9646-6701423c6ff9,1-17af48f4-9436-4809-aac8-69b59bccf4bf,1785208027
bc8c9779-1f8f-4017-9646-6701423c6ff9,1-1105c1b2-2ccd-4309-a9c6-d1f66b24774b,1785205342
bc8c9779-1f8f-4017-9646-6701423c6ff9,1-c9bd104f-71f0-4458-8b28-6d150c2df10d,1785202993
bc8c9779-1f8f-4017-9646-6701423c6ff9,1-0e623404-9783-4c2f-a6f1-b16749f1b0b5,1785094603
bc8c9779-1f8f-4017-9646-6701423c6ff9,1-cb9952c0-e02b-45e3-a04c-2bd0163b61f0,1785091838
bc8c9779-1f8f-4017-9646-6701423c6ff9,1-3acdc288-8ebf-4040-ba93-36ec7d614e85,1785089865
bc8c9779-1f8f-4017-9646-6701423c6ff9,1-67aeb8b5-203c-40da-8e94-37dc79d3cf1e,1785034649
bc8c9779-1f8f-4017-9646-6701423c6ff9,1-3d71a01a-4ed2-4803-b083-91fa114dc3aa,1785032472
bc8c9779-1f8f-4017-9646-6701423c6ff9,1-4941d6d5-2003-49c4-8572-5cd6c7186fb9,1784929953
bc8c9779-1f8f-4017-9646-6701423c6ff9,1-677568bb-4582-4a50-be3c-6ca11126c39f,1784927281
bc8c9779-1f8f-4017-9646-6701423c6ff9,1-7e2a6624-a594-42bb-af15-7af1c23a2c91,1784923446
bc8c9779-1f8f-4017-9646-6701423c6ff9,1-7d6b1e8c-e93c-4d53-ad99-450bb06e60fc,1784921215
bc8c9779-1f8f-4017-9646-6701423c6ff9,1-49403ed2-4873-44ec-bdae-56b9930f9d2c,1784828969
bc8c9779-1f8f-4017-9646-6701423c6ff9,1-e12f093d-8a80-48e5-b457-1bb2c1ff8415,1784827284
bc8c9779-1f8f-4017-9646-6701423c6ff9,1-40f9ce03-a573-48a7-ac6e-1f71a7fa83bc,1784779870
bc8c9779-1f8f-4017-9646-6701423c6ff9,1-d98038ec-508b-49d7-a86f-48bca72b853d,1784777005
bc8c9779-1f8f-4017-9646-6701423c6ff9,1-1638dc3a-6cc4-49b5-b3d0-e1c7c9a2f21f,1784259189
bc8c9779-1f8f-4017-9646-6701423c6ff9,1-74ae544c-cd27-401c-9d6c-2f745a064a41,1784257087
bc8c9779-1f8f-4017-9646-6701423c6ff9,1-78182523-279e-49cb-88c1-64e13f8e5ed6,1784086700
bc8c9779-1f8f-4017-9646-6701423c6ff9,1-dc518002-43a3-49ce-a678-ffab52d43d47,1784084546
bc8c9779-1f8f-4017-9646-6701423c6ff9,1-d9f6df3f-6f69-495c-8f6f-37f6317fceda,1784081720
bc8c9779-1f8f-4017-9646-6701423c6ff9,1-3f67abb1-578b-4bc8-8bea-0f1f6b494ad4,1783999418
bc8c9779-1f8f-4017-9646-6701423c6ff9,1-f4835fc0-1b31-4b7e-9dec-cf20d7e6b6e7,1783995822
bc8c9779-1f8f-4017-9646-6701423c6ff9,1-3df713f7-2bf7-4c23-8a15-c8190da811d8,1783467297
bc8c9779-1f8f-4017-9646-6701423c6ff9,1-c8648344-bbfe-484a-8c37-e834c8f898ea,1783464675
bc8c9779-1f8f-4017-9646-6701423c6ff9,1-ea5ccee9-f087-4cff-8bf6-8460e784f6b1,1783387052
bc8c9779-1f8f-4017-9646-6701423c6ff9,1-f10b797b-bd96-48c1-90c8-aa1635437f0d,1783014918
bc8c9779-1f8f-4017-9646-6701423c6ff9,1-ad40c6b0-376b-4377-b923-e27d407bae4b,1782872382
bc8c9779-1f8f-4017-9646-6701423c6ff9,1-952a25fc-8e57-4ce9-8ade-3f30e23f9674,1782869816
bc8c9779-1f8f-4017-9646-6701423c6ff9,1-1d6c1210-3d34-4660-b16e-916f816c4777,1782792987
bc8c9779-1f8f-4017-9646-6701423c6ff9,1-432e191e-e4c4-4066-9f3a-cff5a4594faf,1782788092
bc8c9779-1f8f-4017-9646-6701423c6ff9,1-f34b84d8-14c4-49ff-b284-891d03a293f8,1782785373
bc8c9779-1f8f-4017-9646-6701423c6ff9,1-ab383e75-f1ed-402c-af63-a8fffbe43b81,1782532103
bc8c9779-1f8f-4017-9646-6701423c6ff9,1-e904cb9d-dd09-4a86-995d-d6bcd58e6ff7,1782529277
bc8c9779-1f8f-4017-9646-6701423c6ff9,1-2fccf106-754a-4596-ba59-1c7270165052,1782359247
bc8c9779-1f8f-4017-9646-6701423c6ff9,1-5cb67f10-83aa-41b3-b907-982cbe365eb2,1782356693
bc8c9779-1f8f-4017-9646-6701423c6ff9,1-560d4446-ccc1-49df-ac55-bf70c7445f84,1782354085
bc8c9779-1f8f-4017-9646-6701423c6ff9,1-3910a1b2-d4f1-40f2-a511-bcfda065286e,1782351800
bc8c9779-1f8f-4017-9646-6701423c6ff9,1-8c74be19-21d4-4c88-91bf-d0e7b3dc80e2,1782184038
bc8c9779-1f8f-4017-9646-6701423c6ff9,1-612097d1-1dd1-4301-a29f-86308e82af37,1782181522
bc8c9779-1f8f-4017-9646-6701423c6ff9,1-ac75bdb7-bd3e-4a74-9e3e-8c83b7fe83c6,1782179833
bc8c9779-1f8f-4017-9646-6701423c6ff9,1-d440a9c3-5d9e-46ad-a93a-9c12935a876a,1752552963
bc8c9779-1f8f-4017-9646-6701423c6ff9,1-4dd3fdfd-9566-4973-b9f8-3f9a402f4ab6,1752550641
bc8c9779-1f8f-4017-9646-6701423c6ff9,1-42820726-2dec-4631-8968-e025c3746acf,1752548624
bc8c9779-1f8f-4017-9646-6701423c6ff9,1-93c3207a-3bf0-4c4a-94f4-37722c998098,1749145304
bc8c9779-1f8f-4017-9646-6701423c6ff9,1-e4e9f2a3-87c9-470f-a650-88a492b3ffeb,1747014342
bc8c9779-1f8f-4017-9646-6701423c6ff9,1-7a4e2ec6-b9f4-4691-8c75-49760c6f71c5,1745467353
bc8c9779-1f8f-4017-9646-6701423c6ff9,1-0866733d-9c68-4e14-a005-a1abca12b70f,1745462004
bc8c9779-1f8f-4017-9646-6701423c6ff9,1-da931e54-0275-4bc3-9b0b-06adc282ab10,1745459232
bc8c9779-1f8f-4017-9646-6701423c6ff9,1-3a9525bf-3ff6-4db0-bd7b-c9ae4fb82876,1745456519
bc8c9779-1f8f-4017-9646-6701423c6ff9,1-a529683c-81c2-479f-ac3d-aa99a52e0032,1745451675
bc8c9779-1f8f-4017-9646-6701423c6ff9,1-f02a2b51-8793-4bee-bb82-c8105553dd63,1745374280
bc8c9779-1f8f-4017-9646-6701423c6ff9,1-1a5d6347-a7a2-4579-bc01-b9a26b679d32,1745293827
bc8c9779-1f8f-4017-9646-6701423c6ff9,1-415aa74d-3c51-4b0c-9a10-8c928f78604f,1745291505
bc8c9779-1f8f-4017-9646-6701423c6ff9,1-da227185-ee66-46c2-8a5d-5ea8a8fb7fd3,1745287816
bc8c9779-1f8f-4017-9646-6701423c6ff9,1-1f1fbf48-f04c-434b-a6c4-2643ea21ed0d,1725906897
bc8c9779-1f8f-4017-9646-6701423c6ff9,1-1e20a9d1-d26e-4b22-b153-698ec059cd81,1719286933
bc8c9779-1f8f-4017-9646-6701423c6ff9,1-b03a6839-f67b-4fa8-a5ce-946de801f56b,1719284117
bc8c9779-1f8f-4017-9646-6701423c6ff9,1-16508393-eba5-4650-b796-e36b80642448,1719197942
bc8c9779-1f8f-4017-9646-6701423c6ff9,1-310521d7-4e76-4bb5-b9cd-6175bccd315a,1719195993
bc8c9779-1f8f-4017-9646-6701423c6ff9,1-cbb30fa8-a153-4097-8af4-19ab147072ff,1719193706
bc8c9779-1f8f-4017-9646-6701423c6ff9,1-1629860d-893c-46dd-b03d-807c557aa055,1719191315
bc8c9779-1f8f-4017-9646-6701423c6ff9,1-02aa5b31-24b8-4062-968b-46e58accc68b,1719167396
bc8c9779-1f8f-4017-9646-6701423c6ff9,1-a719d552-9333-4cf1-91db-e43e74883a2e,1719165517
bc8c9779-1f8f-4017-9646-6701423c6ff9,1-60060378-8fb7-4674-85ef-4916e3e276f7,1718996865
bc8c9779-1f8f-4017-9646-6701423c6ff9,1-11f2d93b-a380-4923-ae06-48b451143635,1718993233
bc8c9779-1f8f-4017-9646-6701423c6ff9,1-2accd5a9-247e-48df-8c10-79223b977b9b,1718822064
bc8c9779-1f8f-4017-9646-6701423c6ff9,1-c4e91c61-7f2e-4dec-9fe7-8016267671f2,1718818949
bc8c9779-1f8f-4017-9646-6701423c6ff9,1-7b0f30d5-2999-4bf5-9f30-4b818979ea5f,1717434802
bc8c9779-1f8f-4017-9646-6701423c6ff9,1-52cc3721-2614-444f-af52-6c0d4c6a08bb,1713912916
a24967e1-bb38-4b2f-bb78-e118e613c0c7,1-4e438dc6-e5d3-4f62-9547-26680450592d,1787716168
a24967e1-bb38-4b2f-bb78-e118e613c0c7,1-e5752ed0-5abf-449b-aa83-0d65e22f2598,1787513063
a24967e1-bb38-4b2f-bb78-e118e613c0c7,1-a8310356-bf04-4c4d-87e7-b36cf00f2dcb,1787193841
a24967e1-bb38-4b2f-bb78-e118e613c0c7,1-090ef5fc-b5d5-433a-b948-9cc43f64a3df,1787019635
a24967e1-bb38-4b2f-bb78-e118e613c0c7,1-d6240447-993b-4266-bf86-d937d86ad411,1787016799
a24967e1-bb38-4b2f-bb78-e118e613c0c7,1-9ef3e4b8-77cd-4888-a233-9c1bf8770fd8,1787007094
a24967e1-bb38-4b2f-bb78-e118e613c0c7,1-c0248240-cdf2-471f-bdcf-9d8898016b69,1787001059
a24967e1-bb38-4b2f-bb78-e118e613c0c7,1-7d066c74-b3dc-4ebb-9198-38bf0b2e29d3,1786996457
a24967e1-bb38-4b2f-bb78-e118e613c0c7,1-47bc5210-1c37-4153-821f-ebf9b506bf63,1786992402
a24967e1-bb38-4b2f-bb78-e118e613c0c7,1-35315031-4252-4d00-81e6-5f25a861b1e3,1786988419
a24967e1-bb38-4b2f-bb78-e118e613c0c7,1-9ba0397a-d6ef-4c9a-8eed-285376cc7e02,1786985965
a24967e1-bb38-4b2f-bb78-e118e613c0c7,1-8c674c74-6124-4ed0-8501-b507b766555e,1786981770
a24967e1-bb38-4b2f-bb78-e118e613c0c7,1-47864455-48bf-4738-bb5d-71a06a421d78,1786979360
a24967e1-bb38-4b2f-bb78-e118e613c0c7,1-2906b541-9b8a-481c-a954-670a26305255,1786913712
a24967e1-bb38-4b2f-bb78-e118e613c0c7,1-0301888a-323f-4249-92de-86fcb39106bf,1786735241
a24967e1-bb38-4b2f-bb78-e118e613c0c7,1-83e4b310-485b-443d-9d0b-fbcdc142db67,1786731125
a24967e1-bb38-4b2f-bb78-e118e613c0c7,1-b93ab8ff-6913-41e2-9b50-d900ff6d90c0,1786728783
a24967e1-bb38-4b2f-bb78-e118e613c0c7,1-ee589f3b-fae3-4104-970f-b55e0642db6d,1786675127
a24967e1-bb38-4b2f-bb78-e118e613c0c7,1-b503250f-f5e3-4e77-bcda-75d3c3fcf33d,1786667977
a24967e1-bb38-4b2f-bb78-e118e613c0c7,1-a31e29e9-ed51-4fdf-89ab-7134a4c8f84f,1786657480
a24967e1-bb38-4b2f-bb78-e118e613c0c7,1-0600c9eb-ab17-418a-9d7b-925a7f0c4d08,1786643015
a24967e1-bb38-4b2f-bb78-e118e613c0c7,1-26af9a98-9653-4c5f-85d4-2fe14bc773be,1786638909
a24967e1-bb38-4b2f-bb78-e118e613c0c7,1-36ee503b-6540-4a9a-9966-b975d2fb8151,1786507375
a24967e1-bb38-4b2f-bb78-e118e613c0c7,1-06aaf935-8215-4755-b4ca-25abee40c2b1,1786503792
a24967e1-bb38-4b2f-bb78-e118e613c0c7,1-c6cc558e-a1c5-4a28-8798-1d005ac9d2a2,1786330032
a24967e1-bb38-4b2f-bb78-e118e613c0c7,1-d0013127-fba3-4bbe-a01b-ece8b3b712b1,1786327897
a24967e1-bb38-4b2f-bb78-e118e613c0c7,1-cf626e4f-202c-4646-921f-0b43fd4184bd,1786322077
a24967e1-bb38-4b2f-bb78-e118e613c0c7,1-09ce02d6-836e-45bf-a619-8c3294e4ef32,1786318860
a24967e1-bb38-4b2f-bb78-e118e613c0c7,1-4ad7bd66-b608-4f4d-b3bf-1c8c567dafff,1786316357
a24967e1-bb38-4b2f-bb78-e118e613c0c7,1-48b0d32c-207a-40ee-ab0f-144928aa1500,1786313231
a24967e1-bb38-4b2f-bb78-e118e613c0c7,1-079e9cf7-c9de-4f85-88d0-6cae3fe6c931,1786310304
a24967e1-bb38-4b2f-bb78-e118e613c0c7,1-1d061802-99ca-4147-855d-ab4664e3cb89,1786038846
a24967e1-bb38-4b2f-bb78-e118e613c0c7,1-935fcd28-654d-4fa7-a8df-f2e8d46db1c2,1786036232
a24967e1-bb38-4b2f-bb78-e118e613c0c7,1-8fede02f-7ee2-4303-bfc9-564872dce163,1786033951
a24967e1-bb38-4b2f-bb78-e118e613c0c7,1-2bc95098-2cd1-4c64-b112-0f7a4b75f10a,1785727949
a24967e1-bb38-4b2f-bb78-e118e613c0c7,1-a93b30ef-2da5-4455-91b9-46a3387f8b9f,1785725248
a24967e1-bb38-4b2f-bb78-e118e613c0c7,1-ab125b6d-53f0-4b5d-8f04-f8049b13f1c0,1785722476
a24967e1-bb38-4b2f-bb78-e118e613c0c7,1-eb1f09c1-d699-4ec6-bafd-d3141a1b44ff,1785714686
a24967e1-bb38-4b2f-bb78-e118e613c0c7,1-fd85aa74-df19-426a-9a67-ed2da98d3263,1785459605
a24967e1-bb38-4b2f-bb78-e118e613c0c7,1-4aa96cb1-fbda-4bf0-827b-e1a25cd9a319,1785455942
a24967e1-bb38-4b2f-bb78-e118e613c0c7,1-596fdca1-f0e8-4fb2-9887-ad7d23216297,1785380556
a24967e1-bb38-4b2f-bb78-e118e613c0c7,1-45830e6f-da2f-4f19-ad9c-cde198b6e603,1785377870
a24967e1-bb38-4b2f-bb78-e118e613c0c7,1-c2064980-1eb2-4e66-8fdf-3af1c0ed4b87,1785288794
a24967e1-bb38-4b2f-bb78-e118e613c0c7,1-b02c4ea1-053e-4775-a2b1-b3c6f8a283cc,1785210336
a24967e1-bb38-4b2f-bb78-e118e613c0c7,1-17af48f4-9436-4809-aac8-69b59bccf4bf,1785208027
a24967e1-bb38-4b2f-bb78-e118e613c0c7,1-1105c1b2-2ccd-4309-a9c6-d1f66b24774b,1785205342
a24967e1-bb38-4b2f-bb78-e118e613c0c7,1-c9bd104f-71f0-4458-8b28-6d150c2df10d,1785202993
a24967e1-bb38-4b2f-bb78-e118e613c0c7,1-d0ff7eed-37c9-447e-b86c-7818afe8cb01,1785119814
a24967e1-bb38-4b2f-bb78-e118e613c0c7,1-de96bacc-0380-4e10-b866-8b0241dd8c13,1784914648
a24967e1-bb38-4b2f-bb78-e118e613c0c7,1-c177b50f-b757-46f1-af9a-0f7d5f88347b,1784866098
a24967e1-bb38-4b2f-bb78-e118e613c0c7,1-49403ed2-4873-44ec-bdae-56b9930f9d2c,1784828969
a24967e1-bb38-4b2f-bb78-e118e613c0c7,1-e12f093d-8a80-48e5-b457-1bb2c1ff8415,1784827284
a24967e1-bb38-4b2f-bb78-e118e613c0c7,1-d98038ec-508b-49d7-a86f-48bca72b853d,1784777005
a24967e1-bb38-4b2f-bb78-e118e613c0c7,1-6a72ae6b-abd3-4de1-bf72-00e53581ba63,1784313336
a24967e1-bb38-4b2f-bb78-e118e613c0c7,1-c2f62a3c-b4ab-4721-a024-67d46626a439,1784308985
a24967e1-bb38-4b2f-bb78-e118e613c0c7,1-1638dc3a-6cc4-49b5-b3d0-e1c7c9a2f21f,1784259189
a24967e1-bb38-4b2f-bb78-e118e613c0c7,1-78182523-279e-49cb-88c1-64e13f8e5ed6,1784086700
a24967e1-bb38-4b2f-bb78-e118e613c0c7,1-dc518002-43a3-49ce-a678-ffab52d43d47,1784084546
a24967e1-bb38-4b2f-bb78-e118e613c0c7,1-f4835fc0-1b31-4b7e-9dec-cf20d7e6b6e7,1783995822
a24967e1-bb38-4b2f-bb78-e118e613c0c7,1-7d2e4c97-2a54-4aa5-98fa-68a66e69f8cf,1783552604
a24967e1-bb38-4b2f-bb78-e118e613c0c7,1-91a28050-143a-4267-96d6-689d28837db5,1783549798
a24967e1-bb38-4b2f-bb78-e118e613c0c7,1-ea5ccee9-f087-4cff-8bf6-8460e784f6b1,1783387052
a24967e1-bb38-4b2f-bb78-e118e613c0c7,1-2c13a695-398b-47a4-88ba-5dbc34a0983b,1783204470
a24967e1-bb38-4b2f-bb78-e118e613c0c7,1-15fb2785-2861-42fd-8325-a58c8c8d01ec,1783143118
a24967e1-bb38-4b2f-bb78-e118e613c0c7,1-9e45f708-d71d-489d-b61f-94e53e6872c6,1783140335
a24967e1-bb38-4b2f-bb78-e118e613c0c7,1-0d8192e9-ac94-4fc4-9d51-8eae6f347d24,1783136714
a24967e1-bb38-4b2f-bb78-e118e613c0c7,1-09f96c6a-fe6c-4105-a2c7-3f525849b5be,1783133155
a24967e1-bb38-4b2f-bb78-e118e613c0c7,1-81c39b85-29dd-43a1-8c2b-8ea3effde13c,1783052830
a24967e1-bb38-4b2f-bb78-e118e613c0c7,1-a4b40a22-bb8a-4916-9420-5912175e93b2,1783049522
a24967e1-bb38-4b2f-bb78-e118e613c0c7,1-f10b797b-bd96-48c1-90c8-aa1635437f0d,1783014918
a24967e1-bb38-4b2f-bb78-e118e613c0c7,1-1fe932a3-7ad5-47af-89b3-9be52d053bde,1782968927
a24967e1-bb38-4b2f-bb78-e118e613c0c7,1-ec79acd3-4501-4f0e-ab5b-4a4cff82651c,1782967013
a24967e1-bb38-4b2f-bb78-e118e613c0c7,1-445079d3-2c6c-43a8-a178-e9c97935cda6,1782962457
a24967e1-bb38-4b2f-bb78-e118e613c0c7,1-c270abed-cbbb-4e93-b27a-2d126e4e1ab8,1782876069
a24967e1-bb38-4b2f-bb78-e118e613c0c7,1-ad40c6b0-376b-4377-b923-e27d407bae4b,1782872382
a24967e1-bb38-4b2f-bb78-e118e613c0c7,1-952a25fc-8e57-4ce9-8ade-3f30e23f9674,1782869816
a24967e1-bb38-4b2f-bb78-e118e613c0c7,1-1d6c1210-3d34-4660-b16e-916f816c4777,1782792987
a24967e1-bb38-4b2f-bb78-e118e613c0c7,1-432e191e-e4c4-4066-9f3a-cff5a4594faf,1782788092
a24967e1-bb38-4b2f-bb78-e118e613c0c7,1-f34b84d8-14c4-49ff-b284-891d03a293f8,1782785373
a24967e1-bb38-4b2f-bb78-e118e613c0c7,1-f4f20610-a339-43d6-8348-d29a1dff35d2,1782703566
a24967e1-bb38-4b2f-bb78-e118e613c0c7,1-0b809420-79d7-492b-b199-1455385bcfda,1782700489
a24967e1-bb38-4b2f-bb78-e118e613c0c7,1-a944a1eb-566f-4966-9477-7cf9a5feb891,1782632718
a24967e1-bb38-4b2f-bb78-e118e613c0c7,1-e3e8e680-4ac6-4e13-afdb-45fe383d60a3,1782630188
a24967e1-bb38-4b2f-bb78-e118e613c0c7,1-e919ebb9-57b1-4efb-a30f-bd8f06a5384a,1782627651
a24967e1-bb38-4b2f-bb78-e118e613c0c7,1-c25cb064-af5a-4b80-89c4-216a5d5f792a,1782625326
a24967e1-bb38-4b2f-bb78-e118e613c0c7,1-76a70a3d-8544-4ece-bdb5-e8d9f3e5d372,1782541570
a24967e1-bb38-4b2f-bb78-e118e613c0c7,1-d20091cf-e75b-4461-a0a3-91f2dcdc9a68,1782538524
a24967e1-bb38-4b2f-bb78-e118e613c0c7,1-415f9250-bbe4-4497-98c2-03bcaa9525f9,1782536466
a24967e1-bb38-4b2f-bb78-e118e613c0c7,1-ab383e75-f1ed-402c-af63-a8fffbe43b81,1782532103
a24967e1-bb38-4b2f-bb78-e118e613c0c7,1-e904cb9d-dd09-4a86-995d-d6bcd58e6ff7,1782529277
a24967e1-bb38-4b2f-bb78-e118e613c0c7,1-5124e6b9-941f-4464-a743-70976e01423c,1782446969
a24967e1-bb38-4b2f-bb78-e118e613c0c7,1-1970b5f4-cc03-44c6-bb0e-ee8d465f595b,1782443844
a24967e1-bb38-4b2f-bb78-e118e613c0c7,1-daea6530-a641-46d2-883f-4294f2f4da6e,1782441355
a24967e1-bb38-4b2f-bb78-e118e613c0c7,1-8648f2a1-8b1c-4a4a-84e2-15e0168208d1,1782438795
a24967e1-bb38-4b2f-bb78-e118e613c0c7,1-2fccf106-754a-4596-ba59-1c7270165052,1782359247
a24967e1-bb38-4b2f-bb78-e118e613c0c7,1-5cb67f10-83aa-41b3-b907-982cbe365eb2,1782356693
a24967e1-bb38-4b2f-bb78-e118e613c0c7,1-560d4446-ccc1-49df-ac55-bf70c7445f84,1782354085
a24967e1-bb38-4b2f-bb78-e118e613c0c7,1-3910a1b2-d4f1-40f2-a511-bcfda065286e,1782351800
a24967e1-bb38-4b2f-bb78-e118e613c0c7,1-42060785-e7b9-4bb6-aad9-7ff8756e1bc2,1782269618
a24967e1-bb38-4b2f-bb78-e118e613c0c7,1-99317f81-b2bf-43e7-9bf9-957f8a9643f1,1782266748
a24967e1-bb38-4b2f-bb78-e118e613c0c7,1-8c74be19-21d4-4c88-91bf-d0e7b3dc80e2,1782184038
a24967e1-bb38-4b2f-bb78-e118e613c0c7,1-612097d1-1dd1-4301-a29f-86308e82af37,1782181522
a24967e1-bb38-4b2f-bb78-e118e613c0c7,1-ac75bdb7-bd3e-4a74-9e3e-8c83b7fe83c6,1782179833
a24967e1-bb38-4b2f-bb78-e118e613c0c7,1-09b44161-aab5-4710-b542-5cdca12355f2,1782099638
a24967e1-bb38-4b2f-bb78-e118e613c0c7,1-49c3c7b6-b427-4d64-9913-9ecfc12259bd,1782094629
a24967e1-bb38-4b2f-bb78-e118e613c0c7,1-15eae770-589e-41a0-8ba1-29e0ebabbcbb,1761377051
a24967e1-bb38-4b2f-bb78-e118e613c0c7,1-bd98523e-e653-4954-8e5f-af1762fc87bd,1760672971
a24967e1-bb38-4b2f-bb78-e118e613c0c7,1-d71ba918-6f28-4047-8966-ad0e80ff30b7,1760669954
a24967e1-bb38-4b2f-bb78-e118e613c0c7,1-aec2f448-19d3-4515-96f6-7fc657f0bc1d,1760667716
a24967e1-bb38-4b2f-bb78-e118e613c0c7,1-6ad7b8c6-cb98-4be7-ab75-ec1d4e0c326d,1760491336
a24967e1-bb38-4b2f-bb78-e118e613c0c7,1-5ed6e83a-1692-447e-a40a-600204569c50,1760070548
a24967e1-bb38-4b2f-bb78-e118e613c0c7,1-b9222995-52ae-4e13-932b-032b149ad3ca,1759985041
a24967e1-bb38-4b2f-bb78-e118e613c0c7,1-9a4a39ea-5104-4cda-b83f-f266152277ee,1759896541
a24967e1-bb38-4b2f-bb78-e118e613c0c7,1-dffc5611-427b-4df7-8989-95ee6894ff66,1759892880
a24967e1-bb38-4b2f-bb78-e118e613c0c7,1-dad604b8-2d65-45bc-99b0-8b8648f6f4a0,1759807323
a24967e1-bb38-4b2f-bb78-e118e613c0c7,1-22f53552-a8b1-4223-9a0d-62427bac5bc2,1759727113
a24967e1-bb38-4b2f-bb78-e118e613c0c7,1-3e899b0f-7808-4e47-be8d-ae237998c3e5,1759724364
a24967e1-bb38-4b2f-bb78-e118e613c0c7,1-f873db09-be44-4c14-9bb2-92bcae0a5402,1759701418
a24967e1-bb38-4b2f-bb78-e118e613c0c7,1-d440a9c3-5d9e-46ad-a93a-9c12935a876a,1752552963
a24967e1-bb38-4b2f-bb78-e118e613c0c7,1-4dd3fdfd-9566-4973-b9f8-3f9a402f4ab6,1752550641
a24967e1-bb38-4b2f-bb78-e118e613c0c7,1-42820726-2dec-4631-8968-e025c3746acf,1752548624
a24967e1-bb38-4b2f-bb78-e118e613c0c7,1-7a4e2ec6-b9f4-4691-8c75-49760c6f71c5,1745467353
a24967e1-bb38-4b2f-bb78-e118e613c0c7,1-0866733d-9c68-4e14-a005-a1abca12b70f,1745462004
a24967e1-bb38-4b2f-bb78-e118e613c0c7,1-da931e54-0275-4bc3-9b0b-06adc282ab10,1745459232
a24967e1-bb38-4b2f-bb78-e118e613c0c7,1-3a9525bf-3ff6-4db0-bd7b-c9ae4fb82876,1745456519
a24967e1-bb38-4b2f-bb78-e118e613c0c7,1-8c5d09e5-3f32-43ee-8679-113775071692,1745376934
a24967e1-bb38-4b2f-bb78-e118e613c0c7,1-1a5d6347-a7a2-4579-bc01-b9a26b679d32,1745293827
a24967e1-bb38-4b2f-bb78-e118e613c0c7,1-07636088-f237-4841-9f0e-5d844f2e96a8,1745204819
a24967e1-bb38-4b2f-bb78-e118e613c0c7,1-4ed6dc89-b5e2-4afd-bae2-82f62e9a2ae6,1745202520
a24967e1-bb38-4b2f-bb78-e118e613c0c7,1-fe26bdd9-5df4-476d-b824-dcae4b11b4d6,1744778868
a24967e1-bb38-4b2f-bb78-e118e613c0c7,1-ea82f9c5-1d68-4ffa-a9f5-0fed48dff319,1744776148
49a74302-be88-4ac5-9a6c-f0c7864e6b2d,1-f4e7756a-e2b9-4ace-b46c-f89d2ab23b67,1786679843
49a74302-be88-4ac5-9a6c-f0c7864e6b2d,1-cbd21561-2c01-40f5-b96e-1b69de64750b,1786677496
49a74302-be88-4ac5-9a6c-f0c7864e6b2d,1-6bda9855-e97c-44a0-a2ff-b13df6d21f48,1786663525
49a74302-be88-4ac5-9a6c-f0c7864e6b2d,1-06aaf935-8215-4755-b4ca-25abee40c2b1,1786503792
49a74302-be88-4ac5-9a6c-f0c7864e6b2d,1-51ed2a9b-5503-4e21-a9e1-cee359fe9c37,1786501297
49a74302-be88-4ac5-9a6c-f0c7864e6b2d,1-afc2a01e-2656-46ee-afb5-c43dd63b57c7,1786498161
49a74302-be88-4ac5-9a6c-f0c7864e6b2d,1-108906b5-cb49-4eff-9648-a2ccc56014dd,1786489761
49a74302-be88-4ac5-9a6c-f0c7864e6b2d,1-72f42aa6-8d69-48c1-95c7-058aaffe6b2e,1786485766
49a74302-be88-4ac5-9a6c-f0c7864e6b2d,1-449bf88b-04e7-4776-ac9e-34c494fd0ae4,1785973708
49a74302-be88-4ac5-9a6c-f0c7864e6b2d,1-666d6b39-4098-48a1-8851-641758788143,1785971103
49a74302-be88-4ac5-9a6c-f0c7864e6b2d,1-cce2e41b-f15c-4299-b1a1-ef09b7f76ce1,1785806408
49a74302-be88-4ac5-9a6c-f0c7864e6b2d,1-823511fc-991d-412e-85c7-28440eba8447,1785556348
49a74302-be88-4ac5-9a6c-f0c7864e6b2d,1-ed6583b6-e2a9-4831-a693-e7425d6e93ec,1785554841
49a74302-be88-4ac5-9a6c-f0c7864e6b2d,1-968a5f32-3b05-4148-a464-bda4b71568c7,1785435225
49a74302-be88-4ac5-9a6c-f0c7864e6b2d,1-063caaf6-e25f-45a8-a14f-e20f037818b9,1785431934
49a74302-be88-4ac5-9a6c-f0c7864e6b2d,1-2e8f7101-cbfa-45ed-9e4f-7fa352d6a71c,1784956236
49a74302-be88-4ac5-9a6c-f0c7864e6b2d,1-56aebeff-2a0e-4e7c-8703-00937fcc33a8,1784952374
49a74302-be88-4ac5-9a6c-f0c7864e6b2d,1-aba1b7a6-5611-4d13-b40e-cb6917d14159,1784948278
49a74302-be88-4ac5-9a6c-f0c7864e6b2d,1-6a1e5536-590f-496e-b24b-02c5cf8b8994,1784944770
49a74302-be88-4ac5-9a6c-f0c7864e6b2d,1-d9f6df3f-6f69-495c-8f6f-37f6317fceda,1784081720
49a74302-be88-4ac5-9a6c-f0c7864e6b2d,1-3df713f7-2bf7-4c23-8a15-c8190da811d8,1783467297
49a74302-be88-4ac5-9a6c-f0c7864e6b2d,1-c8648344-bbfe-484a-8c37-e834c8f898ea,1783464675
49a74302-be88-4ac5-9a6c-f0c7864e6b2d,1-ea5ccee9-f087-4cff-8bf6-8460e784f6b1,1783387052
49a74302-be88-4ac5-9a6c-f0c7864e6b2d,1-15fb2785-2861-42fd-8325-a58c8c8d01ec,1783143118
49a74302-be88-4ac5-9a6c-f0c7864e6b2d,1-9e45f708-d71d-489d-b61f-94e53e6872c6,1783140335
49a74302-be88-4ac5-9a6c-f0c7864e6b2d,1-0d8192e9-ac94-4fc4-9d51-8eae6f347d24,1783136714
49a74302-be88-4ac5-9a6c-f0c7864e6b2d,1-09f96c6a-fe6c-4105-a2c7-3f525849b5be,1783133155
49a74302-be88-4ac5-9a6c-f0c7864e6b2d,1-42060785-e7b9-4bb6-aad9-7ff8756e1bc2,1782269618
49a74302-be88-4ac5-9a6c-f0c7864e6b2d,1-99317f81-b2bf-43e7-9bf9-957f8a9643f1,1782266748
49a74302-be88-4ac5-9a6c-f0c7864e6b2d,1-74969066-82ac-4661-a5a3-4fa842ebfc78,1782258488
49a74302-be88-4ac5-9a6c-f0c7864e6b2d,1-4daeafd0-4b13-45b6-8561-8db210a7f819,1782256438
49a74302-be88-4ac5-9a6c-f0c7864e6b2d,1-eeb12d3d-9e14-41cb-b082-8211059c2a1b,1782253021
49a74302-be88-4ac5-9a6c-f0c7864e6b2d,1-8c74be19-21d4-4c88-91bf-d0e7b3dc80e2,1782184038
49a74302-be88-4ac5-9a6c-f0c7864e6b2d,1-612097d1-1dd1-4301-a29f-86308e82af37,1782181522
49a74302-be88-4ac5-9a6c-f0c7864e6b2d,1-ac75bdb7-bd3e-4a74-9e3e-8c83b7fe83c6,1782179833
49a74302-be88-4ac5-9a6c-f0c7864e6b2d,1-0d5dd713-9bf3-4779-963e-660e8cfb0f8f,1782172569
49a74302-be88-4ac5-9a6c-f0c7864e6b2d,1-e514a793-027c-41be-9398-538e1a762f0a,1780453277
49a74302-be88-4ac5-9a6c-f0c7864e6b2d,1-f8cd597e-546a-46ea-b585-48062e3f04f0,1780451356
49a74302-be88-4ac5-9a6c-f0c7864e6b2d,1-64c6f34e-19d1-4ec8-b271-291286e4962d,1780032179
49a74302-be88-4ac5-9a6c-f0c7864e6b2d,1-b814f388-7a7a-40ce-9b76-e03522a670d0,1779931808
49a74302-be88-4ac5-9a6c-f0c7864e6b2d,1-4159be3c-42b0-49b2-8bb1-617f2cb6bbf4,1779927807
49a74302-be88-4ac5-9a6c-f0c7864e6b2d,1-dd90f6aa-50b8-4887-90de-9e15bb7b3547,1779920750
49a74302-be88-4ac5-9a6c-f0c7864e6b2d,1-309995d8-17c3-486a-a93d-1025cc9207fe,1779918007
49a74302-be88-4ac5-9a6c-f0c7864e6b2d,1-bbf6ec86-799c-41ac-b73a-4f66bafdde0d,1779850607
49a74302-be88-4ac5-9a6c-f0c7864e6b2d,1-a192a063-f587-4a20-a002-e40de4c9324f,1779763873
49a74302-be88-4ac5-9a6c-f0c7864e6b2d,1-7dd19443-16c6-4682-9bb2-9efad4cf6ebb,1779760850
49a74302-be88-4ac5-9a6c-f0c7864e6b2d,1-bf239a02-057e-46f7-bd1c-36d1d6dcd9cf,1779756241
49a74302-be88-4ac5-9a6c-f0c7864e6b2d,1-4426837e-98a9-41da-8e76-49010c3ae294,1779752220
49a74302-be88-4ac5-9a6c-f0c7864e6b2d,1-563525f3-f080-49e5-a2b7-e36978160d94,1779749657
49a74302-be88-4ac5-9a6c-f0c7864e6b2d,1-10f73506-e687-43d9-bc96-dcbb27c8fa01,1778636928
49a74302-be88-4ac5-9a6c-f0c7864e6b2d,1-613ef07b-9b09-4d61-bc72-c2e4c2ae6b43,1776317956
49a74302-be88-4ac5-9a6c-f0c7864e6b2d,1-6f05334a-842d-4faa-ab6b-05d9ed100b87,1776314947
49a74302-be88-4ac5-9a6c-f0c7864e6b2d,1-42b8dbaa-01f6-4f4d-800c-9e42981e04ef,1776312665
49a74302-be88-4ac5-9a6c-f0c7864e6b2d,1-92c427ac-5a23-465b-89dc-67ba3b2ab7b3,1776234205
49a74302-be88-4ac5-9a6c-f0c7864e6b2d,1-5422da4d-109d-4b57-bd34-bee28f0397f3,1776231908
49a74302-be88-4ac5-9a6c-f0c7864e6b2d,1-db6b4580-7d3a-4f50-879c-f7e6d610fca7,1776227229
49a74302-be88-4ac5-9a6c-f0c7864e6b2d,1-0661ca65-04db-480c-9a70-25a926cf9c75,1775631683
49a74302-be88-4ac5-9a6c-f0c7864e6b2d,1-37df3c92-f3aa-4947-94cf-b5e67b87f293,1775198645
49a74302-be88-4ac5-9a6c-f0c7864e6b2d,1-cc25ee93-65ba-4631-bf4b-7821af27b1c0,1775195418
49a74302-be88-4ac5-9a6c-f0c7864e6b2d,1-47ce70ce-b224-47ff-a811-2511382e76bc,1775193579
49a74302-be88-4ac5-9a6c-f0c7864e6b2d,1-59180a09-267d-4b6d-bc73-03747574fe52,1775190522
49a74302-be88-4ac5-9a6c-f0c7864e6b2d,1-be20b761-17a9-4e05-996d-e65ce662ec4f,1774922739
49a74302-be88-4ac5-9a6c-f0c7864e6b2d,1-d2cd2866-c67f-4513-b293-6435ec2fbccf,1774918476
49a74302-be88-4ac5-9a6c-f0c7864e6b2d,1-800224aa-760f-4839-a948-b688d63c6019,1774840397
49a74302-be88-4ac5-9a6c-f0c7864e6b2d,1-9511667d-063a-4228-903d-b4e03a073e2c,1774660539
49a74302-be88-4ac5-9a6c-f0c7864e6b2d,1-08485efa-47e0-47fe-b848-1a6321515148,1774659903
49a74302-be88-4ac5-9a6c-f0c7864e6b2d,1-ed0481a0-0815-4047-81fc-1278f5b8ee34,1774658999
49a74302-be88-4ac5-9a6c-f0c7864e6b2d,1-13f96dca-1898-4753-89db-3b7b43794f92,1774658016
49a74302-be88-4ac5-9a6c-f0c7864e6b2d,1-9a13fe95-2e3e-4a77-a36a-6de55886df61,1774657743
49a74302-be88-4ac5-9a6c-f0c7864e6b2d,1-af77ab0d-0cc6-4fa3-8f53-f9556f3527ce,1774406284
49a74302-be88-4ac5-9a6c-f0c7864e6b2d,1-422140ea-b36d-48a7-af9a-8736e580107e,1774403832
49a74302-be88-4ac5-9a6c-f0c7864e6b2d,1-d38c8356-51ac-4116-916e-0c33b2850dd4,1774401112
49a74302-be88-4ac5-9a6c-f0c7864e6b2d,1-0ca2d8f8-6991-4802-b3d7-be13973da1ab,1774398377
49a74302-be88-4ac5-9a6c-f0c7864e6b2d,1-8aef06ae-6da3-4a71-9b83-c7e6331a2451,1774396467
49a74302-be88-4ac5-9a6c-f0c7864e6b2d,1-b0f2fddd-6626-4715-a3f0-58228fddee19,1774246622
49a74302-be88-4ac5-9a6c-f0c7864e6b2d,1-2defa180-d601-4c86-a582-55f76ecf354e,1774244150
49a74302-be88-4ac5-9a6c-f0c7864e6b2d,1-5d91c240-7102-41d6-bd61-cf78f5ea56a8,1774240952
49a74302-be88-4ac5-9a6c-f0c7864e6b2d,1-c2547fe5-a80b-4616-b1f7-177fd4285a02,1774235884
49a74302-be88-4ac5-9a6c-f0c7864e6b2d,1-ccda4e71-86da-490f-9451-544736f90eb0,1774062896
49a74302-be88-4ac5-9a6c-f0c7864e6b2d,1-3031b2ac-4ee0-459e-a490-3bbb3a5e0ca8,1774057985
49a74302-be88-4ac5-9a6c-f0c7864e6b2d,1-c5fbc2dc-830f-41aa-b0c6-a499b5b63c98,1774053827
49a74302-be88-4ac5-9a6c-f0c7864e6b2d,1-8074ed4a-24c7-4395-b553-0b0ebb687ff4,1774053189
49a74302-be88-4ac5-9a6c-f0c7864e6b2d,1-4b02b67f-f08e-42fc-afa1-ec69987c1b5e,1774052943
49a74302-be88-4ac5-9a6c-f0c7864e6b2d,1-3e03694a-30a2-4f92-9583-f7c48c91b1ae,1772171784
49a74302-be88-4ac5-9a6c-f0c7864e6b2d,1-d3d643a6-d768-43e8-839b-6efb01a343df,1772168936
49a74302-be88-4ac5-9a6c-f0c7864e6b2d,1-e1e704a5-b9c5-4a95-ad11-4535e993a671,1772078659
49a74302-be88-4ac5-9a6c-f0c7864e6b2d,1-fa0eb378-a125-4ecf-9ccd-4596bee07720,1771996657
922e6ce2-7279-4771-93eb-d14c89041c76,1-b9f3ca4d-2d6e-4ad9-bfe0-f755106539b8,1787943074
922e6ce2-7279-4771-93eb-d14c89041c76,1-530034d1-fbdc-415a-8ac1-31682aa55884,1787941592
922e6ce2-7279-4771-93eb-d14c89041c76,1-18422a85-9e52-4101-a8f5-a4315e8006e4,1787371458
922e6ce2-7279-4771-93eb-d14c89041c76,1-657c6bdd-c826-4cc7-a980-55f931d3f12e,1787367626
922e6ce2-7279-4771-93eb-d14c89041c76,1-787df509-1a44-4049-9324-4d7c0d451522,1787338367
922e6ce2-7279-4771-93eb-d14c89041c76,1-a8310356-bf04-4c4d-87e7-b36cf00f2dcb,1787193841
922e6ce2-7279-4771-93eb-d14c89041c76,1-55fea078-97b3-43c3-b9d8-d5ce59b07826,1787162488
922e6ce2-7279-4771-93eb-d14c89041c76,1-d0d095ef-497c-4001-ac72-c212104ddbd5,1787160052
922e6ce2-7279-4771-93eb-d14c89041c76,1-3c2d500e-7bbd-4dcf-961f-283e93bac3cc,1787104869
922e6ce2-7279-4771-93eb-d14c89041c76,1-1716ee4e-a1e7-4a8c-9569-742e566feab3,1787097087
922e6ce2-7279-4771-93eb-d14c89041c76,1-108906b5-cb49-4eff-9648-a2ccc56014dd,1786489761
922e6ce2-7279-4771-93eb-d14c89041c76,1-72f42aa6-8d69-48c1-95c7-058aaffe6b2e,1786485766
922e6ce2-7279-4771-93eb-d14c89041c76,1-b58f3cd8-2116-4e53-9f33-4a94d3a620ac,1786303567
922e6ce2-7279-4771-93eb-d14c89041c76,1-ff706aa9-1dd4-49e8-be39-3ed485b95029,1786301327
922e6ce2-7279-4771-93eb-d14c89041c76,1-2684ac3e-5767-423e-9e42-96b414b00f76,1786299233
922e6ce2-7279-4771-93eb-d14c89041c76,1-faa519eb-b245-49be-b15f-959100e869ea,1786126171
922e6ce2-7279-4771-93eb-d14c89041c76,1-61705934-2c47-4f12-86b7-a31b6d065a7f,1786058628
922e6ce2-7279-4771-93eb-d14c89041c76,1-7d884da0-67f1-4991-b6bc-051be2de49fc,1786055558
922e6ce2-7279-4771-93eb-d14c89041c76,1-b2b41345-f2e7-4d04-8c65-ee405faf5b4f,1785712173
922e6ce2-7279-4771-93eb-d14c89041c76,1-ed6583b6-e2a9-4831-a693-e7425d6e93ec,1785554841
922e6ce2-7279-4771-93eb-d14c89041c76,1-0e2dae17-8ace-4386-baea-4747c169f9ed,1785266138
922e6ce2-7279-4771-93eb-d14c89041c76,1-d09d9152-e67b-421f-81e2-04391399b6d9,1785263505
922e6ce2-7279-4771-93eb-d14c89041c76,1-67aeb8b5-203c-40da-8e94-37dc79d3cf1e,1785034649
922e6ce2-7279-4771-93eb-d14c89041c76,1-3d71a01a-4ed2-4803-b083-91fa114dc3aa,1785032472
922e6ce2-7279-4771-93eb-d14c89041c76,1-bb3d14b5-d192-4baf-b7ea-66e3a5271209,1784917387
922e6ce2-7279-4771-93eb-d14c89041c76,1-c177b50f-b757-46f1-af9a-0f7d5f88347b,1784866098
922e6ce2-7279-4771-93eb-d14c89041c76,1-27b4924b-d910-4a92-ac34-d18414f4ac9e,1784862162
922e6ce2-7279-4771-93eb-d14c89041c76,1-49403ed2-4873-44ec-bdae-56b9930f9d2c,1784828969
922e6ce2-7279-4771-93eb-d14c89041c76,1-e12f093d-8a80-48e5-b457-1bb2c1ff8415,1784827284
922e6ce2-7279-4771-93eb-d14c89041c76,1-74ae544c-cd27-401c-9d6c-2f745a064a41,1784257087
922e6ce2-7279-4771-93eb-d14c89041c76,1-14b04a1a-07c0-4eb0-97bc-5bd1b5ffc586,1775328274
922e6ce2-7279-4771-93eb-d14c89041c76,1-3139e61c-fe07-45e0-9706-8ebb7aa40a74,1768542552
922e6ce2-7279-4771-93eb-d14c89041c76,1-f19ef9d5-44b2-4d47-973a-dd36d82759de,1767775332
922e6ce2-7279-4771-93eb-d14c89041c76,1-b10fe1e3-ab4b-48e9-b5d4-e1dddf47d0e3,1767514025
922e6ce2-7279-4771-93eb-d14c89041c76,1-b01b1e88-210f-467f-9e2b-730f323d0561,1767389689
922e6ce2-7279-4771-93eb-d14c89041c76,1-2d574070-fba0-4cbd-8948-66347fde4ae8,1767387821
922e6ce2-7279-4771-93eb-d14c89041c76,1-82311964-e2b8-4a4f-b6cf-56c2b5e44575,1766467680
922e6ce2-7279-4771-93eb-d14c89041c76,1-98fb7b47-9cbe-4c8f-a034-ef89835da1a1,1766378395
922e6ce2-7279-4771-93eb-d14c89041c76,1-0a32a382-ed9b-4582-9279-269093751356,1766376205
922e6ce2-7279-4771-93eb-d14c89041c76,1-c9f1a784-ef7d-4808-9fdd-15b2a5039cfd,1766354286
922e6ce2-7279-4771-93eb-d14c89041c76,1-5458de50-6193-4bed-8e9f-5ea1d0dc304a,1766349891
922e6ce2-7279-4771-93eb-d14c89041c76,1-c9fcb6fd-0923-4868-919d-662bca779364,1766346533
922e6ce2-7279-4771-93eb-d14c89041c76,1-2e897746-64d6-4560-949c-bdb42a4c3418,1766343209
922e6ce2-7279-4771-93eb-d14c89041c76,1-3876aa5b-877b-4ac9-8b01-e23076c1808e,1766294162
922e6ce2-7279-4771-93eb-d14c89041c76,1-b8002d21-3a46-45c0-8835-ba773cd64be8,1766100784
922e6ce2-7279-4771-93eb-d14c89041c76,1-79d1a2b1-229f-4291-95c2-da704930bc4f,1766098816
922e6ce2-7279-4771-93eb-d14c89041c76,1-679c95a4-31f0-4fef-b1f2-09fc5373ed9a,1766095714
922e6ce2-7279-4771-93eb-d14c89041c76,1-feebe466-eae0-478f-95e0-63f4f50e0b26,1766089920
922e6ce2-7279-4771-93eb-d14c89041c76,1-3d818c05-9839-4108-987f-ef32a3c5bf05,1765985688
922e6ce2-7279-4771-93eb-d14c89041c76,1-41f873b9-c058-460d-9132-748035c05b75,1765655280
922e6ce2-7279-4771-93eb-d14c89041c76,1-8e301ba5-a024-44f2-8b23-66298ae67925,1765604072
922e6ce2-7279-4771-93eb-d14c89041c76,1-a474c664-42ca-4ca3-839e-fb53b3d15241,1765600830
922e6ce2-7279-4771-93eb-d14c89041c76,1-571d54ba-238f-4d9d-baee-f515027a5d53,1765598604
922e6ce2-7279-4771-93eb-d14c89041c76,1-a9fd6c82-a3bb-4130-bed6-16114d0b434c,1765505173
922e6ce2-7279-4771-93eb-d14c89041c76,1-539d1362-50f3-438f-a292-a0867f338e18,1765501531
922e6ce2-7279-4771-93eb-d14c89041c76,1-76b4f23e-9ad5-4fee-835f-47fd669b1fb6,1765499027
922e6ce2-7279-4771-93eb-d14c89041c76,1-201ebc69-990b-4036-aa5c-b457eeb890af,1765424867
922e6ce2-7279-4771-93eb-d14c89041c76,1-08bfbaeb-492e-40aa-9767-19b9a7cb64b3,1765412567
922e6ce2-7279-4771-93eb-d14c89041c76,1-5bf8d092-d356-4a23-9002-59c484623d85,1765409702
922e6ce2-7279-4771-93eb-d14c89041c76,1-19146979-564c-41be-80a1-37ed16906dfe,1765303486
922e6ce2-7279-4771-93eb-d14c89041c76,1-ece6d220-9c8d-488a-a57c-fde46918c8af,1765263854
922e6ce2-7279-4771-93eb-d14c89041c76,1-287db57d-0498-47fa-8bde-19c4401e47f0,1765261687
922e6ce2-7279-4771-93eb-d14c89041c76,1-56f0d8b2-57f0-4910-aa14-a8557b6cf546,1765258529
922e6ce2-7279-4771-93eb-d14c89041c76,1-fbba40fd-72f7-48d5-b9da-44ca701a3804,1765256130
922e6ce2-7279-4771-93eb-d14c89041c76,1-87aeab4f-4a18-40f1-b3fa-ec693a715247,1765254328
922e6ce2-7279-4771-93eb-d14c89041c76,1-24a026fb-19e3-4ecc-8c5f-240acd6d4e11,1765050529
922e6ce2-7279-4771-93eb-d14c89041c76,1-8406ad9b-5820-4a44-a31f-fed599c4d9df,1765048351
922e6ce2-7279-4771-93eb-d14c89041c76,1-8b871876-c95a-4a2b-9104-456d3ac81aa4,1765045661
922e6ce2-7279-4771-93eb-d14c89041c76,1-8b8caa4d-bb00-4504-a55d-d284c0729d3b,1764967718
922e6ce2-7279-4771-93eb-d14c89041c76,1-7755c9b3-1e7c-40e2-8303-29353e8ec517,1764880913
922e6ce2-7279-4771-93eb-d14c89041c76,1-7948970b-5321-4069-ad50-f042a36864ab,1761681077
922e6ce2-7279-4771-93eb-d14c89041c76,1-22b4061a-21bb-4d81-90da-67d585c47f7a,1761243040
922e6ce2-7279-4771-93eb-d14c89041c76,1-2d3d6995-a1e5-48bc-914f-b72eef7363bc,1761020778
922e6ce2-7279-4771-93eb-d14c89041c76,1-686b4c84-9af6-4aac-93b3-d15a7a9aee62,1759275134
922e6ce2-7279-4771-93eb-d14c89041c76,1-ee6d5328-bed8-4935-8c62-28b891515dd6,1756420370
922e6ce2-7279-4771-93eb-d14c89041c76,1-5eab968e-8520-4d03-860f-cb1abd8dae75,1756350894
922e6ce2-7279-4771-93eb-d14c89041c76,1-b4d1c551-5964-4e2c-bd42-0d15285e110b,1756348406
922e6ce2-7279-4771-93eb-d14c89041c76,1-b176ed1b-792d-4800-8b92-ebd11317ded8,1756343193
922e6ce2-7279-4771-93eb-d14c89041c76,1-e9683849-bf3d-4a2f-8228-29a661fe7c4b,1756053957
922e6ce2-7279-4771-93eb-d14c89041c76,1-779880d7-7e97-4e8c-bc3f-704c9f101b1a,1755727447
922e6ce2-7279-4771-93eb-d14c89041c76,1-690bcefa-89ed-4244-829b-7f7f7beeb274,1755724822
922e6ce2-7279-4771-93eb-d14c89041c76,1-a445a0f5-16d0-4a93-b2ad-e0cc6db85a8c,1755722380
922e6ce2-7279-4771-93eb-d14c89041c76,1-b1a6e584-8fda-45ba-934a-1d0aa49903c6,1755709712
922e6ce2-7279-4771-93eb-d14c89041c76,1-4cedea0a-09a8-432f-abcd-c3ffbb8ccfd3,1755659013
922e6ce2-7279-4771-93eb-d14c89041c76,1-0fd16956-294a-4de0-8c87-041854c48ac8,1755645147
922e6ce2-7279-4771-93eb-d14c89041c76,1-81f2a887-5f19-4512-8b40-86c5e585f67d,1755570838
922e6ce2-7279-4771-93eb-d14c89041c76,1-1aaabb2a-c322-4b8a-ac63-3d27417ae580,1755567674
922e6ce2-7279-4771-93eb-d14c89041c76,1-87284706-c1e0-4599-ab90-99d1262801af,1755553279
922e6ce2-7279-4771-93eb-d14c89041c76,1-e1600424-06bd-4c0f-8dd2-65337e7ee4d1,1712203618
922e6ce2-7279-4771-93eb-d14c89041c76,1-a0696c13-fc97-4afe-9dfa-0de8615b9414,1711402860
922e6ce2-7279-4771-93eb-d14c89041c76,1-6373bb77-f536-4786-b15a-ce1102bab4f2,1711246060
922e6ce2-7279-4771-93eb-d14c89041c76,1-c03e31e2-b76c-40c3-b3a7-039bca50b44e,1710872554
922e6ce2-7279-4771-93eb-d14c89041c76,1-c1505feb-bc3c-47e3-bb2f-501deb1a57ab,1710818007
922e6ce2-7279-4771-93eb-d14c89041c76,1-464b4dde-4485-431f-af37-8e314c73eb37,1710736400
922e6ce2-7279-4771-93eb-d14c89041c76,1-6d2918dd-9c2a-472a-a8eb-c7dacc3904dc,1710712196
922e6ce2-7279-4771-93eb-d14c89041c76,1-d520fc14-2c6b-43f6-ba9c-a66a9f247524,1709938205
99c560e6-662d-4b0c-a48b-b232fa52cb88,1-cad8f085-4559-4b55-bb9d-b716b05ee3fd,1788039732
99c560e6-662d-4b0c-a48b-b232fa52cb88,1-06a91f05-c82e-47e4-a3e4-08e5318e4f74,1788036090
99c560e6-662d-4b0c-a48b-b232fa52cb88,1-64239e53-fac7-428c-b47c-8b319a7d0dc5,1787979715
99c560e6-662d-4b0c-a48b-b232fa52cb88,1-c69b5363-3193-4bb3-bbfb-11f4b0e3f9d5,1787965909
99c560e6-662d-4b0c-a48b-b232fa52cb88,1-35eb8a7a-5765-48ae-bd10-e5f5248bf41b,1787961523
99c560e6-662d-4b0c-a48b-b232fa52cb88,1-36edf56e-505a-4b21-af5e-882e09b31627,1787873319
99c560e6-662d-4b0c-a48b-b232fa52cb88,1-de7ad33d-656b-46d3-b4e7-2b2d58ee9f85,1787851688
99c560e6-662d-4b0c-a48b-b232fa52cb88,1-0f915e2e-aab5-4603-8991-912d75e3da04,1787848981
99c560e6-662d-4b0c-a48b-b232fa52cb88,1-4d6f214d-b812-4d4e-b82c-d4add3e906b7,1787786749
99c560e6-662d-4b0c-a48b-b232fa52cb88,1-633471af-6950-4a9c-8e51-3e4375c32065,1787764476
99c560e6-662d-4b0c-a48b-b232fa52cb88,1-abcb802c-fad4-4f1d-bde2-c1c6b0003bd8,1787710155
99c560e6-662d-4b0c-a48b-b232fa52cb88,1-71c54472-0872-4c8c-8361-7f18b00dbe43,1787701313
99c560e6-662d-4b0c-a48b-b232fa52cb88,1-ba600ed7-d682-4264-9919-a7c6ae018d1f,1787522950
99c560e6-662d-4b0c-a48b-b232fa52cb88,1-50ef15f6-7dd0-4700-9ac8-19127a76b19a,1787520434
99c560e6-662d-4b0c-a48b-b232fa52cb88,1-ff645fb9-3eb3-4fb8-a059-c7066343c3c4,1787518094
99c560e6-662d-4b0c-a48b-b232fa52cb88,1-d00ca1dd-0676-4065-bdac-160fb7fe1477,1787515681
99c560e6-662d-4b0c-a48b-b232fa52cb88,1-e5752ed0-5abf-449b-aa83-0d65e22f2598,1787513063
99c560e6-662d-4b0c-a48b-b232fa52cb88,1-f32ee7d7-93a7-4a7e-ac97-42c2ac2af067,1787439736
99c560e6-662d-4b0c-a48b-b232fa52cb88,1-8aec2e85-e45f-46d5-a8de-f651f3bf6751,1787437835
99c560e6-662d-4b0c-a48b-b232fa52cb88,1-5892e21b-f8bb-4f68-b802-15315258263f,1787434667
99c560e6-662d-4b0c-a48b-b232fa52cb88,1-000a4040-5366-426a-968a-d28f8fa466dc,1787376769
99c560e6-662d-4b0c-a48b-b232fa52cb88,1-b0208987-ef55-4b81-aee6-b7518aebe2fa,1787373936
99c560e6-662d-4b0c-a48b-b232fa52cb88,1-18422a85-9e52-4101-a8f5-a4315e8006e4,1787371458
99c560e6-662d-4b0c-a48b-b232fa52cb88,1-657c6bdd-c826-4cc7-a980-55f931d3f12e,1787367626
99c560e6-662d-4b0c-a48b-b232fa52cb88,1-8ef3cb1a-c336-4608-82bc-955acb95a22f,1787362208
99c560e6-662d-4b0c-a48b-b232fa52cb88,1-4e42aec2-4c33-4504-9d69-a1210866a50f,1787355409
99c560e6-662d-4b0c-a48b-b232fa52cb88,1-d4da3b71-a414-4a19-b79c-f582ba23a082,1787333420
99c560e6-662d-4b0c-a48b-b232fa52cb88,1-fa6f64bf-1177-4f05-9585-6828b7c18600,1787269733
99c560e6-662d-4b0c-a48b-b232fa52cb88,1-99376136-1da9-4930-bf00-eb8695cf4de6,1787181883
99c560e6-662d-4b0c-a48b-b232fa52cb88,1-e6c6b7b2-35a1-493a-a40e-5410788e1ca9,1787158930
99c560e6-662d-4b0c-a48b-b232fa52cb88,1-f9f0b073-67d7-4444-b66c-8851c6723696,1787107863
99c560e6-662d-4b0c-a48b-b232fa52cb88,1-3c2d500e-7bbd-4dcf-961f-283e93bac3cc,1787104869
99c560e6-662d-4b0c-a48b-b232fa52cb88,1-c0a30a1a-97dc-4fcf-8a99-d1c535a12082,1787099833
99c560e6-662d-4b0c-a48b-b232fa52cb88,1-090ef5fc-b5d5-433a-b948-9cc43f64a3df,1787019635
99c560e6-662d-4b0c-a48b-b232fa52cb88,1-d6240447-993b-4266-bf86-d937d86ad411,1787016799
99c560e6-662d-4b0c-a48b-b232fa52cb88,1-b063a147-45ba-45fe-aed5-9c15caab1be1,1787012240
99c560e6-662d-4b0c-a48b-b232fa52cb88,1-9ef3e4b8-77cd-4888-a233-9c1bf8770fd8,1787007094
99c560e6-662d-4b0c-a48b-b232fa52cb88,1-3e0cb7c4-d75a-48bf-9dff-84d1a7667836,1786944679
99c560e6-662d-4b0c-a48b-b232fa52cb88,1-a3686eff-cd1f-431f-8ce1-294d1c8ab1bc,1786941967
99c560e6-662d-4b0c-a48b-b232fa52cb88,1-82c2eb98-913d-478d-b522-67bbcb768e6c,1786938328
99c560e6-662d-4b0c-a48b-b232fa52cb88,1-57ee773f-e4a9-4613-9638-bee8e61ad9ec,1786934922
99c560e6-662d-4b0c-a48b-b232fa52cb88,1-80635824-7aec-485c-a412-ea23be925878,1786923631
99c560e6-662d-4b0c-a48b-b232fa52cb88,1-f264ee0c-8d09-42e6-b04b-69c85a526e8b,1786911223
99c560e6-662d-4b0c-a48b-b232fa52cb88,1-4cda300b-48c1-4293-a6fc-2df7fcfee79b,1786906317
99c560e6-662d-4b0c-a48b-b232fa52cb88,1-0f78f1ac-cf3b-4457-9684-3fac608d52ac,1786903484
99c560e6-662d-4b0c-a48b-b232fa52cb88,1-56efb276-7a5e-4ad8-bf33-5530f3eea36b,1786836440
99c560e6-662d-4b0c-a48b-b232fa52cb88,1-2d01a6c6-1475-4092-90cd-b0fee0428332,1786833996
99c560e6-662d-4b0c-a48b-b232fa52cb88,1-5ab63128-1833-40df-bf88-389ea9b22bd0,1786768742
99c560e6-662d-4b0c-a48b-b232fa52cb88,1-d73a44f0-461b-4c66-b3d2-fdfae2174dd0,1786765544
99c560e6-662d-4b0c-a48b-b232fa52cb88,1-59f8e0bb-c982-4679-b474-a3c0f73744ea,1786762983
99c560e6-662d-4b0c-a48b-b232fa52cb88,1-d2907588-a110-493c-844e-fb8bc5547045,1786748724
99c560e6-662d-4b0c-a48b-b232fa52cb88,1-545cb819-5a0d-49fc-83ff-54248929715f,1786677302
99c560e6-662d-4b0c-a48b-b232fa52cb88,1-6c978d81-86fd-4793-980d-6da85a080748,1786674274
99c560e6-662d-4b0c-a48b-b232fa52cb88,1-27463754-08e4-474f-992d-e7e18746b2ca,1786671261
99c560e6-662d-4b0c-a48b-b232fa52cb88,1-b503250f-f5e3-4e77-bcda-75d3c3fcf33d,1786667977
99c560e6-662d-4b0c-a48b-b232fa52cb88,1-6bda9855-e97c-44a0-a2ff-b13df6d21f48,1786663525
99c560e6-662d-4b0c-a48b-b232fa52cb88,1-0600c9eb-ab17-418a-9d7b-925a7f0c4d08,1786643015
99c560e6-662d-4b0c-a48b-b232fa52cb88,1-26af9a98-9653-4c5f-85d4-2fe14bc773be,1786638909
99c560e6-662d-4b0c-a48b-b232fa52cb88,1-096bbea9-3230-4060-bb70-b6c453f27895,1786588466
99c560e6-662d-4b0c-a48b-b232fa52cb88,1-f168b3b8-e04b-46be-b8fe-f8fe81e7a054,1786585919
99c560e6-662d-4b0c-a48b-b232fa52cb88,1-192c1e76-52de-4d67-b43d-5e543975005f,1786504018
99c560e6-662d-4b0c-a48b-b232fa52cb88,1-8290cc35-b6d7-443d-81ca-e59b785d531f,1786500901
99c560e6-662d-4b0c-a48b-b232fa52cb88,1-afc2a01e-2656-46ee-afb5-c43dd63b57c7,1786498161
99c560e6-662d-4b0c-a48b-b232fa52cb88,1-43bc5b7e-bd58-4173-a0ac-a25aef2a2044,1786490315
99c560e6-662d-4b0c-a48b-b232fa52cb88,1-b6be44ad-f4c0-4268-88be-b6aed3beabad,1786467801
99c560e6-662d-4b0c-a48b-b232fa52cb88,1-56a6f52e-c21e-4f0d-9fd9-d139d7f18191,1786405080
99c560e6-662d-4b0c-a48b-b232fa52cb88,1-87425689-70da-472c-b8a7-def88732a9a0,1786306604
99c560e6-662d-4b0c-a48b-b232fa52cb88,1-b58f3cd8-2116-4e53-9f33-4a94d3a620ac,1786303567
99c560e6-662d-4b0c-a48b-b232fa52cb88,1-ff706aa9-1dd4-49e8-be39-3ed485b95029,1786301327
99c560e6-662d-4b0c-a48b-b232fa52cb88,1-2684ac3e-5767-423e-9e42-96b414b00f76,1786299233
99c560e6-662d-4b0c-a48b-b232fa52cb88,1-6cbe810e-dfc5-4e19-8d19-f8439775e6d6,1786242861
99c560e6-662d-4b0c-a48b-b232fa52cb88,1-b04e6a47-a38a-4d0c-b178-fd68613bee0f,1786240480
99c560e6-662d-4b0c-a48b-b232fa52cb88,1-461d5950-7cdb-4727-8873-e8ee7c2cceb5,1786233520
99c560e6-662d-4b0c-a48b-b232fa52cb88,1-bf08a822-ac97-4b6d-8cea-f93ff0002a45,1786164275
99c560e6-662d-4b0c-a48b-b232fa52cb88,1-c1997be6-69bb-49c0-8d51-10128a8670b0,1786162020
99c560e6-662d-4b0c-a48b-b232fa52cb88,1-d3c374ad-f64d-4be4-9ba5-d837ea2004e7,1786159664
99c560e6-662d-4b0c-a48b-b232fa52cb88,1-bab30a3c-e3b3-4a8c-9ec1-f7c3d3074d20,1786157243
99c560e6-662d-4b0c-a48b-b232fa52cb88,1-5deafa2d-fb1f-4c9a-8be7-ca5c689d2aa5,1786155381
99c560e6-662d-4b0c-a48b-b232fa52cb88,1-a6ec8058-20cd-439e-aa95-6b01168b8e75,1786147107
99c560e6-662d-4b0c-a48b-b232fa52cb88,1-335609c8-3000-4db5-9c59-85f13d5cb55c,1786073394
99c560e6-662d-4b0c-a48b-b232fa52cb88,1-9f5cabdc-0e53-4d22-9b03-45b3c86475c3,1786071294
99c560e6-662d-4b0c-a48b-b232fa52cb88,1-73673eb3-0e22-4654-81ac-c976a81b9481,1786069062
99c560e6-662d-4b0c-a48b-b232fa52cb88,1-6e4ace0f-25da-423e-b3df-eb5c8bc9535e,1786066482
99c560e6-662d-4b0c-a48b-b232fa52cb88,1-61705934-2c47-4f12-86b7-a31b6d065a7f,1786058628
99c560e6-662d-4b0c-a48b-b232fa52cb88,1-8fede02f-7ee2-4303-bfc9-564872dce163,1786033951
99c560e6-662d-4b0c-a48b-b232fa52cb88,1-449bf88b-04e7-4776-ac9e-34c494fd0ae4,1785973708
99c560e6-662d-4b0c-a48b-b232fa52cb88,1-666d6b39-4098-48a1-8851-641758788143,1785971103
99c560e6-662d-4b0c-a48b-b232fa52cb88,1-cce2e41b-f15c-4299-b1a1-ef09b7f76ce1,1785806408
99c560e6-662d-4b0c-a48b-b232fa52cb88,1-2bc95098-2cd1-4c64-b112-0f7a4b75f10a,1785727949
99c560e6-662d-4b0c-a48b-b232fa52cb88,1-a93b30ef-2da5-4455-91b9-46a3387f8b9f,1785725248
99c560e6-662d-4b0c-a48b-b232fa52cb88,1-ab125b6d-53f0-4b5d-8f04-f8049b13f1c0,1785722476
99c560e6-662d-4b0c-a48b-b232fa52cb88,1-fd85aa74-df19-426a-9a67-ed2da98d3263,1785459605
99c560e6-662d-4b0c-a48b-b232fa52cb88,1-4aa96cb1-fbda-4bf0-827b-e1a25cd9a319,1785455942
99c560e6-662d-4b0c-a48b-b232fa52cb88,1-063caaf6-e25f-45a8-a14f-e20f037818b9,1785431934
99c560e6-662d-4b0c-a48b-b232fa52cb88,1-596fdca1-f0e8-4fb2-9887-ad7d23216297,1785380556
99c560e6-662d-4b0c-a48b-b232fa52cb88,1-45830e6f-da2f-4f19-ad9c-cde198b6e603,1785377870
99c560e6-662d-4b0c-a48b-b232fa52cb88,1-71d594c8-793c-4ced-b5b1-a94e45342df0,1785294380
99c560e6-662d-4b0c-a48b-b232fa52cb88,1-7a8b01dd-56e6-44b1-9b22-24d223f071c3,1785291861
99c560e6-662d-4b0c-a48b-b232fa52cb88,1-c2064980-1eb2-4e66-8fdf-3af1c0ed4b87,1785288794
99c560e6-662d-4b0c-a48b-b232fa52cb88,1-90d449fd-e0d0-4e57-a8c1-69ee397531b4,1785282355
99c560e6-662d-4b0c-a48b-b232fa52cb88,1-b02c4ea1-053e-4775-a2b1-b3c6f8a283cc,1785210336
99c560e6-662d-4b0c-a48b-b232fa52cb88,1-17af48f4-9436-4809-aac8-69b59bccf4bf,1785208027
99c560e6-662d-4b0c-a48b-b232fa52cb88,1-1105c1b2-2ccd-4309-a9c6-d1f66b24774b,1785205342
99c560e6-662d-4b0c-a48b-b232fa52cb88,1-c9bd104f-71f0-4458-8b28-6d150c2df10d,1785202993
99c560e6-662d-4b0c-a48b-b232fa52cb88,1-d0ff7eed-37c9-447e-b86c-7818afe8cb01,1785119814
99c560e6-662d-4b0c-a48b-b232fa52cb88,1-609f2b9e-2c63-454c-aebb-56e3529788e8,1785108577
99c560e6-662d-4b0c-a48b-b232fa52cb88,1-da4892dd-78b5-4ca5-acd9-edccfe705592,1785105856
99c560e6-662d-4b0c-a48b-b232fa52cb88,1-51fcf27d-7754-4290-9a53-89b8c1c8f2b4,1785099847
99c560e6-662d-4b0c-a48b-b232fa52cb88,1-ce7c4723-fc5e-4d11-b257-e89c814b118b,1785097137
99c560e6-662d-4b0c-a48b-b232fa52cb88,1-0e623404-9783-4c2f-a6f1-b16749f1b0b5,1785094603
99c560e6-662d-4b0c-a48b-b232fa52cb88,1-cb9952c0-e02b-45e3-a04c-2bd0163b61f0,1785091838
99c560e6-662d-4b0c-a48b-b232fa52cb88,1-3acdc288-8ebf-4040-ba93-36ec7d614e85,1785089865
99c560e6-662d-4b0c-a48b-b232fa52cb88,1-2e8f7101-cbfa-45ed-9e4f-7fa352d6a71c,1784956236
99c560e6-662d-4b0c-a48b-b232fa52cb88,1-aba1b7a6-5611-4d13-b40e-cb6917d14159,1784948278
99c560e6-662d-4b0c-a48b-b232fa52cb88,1-6a1e5536-590f-496e-b24b-02c5cf8b8994,1784944770
99c560e6-662d-4b0c-a48b-b232fa52cb88,1-de96bacc-0380-4e10-b866-8b0241dd8c13,1784914648
99c560e6-662d-4b0c-a48b-b232fa52cb88,1-68f66dc3-f991-4c7b-ae73-da3937441986,1784912034
99c560e6-662d-4b0c-a48b-b232fa52cb88,1-40f9ce03-a573-48a7-ac6e-1f71a7fa83bc,1784779870
99c560e6-662d-4b0c-a48b-b232fa52cb88,1-d98038ec-508b-49d7-a86f-48bca72b853d,1784777005
99c560e6-662d-4b0c-a48b-b232fa52cb88,1-c2f62a3c-b4ab-4721-a024-67d46626a439,1784308985
99c560e6-662d-4b0c-a48b-b232fa52cb88,1-1638dc3a-6cc4-49b5-b3d0-e1c7c9a2f21f,1784259189
99c560e6-662d-4b0c-a48b-b232fa52cb88,1-74ae544c-cd27-401c-9d6c-2f745a064a41,1784257087
99c560e6-662d-4b0c-a48b-b232fa52cb88,1-78182523-279e-49cb-88c1-64e13f8e5ed6,1784086700
99c560e6-662d-4b0c-a48b-b232fa52cb88,1-dc518002-43a3-49ce-a678-ffab52d43d47,1784084546
99c560e6-662d-4b0c-a48b-b232fa52cb88,1-d9f6df3f-6f69-495c-8f6f-37f6317fceda,1784081720
99c560e6-662d-4b0c-a48b-b232fa52cb88,1-3f67abb1-578b-4bc8-8bea-0f1f6b494ad4,1783999418
99c560e6-662d-4b0c-a48b-b232fa52cb88,1-f4835fc0-1b31-4b7e-9dec-cf20d7e6b6e7,1783995822
99c560e6-662d-4b0c-a48b-b232fa52cb88,1-ea5ccee9-f087-4cff-8bf6-8460e784f6b1,1783387052
99c560e6-662d-4b0c-a48b-b232fa52cb88,1-5e660c63-8fd5-403a-8c90-070b015bcab4,1783280974
99c560e6-662d-4b0c-a48b-b232fa52cb88,1-1e431e41-bafe-4519-8f90-8e10352caa29,1783278057
99c560e6-662d-4b0c-a48b-b232fa52cb88,1-7e20ed80-ca7a-4ef6-91ed-878b71e074da,1783275587
99c560e6-662d-4b0c-a48b-b232fa52cb88,1-15fb2785-2861-42fd-8325-a58c8c8d01ec,1783143118
99c560e6-662d-4b0c-a48b-b232fa52cb88,1-9e45f708-d71d-489d-b61f-94e53e6872c6,1783140335
99c560e6-662d-4b0c-a48b-b232fa52cb88,1-0d8192e9-ac94-4fc4-9d51-8eae6f347d24,1783136714
99c560e6-662d-4b0c-a48b-b232fa52cb88,1-09f96c6a-fe6c-4105-a2c7-3f525849b5be,1783133155
99c560e6-662d-4b0c-a48b-b232fa52cb88,1-ad40c6b0-376b-4377-b923-e27d407bae4b,1782872382
99c560e6-662d-4b0c-a48b-b232fa52cb88,1-952a25fc-8e57-4ce9-8ade-3f30e23f9674,1782869816
99c560e6-662d-4b0c-a48b-b232fa52cb88,1-1d6c1210-3d34-4660-b16e-916f816c4777,1782792987
99c560e6-662d-4b0c-a48b-b232fa52cb88,1-432e191e-e4c4-4066-9f3a-cff5a4594faf,1782788092
99c560e6-662d-4b0c-a48b-b232fa52cb88,1-f34b84d8-14c4-49ff-b284-891d03a293f8,1782785373
99c560e6-662d-4b0c-a48b-b232fa52cb88,1-76a70a3d-8544-4ece-bdb5-e8d9f3e5d372,1782541570
99c560e6-662d-4b0c-a48b-b232fa52cb88,1-d20091cf-e75b-4461-a0a3-91f2dcdc9a68,1782538524
99c560e6-662d-4b0c-a48b-b232fa52cb88,1-415f9250-bbe4-4497-98c2-03bcaa9525f9,1782536466
99c560e6-662d-4b0c-a48b-b232fa52cb88,1-5124e6b9-941f-4464-a743-70976e01423c,1782446969
99c560e6-662d-4b0c-a48b-b232fa52cb88,1-1970b5f4-cc03-44c6-bb0e-ee8d465f595b,1782443844
99c560e6-662d-4b0c-a48b-b232fa52cb88,1-daea6530-a641-46d2-883f-4294f2f4da6e,1782441355
99c560e6-662d-4b0c-a48b-b232fa52cb88,1-8648f2a1-8b1c-4a4a-84e2-15e0168208d1,1782438795
99c560e6-662d-4b0c-a48b-b232fa52cb88,1-42060785-e7b9-4bb6-aad9-7ff8756e1bc2,1782269618
99c560e6-662d-4b0c-a48b-b232fa52cb88,1-99317f81-b2bf-43e7-9bf9-957f8a9643f1,1782266748
99c560e6-662d-4b0c-a48b-b232fa52cb88,1-8c74be19-21d4-4c88-91bf-d0e7b3dc80e2,1782184038
99c560e6-662d-4b0c-a48b-b232fa52cb88,1-612097d1-1dd1-4301-a29f-86308e82af37,1782181522
99c560e6-662d-4b0c-a48b-b232fa52cb88,1-ac75bdb7-bd3e-4a74-9e3e-8c83b7fe83c6,1782179833
99c560e6-662d-4b0c-a48b-b232fa52cb88,1-09b44161-aab5-4710-b542-5cdca12355f2,1782099638
99c560e6-662d-4b0c-a48b-b232fa52cb88,1-49c3c7b6-b427-4d64-9913-9ecfc12259bd,1782094629
99c560e6-662d-4b0c-a48b-b232fa52cb88,1-5200eab0-0f2e-4126-89f7-ac27a218d736,1782084662
99c560e6-662d-4b0c-a48b-b232fa52cb88,1-994e1b2f-c2ac-4b8f-ab75-28b975d981c7,1781929577
99c560e6-662d-4b0c-a48b-b232fa52cb88,1-702eec87-8c2c-4a05-8ecb-2103a59f5743,1781926445
99c560e6-662d-4b0c-a48b-b232fa52cb88,1-8edc12c7-a3f7-46bc-9f68-7523270a1885,1781825380
99c560e6-662d-4b0c-a48b-b232fa52cb88,1-15c1334c-53ea-46fc-abf4-ddd44dcf22a0,1781752403
99c560e6-662d-4b0c-a48b-b232fa52cb88,1-bea0db78-fe73-4f83-be1b-4373dd7a85be,1781750038
99c560e6-662d-4b0c-a48b-b232fa52cb88,1-89b8d32e-81da-44c8-ae78-f212cbe138d8,1781748100
99c560e6-662d-4b0c-a48b-b232fa52cb88,1-9f876da2-8120-4bd5-9306-a683a0953a14,1781557855
99c560e6-662d-4b0c-a48b-b232fa52cb88,1-bc623521-05dc-478b-bef5-bd83e0c43cfa,1781494615
99c560e6-662d-4b0c-a48b-b232fa52cb88,1-2ec91fa7-6a63-4686-8b65-2ade8050a6af,1781481752
99c560e6-662d-4b0c-a48b-b232fa52cb88,1-81ff7982-8732-4dc0-ba59-4fa5ff198821,1781478703
99c560e6-662d-4b0c-a48b-b232fa52cb88,1-0d133366-2c15-496a-b5b3-8e5a606105e2,1781467028
99c560e6-662d-4b0c-a48b-b232fa52cb88,1-785dc440-0a00-4860-b40a-84ddc56859ff,1781463389
99c560e6-662d-4b0c-a48b-b232fa52cb88,1-01e13a18-6c18-4b67-ba09-9465706d0a19,1780864482
99c560e6-662d-4b0c-a48b-b232fa52cb88,1-4b5039be-ef0d-43f7-8e83-839cad684338,1780861739
99c560e6-662d-4b0c-a48b-b232fa52cb88,1-0b6b54c2-881a-42b3-9dc0-db33463acd80,1780859060
99c560e6-662d-4b0c-a48b-b232fa52cb88,1-41b45878-27d6-4666-8398-5a5406b5d5fc,1778636958
99c560e6-662d-4b0c-a48b-b232fa52cb88,1-64e1c4d1-c911-4a16-aa29-14ca75006001,1778553449
99c560e6-662d-4b0c-a48b-b232fa52cb88,1-3b3ace2a-3fc4-44e0-99ed-a8f5dccada3a,1777682355
99c560e6-662d-4b0c-a48b-b232fa52cb88,1-4d5312dc-9c00-4a16-8913-f4cbad5302db,1777678446
99c560e6-662d-4b0c-a48b-b232fa52cb88,1-83a3da5e-0414-41a0-8665-3290633b4de1,1777675447
99c560e6-662d-4b0c-a48b-b232fa52cb88,1-dd29225a-b48b-484d-b1da-1a0d5e92e204,1777514667
99c560e6-662d-4b0c-a48b-b232fa52cb88,1-64ac7014-8b7e-4b32-9e4f-e7165d4b2827,1777433214
99c560e6-662d-4b0c-a48b-b232fa52cb88,1-2fc493ac-f625-432f-a93c-5edaeb87b12d,1777421315
99c560e6-662d-4b0c-a48b-b232fa52cb88,1-747d07bc-8731-4f41-b434-672f38a1cd96,1777343925
99c560e6-662d-4b0c-a48b-b232fa52cb88,1-c33ceb14-a44e-4553-9a57-75ef4bc379f4,1777341144
99c560e6-662d-4b0c-a48b-b232fa52cb88,1-7b7d759e-b537-4c87-939a-1cfc501757d1,1777338925
99c560e6-662d-4b0c-a48b-b232fa52cb88,1-34881834-048c-413e-aa08-9b42e62e9c3f,1777253515
99c560e6-662d-4b0c-a48b-b232fa52cb88,1-78a8c5c1-7cea-47c7-a1d6-c9ee04b25ca7,1777248921
99c560e6-662d-4b0c-a48b-b232fa52cb88,1-af474c48-c773-4edd-9921-d29566ae8252,1777246073
99c560e6-662d-4b0c-a48b-b232fa52cb88,1-dc5204d3-777c-4d10-97eb-0c9df5d6eb62,1777243809
99c560e6-662d-4b0c-a48b-b232fa52cb88,1-e0300ffc-d421-45b6-8eff-50c1e8e36cb9,1777241291
99c560e6-662d-4b0c-a48b-b232fa52cb88,1-f87a107f-b1cc-4323-a27f-1e4aac7eaf7a,1777237512
99c560e6-662d-4b0c-a48b-b232fa52cb88,1-5425943f-9342-431b-820f-4c6d487bdb20,1777235644
99c560e6-662d-4b0c-a48b-b232fa52cb88,1-5e58a106-92fe-4a7f-bc6b-e61206d2be65,1777072935
99c560e6-662d-4b0c-a48b-b232fa52cb88,1-19ba66a9-f7c2-42f4-87d6-8e48ea645b53,1776998237
99c560e6-662d-4b0c-a48b-b232fa52cb88,1-7f914ee9-f444-4420-a18e-ba0f7e6d7392,1776995196
99c560e6-662d-4b0c-a48b-b232fa52cb88,1-d1ba91f0-5c2e-4756-8356-b32fb1a6ae44,1776741474
99c560e6-662d-4b0c-a48b-b232fa52cb88,1-b674a4b2-84c1-4271-a259-fbc0904552b7,1776544748
99c560e6-662d-4b0c-a48b-b232fa52cb88,1-b04881eb-137f-4512-9e89-a1d91bbf369d,1776541723
99c560e6-662d-4b0c-a48b-b232fa52cb88,1-cf98e087-6821-4b35-8b43-32fc867314dc,1776537959
99c560e6-662d-4b0c-a48b-b232fa52cb88,1-f890a379-0f81-4a3c-8c78-ad1245ef3937,1776396855
99c560e6-662d-4b0c-a48b-b232fa52cb88,1-c58f6d9d-fdba-4fe0-8b55-fd9948413cfa,1776393958
99c560e6-662d-4b0c-a48b-b232fa52cb88,1-d58be54d-4df4-486f-91d5-27733d9dafba,1776391080
99c560e6-662d-4b0c-a48b-b232fa52cb88,1-d4f8af60-d0bf-4273-973e-1095b18b0708,1776224945
99c560e6-662d-4b0c-a48b-b232fa52cb88,1-ee120557-256b-468b-b005-c7cc6ce5c0df,1775885627
99c560e6-662d-4b0c-a48b-b232fa52cb88,1-bd2f08c8-0c0b-4f5f-869f-7ba01da1531c,1775882749
99c560e6-662d-4b0c-a48b-b232fa52cb88,1-3c25baa8-c70b-4729-a3cc-bc5864435bb6,1775521193
99c560e6-662d-4b0c-a48b-b232fa52cb88,1-d6ba2308-c234-4dde-91b0-458beacc1d2a,1775517653
99c560e6-662d-4b0c-a48b-b232fa52cb88,1-da0d5fbf-ae79-4b6e-81ff-cb498ec00026,1775433220
99c560e6-662d-4b0c-a48b-b232fa52cb88,1-6ddbfd7f-303b-475f-a72d-6772a3aba1dd,1775421901
99c560e6-662d-4b0c-a48b-b232fa52cb88,1-b7f435ed-8d2b-4bbb-8e69-b92955457384,1775419521
99c560e6-662d-4b0c-a48b-b232fa52cb88,1-8284d3d8-e54c-4bc1-a4d1-7428d6124303,1775417295
99c560e6-662d-4b0c-a48b-b232fa52cb88,1-8af628e0-42d7-41f1-8c29-3eb00372837f,1775413373
99c560e6-662d-4b0c-a48b-b232fa52cb88,1-4b0efe1c-b458-4691-bdd5-93b00da5db01,1775367474
99c560e6-662d-4b0c-a48b-b232fa52cb88,1-79359f92-8769-4080-b074-176605bfb84e,1775364433
99c560e6-662d-4b0c-a48b-b232fa52cb88,1-71b4bd4c-e0f6-48b5-9242-77ce1ca9b072,1775360178
99c560e6-662d-4b0c-a48b-b232fa52cb88,1-c6d7460c-74d9-425b-a18a-a25234e58c6c,1775283055
99c560e6-662d-4b0c-a48b-b232fa52cb88,1-2b7045e7-e746-4562-8df4-53dc6dc17b7e,1775279907
99c560e6-662d-4b0c-a48b-b232fa52cb88,1-6d7af418-16c2-4913-9034-2a7da3d652f6,1775274545
99c560e6-662d-4b0c-a48b-b232fa52cb88,1-c34c689d-89ac-48d0-b9a7-6c6ccb996521,1775272490
99c560e6-662d-4b0c-a48b-b232fa52cb88,1-1bace097-892e-4cd7-b82b-99e665026c67,1775270187
99c560e6-662d-4b0c-a48b-b232fa52cb88,1-a37ae02b-f951-4b56-8d7f-8ca2fa7f4dd4,1775268716
99c560e6-662d-4b0c-a48b-b232fa52cb88,1-3af0fac3-3ea7-424d-9fd7-bc8aec22059d,1775248845
99c560e6-662d-4b0c-a48b-b232fa52cb88,1-30c026ac-b33b-4cde-ab20-4a1ccc837661,1775246777
99c560e6-662d-4b0c-a48b-b232fa52cb88,1-ea8d7714-8f62-46da-8c92-af81516a20cd,1775243925
99c560e6-662d-4b0c-a48b-b232fa52cb88,1-df7a80cb-58aa-47fa-9f1a-b9d30b61f2c1,1775240567
99c560e6-662d-4b0c-a48b-b232fa52cb88,1-2bf6f2ce-6d74-400c-8f18-b9612547ac28,1775169690
99c560e6-662d-4b0c-a48b-b232fa52cb88,1-dbc8973f-2b9c-4df8-a618-bf17c56fdb14,1775166791
99c560e6-662d-4b0c-a48b-b232fa52cb88,1-edb5edfe-74ac-4cde-a1ff-8ab48cba974e,1775163433
99c560e6-662d-4b0c-a48b-b232fa52cb88,1-8ed9f941-1804-4d3f-b0f5-2e2a8596633c,1775161024
99c560e6-662d-4b0c-a48b-b232fa52cb88,1-1eb5f368-dafc-49da-807d-d041dc10dcb3,1775159109
99c560e6-662d-4b0c-a48b-b232fa52cb88,1-c756670e-4c6a-436a-be3e-1abcf8b947ba,1774924805
99c560e6-662d-4b0c-a48b-b232fa52cb88,1-9b7227d8-4edc-4e90-b8d2-b69f07254ab5,1774915619
99c560e6-662d-4b0c-a48b-b232fa52cb88,1-951ec726-3a39-4936-9439-631604cdc1af,1774837315
99c560e6-662d-4b0c-a48b-b232fa52cb88,1-6388c489-1812-409b-8df1-10d6613a0f5e,1774819242
99c560e6-662d-4b0c-a48b-b232fa52cb88,1-8c8e6c28-f282-45da-8f5a-4e550e71fb2b,1774816526
99c560e6-662d-4b0c-a48b-b232fa52cb88,1-36b936f0-36a8-432e-a9aa-239181412847,1774757022
99c560e6-662d-4b0c-a48b-b232fa52cb88,1-34a3644e-a3b3-4f1b-b332-7404c11fda10,1774754369
99c560e6-662d-4b0c-a48b-b232fa52cb88,1-f8a79238-6280-499f-bbeb-e9dffcac71cd,1774733386
99c560e6-662d-4b0c-a48b-b232fa52cb88,1-9b12b865-8318-4a1a-a063-4d3204400cca,1774730296
99c560e6-662d-4b0c-a48b-b232fa52cb88,1-774082b3-5528-4876-87c1-a8047179de12,1774482157
99c560e6-662d-4b0c-a48b-b232fa52cb88,1-094dcef1-dcbd-43f5-b6ad-cdbe885d5ba6,1774480443
99c560e6-662d-4b0c-a48b-b232fa52cb88,1-c8def34e-e915-4fc1-a301-68559066f800,1774406302
99c560e6-662d-4b0c-a48b-b232fa52cb88,1-a84aa6ce-9d34-4966-a947-93fb7611730a,1774387525
99c560e6-662d-4b0c-a48b-b232fa52cb88,1-5653401a-0006-43bb-9874-f8a29072177e,1774384717
99c560e6-662d-4b0c-a48b-b232fa52cb88,1-10d7d753-5706-48d6-926c-bcfbf63f264f,1774377261
99c560e6-662d-4b0c-a48b-b232fa52cb88,1-27f25554-784d-409d-bb61-df3b7ce0d066,1774375238
99c560e6-662d-4b0c-a48b-b232fa52cb88,1-cc15a996-c722-4951-88da-b7dd8953cfc1,1774323511
99c560e6-662d-4b0c-a48b-b232fa52cb88,1-d1172850-5d0c-47a1-af93-7436f1463d7b,1774320944
99c560e6-662d-4b0c-a48b-b232fa52cb88,1-37fe92b0-00cf-4131-8811-b3299737c9ae,1774318566
99c560e6-662d-4b0c-a48b-b232fa52cb88,1-72a1e91b-369e-4089-bd66-f513b3935d2b,1774315875
99c560e6-662d-4b0c-a48b-b232fa52cb88,1-41eb4685-dbfe-421a-aec9-0c65b6bf52ae,1774298184
99c560e6-662d-4b0c-a48b-b232fa52cb88,1-5f06213e-511c-41b3-aa3a-080993eefb6a,1774296236
99c560e6-662d-4b0c-a48b-b232fa52cb88,1-33ca2a08-c471-46d8-8e48-6ba1f6f0a420,1774292622
99c560e6-662d-4b0c-a48b-b232fa52cb88,1-c4e910e9-0911-4648-b123-d34dbb3a5350,1774222054
99c560e6-662d-4b0c-a48b-b232fa52cb88,1-2949d74c-ec4f-42bf-a457-27eca88b1b23,1774211797
99c560e6-662d-4b0c-a48b-b232fa52cb88,1-14becadd-84cc-4c53-87e5-5da28c3ee309,1774209166
99c560e6-662d-4b0c-a48b-b232fa52cb88,1-1123f508-c55b-4cc2-82c6-0448a64f27e0,1774126334
99c560e6-662d-4b0c-a48b-b232fa52cb88,1-7934f2a1-206a-4fad-a916-18eb389808f6,1774123474
99c560e6-662d-4b0c-a48b-b232fa52cb88,1-cd51cb67-c18f-44b2-8e5c-ba4bb02a48da,1774075359
99c560e6-662d-4b0c-a48b-b232fa52cb88,1-fcd2bffe-5cfe-40f3-a1c3-e6dc811757f1,1774072130
99c560e6-662d-4b0c-a48b-b232fa52cb88,1-55d8d046-f740-415c-899a-c5f647521838,1773969655
99c560e6-662d-4b0c-a48b-b232fa52cb88,1-5b3acd01-c275-43cf-b4b0-66ac6a838ddb,1773967085
99c560e6-662d-4b0c-a48b-b232fa52cb88,1-56ccb28b-0f72-4f95-838a-8299a55a9665,1773880099
99c560e6-662d-4b0c-a48b-b232fa52cb88,1-5781e289-097d-4e6d-92af-6d81510cd80f,1773802997
99c560e6-662d-4b0c-a48b-b232fa52cb88,1-57a0a772-b509-4300-b3d7-57b29e8d7fb3,1773632252
99c560e6-662d-4b0c-a48b-b232fa52cb88,1-34b3785c-f567-497b-9459-208b1cf02abf,1773630119
99c560e6-662d-4b0c-a48b-b232fa52cb88,1-13d0109c-102d-4144-b678-7d9961bf4207,1773549962
99c560e6-662d-4b0c-a48b-b232fa52cb88,1-8ea5ae9f-2f2a-41ee-b694-4a17c2347ac1,1773544852
99c560e6-662d-4b0c-a48b-b232fa52cb88,1-33f84da2-a827-4d6c-805d-12f1964aa7db,1773287099
99c560e6-662d-4b0c-a48b-b232fa52cb88,1-15097ae2-defc-4a0e-a97a-8f1fa6b098e6,1773284807
99c560e6-662d-4b0c-a48b-b232fa52cb88,1-aab7990f-90aa-4877-ae61-1bfe5094fd30,1773279835
99c560e6-662d-4b0c-a48b-b232fa52cb88,1-5cfdbb6f-0844-48d3-9aa5-77f10a00d9ff,1773276328
99c560e6-662d-4b0c-a48b-b232fa52cb88,1-66bc5848-35a0-4493-82bb-7aca595a1410,1773272525
99c560e6-662d-4b0c-a48b-b232fa52cb88,1-93b347f4-2c54-44f0-b234-cb3787cc250f,1773104073
99c560e6-662d-4b0c-a48b-b232fa52cb88,1-c97a7b5e-fc65-42d3-bd0d-c725465469b3,1773101514
99c560e6-662d-4b0c-a48b-b232fa52cb88,1-0362b0e1-7d82-4b20-ade7-92716780f4c7,1773098817
99c560e6-662d-4b0c-a48b-b232fa52cb88,1-3e16641a-d5d3-4202-ab06-1358a28b75a8,1773011968
99c560e6-662d-4b0c-a48b-b232fa52cb88,1-296f3597-9685-4c42-94ac-de1159bcbf4d,1773009084
99c560e6-662d-4b0c-a48b-b232fa52cb88,1-a775ed34-09da-406b-836c-f4c909694fb7,1773006190
99c560e6-662d-4b0c-a48b-b232fa52cb88,1-60dd6be5-310a-46c8-af13-14f25113b5b6,1773002923
99c560e6-662d-4b0c-a48b-b232fa52cb88,1-80aad7f1-69cb-43a0-99c5-2d9a5550a69b,1772926504
99c560e6-662d-4b0c-a48b-b232fa52cb88,1-7705de31-7f4b-4960-bdf9-200bbe4172ce,1772598867
99c560e6-662d-4b0c-a48b-b232fa52cb88,1-ecd3e241-8e4b-41fc-8cea-c40ccd24a16f,1772595249
99c560e6-662d-4b0c-a48b-b232fa52cb88,1-21cf7a39-874f-463a-820e-80f2c6d2a212,1772496682
99c560e6-662d-4b0c-a48b-b232fa52cb88,1-5732091e-c60c-402b-9850-4233afd87a8f,1772403936
99c560e6-662d-4b0c-a48b-b232fa52cb88,1-f6ac9ff3-f403-4eb6-9b8b-e65d933b7958,1772401126
99c560e6-662d-4b0c-a48b-b232fa52cb88,1-180cf4f3-7168-4c70-a303-041b3024102d,1771559712
99c560e6-662d-4b0c-a48b-b232fa52cb88,1-5060cb03-dce8-477a-a1ae-7dd05ba66105,1771557039
99c560e6-662d-4b0c-a48b-b232fa52cb88,1-d22a9dbb-10ec-43d9-a4ba-7cdcc1a8af55,1771473345
99c560e6-662d-4b0c-a48b-b232fa52cb88,1-e40c1a46-8be4-4df1-96ce-33fa1a525ee4,1771469999
99c560e6-662d-4b0c-a48b-b232fa52cb88,1-5ce52ccc-dc7f-4cb4-baaa-fbaeec886a44,1771372532
99c560e6-662d-4b0c-a48b-b232fa52cb88,1-074e542c-55b2-4229-9edf-c76f445f1dbd,1771221675
99c560e6-662d-4b0c-a48b-b232fa52cb88,1-978ea33b-9d94-472b-b135-6eea6ddb14be,1771199172
99c560e6-662d-4b0c-a48b-b232fa52cb88,1-6f62f713-9222-46fa-be30-2aa8333cc6cc,1770864325
99c560e6-662d-4b0c-a48b-b232fa52cb88,1-5d556b1b-8f39-4c34-a842-908cc8a41ffe,1770861496
99c560e6-662d-4b0c-a48b-b232fa52cb88,1-76421907-0b37-4dd5-ad2f-0a49fb74e4b3,1770589082
99c560e6-662d-4b0c-a48b-b232fa52cb88,1-6f0a6973-5d60-44ea-8e41-aa3d400d5363,1770585955
99c560e6-662d-4b0c-a48b-b232fa52cb88,1-2266dc7c-7bdf-4255-b644-fc7befa8737d,1770584520
99c560e6-662d-4b0c-a48b-b232fa52cb88,1-c0958691-7de0-45b7-8514-0840b9e70d17,1769976406
99c560e6-662d-4b0c-a48b-b232fa52cb88,1-2ce0b38d-9bff-45a2-9ec4-dd6345a51d0d,1769888798
99c560e6-662d-4b0c-a48b-b232fa52cb88,1-8142fd56-0d65-4807-9958-b07079267b6c,1769886578
99c560e6-662d-4b0c-a48b-b232fa52cb88,1-9c98a349-84eb-4a3e-b9e5-79336fed8466,1768534161
99c560e6-662d-4b0c-a48b-b232fa52cb88,1-fe7fafc3-591d-40e8-b133-5bdf639b2e5b,1768271148
99c560e6-662d-4b0c-a48b-b232fa52cb88,1-e4a404b8-1707-4fad-ac7f-11badb50120b,1768116664
99c560e6-662d-4b0c-a48b-b232fa52cb88,1-0051d484-9ea6-4cc4-b0a8-101e8ca58f41,1768113356
99c560e6-662d-4b0c-a48b-b232fa52cb88,1-be45c27d-2fdb-4bef-8c38-f8e14349352a,1768110778
99c560e6-662d-4b0c-a48b-b232fa52cb88,1-3e03c82f-9a56-43b6-9d8a-6b1d020c4cb1,1768092182
99c560e6-662d-4b0c-a48b-b232fa52cb88,1-6a000bce-8bfc-4b3c-be45-a39d2afefad2,1768088452
99c560e6-662d-4b0c-a48b-b232fa52cb88,1-623ea137-3b80-4b44-a6a5-547c45dbe19c,1768082915
99c560e6-662d-4b0c-a48b-b232fa52cb88,1-34df62a3-2341-44c5-98f0-ee162665a215,1768080324
99c560e6-662d-4b0c-a48b-b232fa52cb88,1-0cf14743-def0-4847-a07a-57c4f2a9c49a,1768022576
99c560e6-662d-4b0c-a48b-b232fa52cb88,1-85405255-d869-46fb-a482-9cedaf6049e9,1767745065
99c560e6-662d-4b0c-a48b-b232fa52cb88,1-dd74d195-10d8-4c31-82cc-41f7109ff9f9,1767670049
99c560e6-662d-4b0c-a48b-b232fa52cb88,1-0efbfbdb-b1bc-4412-a38e-370fedfaa837,1767667337
99c560e6-662d-4b0c-a48b-b232fa52cb88,1-c7319764-484b-467c-9ea5-2801d150e529,1767660201
99c560e6-662d-4b0c-a48b-b232fa52cb88,1-2cb462e3-5307-42bc-9ca6-5e9cb07853df,1767656726
99c560e6-662d-4b0c-a48b-b232fa52cb88,1-b2445f88-b647-4dc0-8df9-b9852941eb5d,1767508236
99c560e6-662d-4b0c-a48b-b232fa52cb88,1-8b32b0b4-a881-4ee9-ac10-fbdeb0414c6e,1767505755
99c560e6-662d-4b0c-a48b-b232fa52cb88,1-1b91eced-8243-401c-9940-3c2c5ae333ae,1757385254
99c560e6-662d-4b0c-a48b-b232fa52cb88,1-4b9e35de-174e-4327-8cfe-70c0e345858f,1757378788
99c560e6-662d-4b0c-a48b-b232fa52cb88,1-a8149f12-93ee-4a90-904b-5c89cf2f42c5,1757292836
99c560e6-662d-4b0c-a48b-b232fa52cb88,1-631ff389-b28f-40ae-960d-0256f122da7d,1757289869
99c560e6-662d-4b0c-a48b-b232fa52cb88,1-002be38c-e468-4d2b-a72b-cb7b7c8dcbfc,1750403830
99c560e6-662d-4b0c-a48b-b232fa52cb88,1-f6138671-e625-4d41-8632-1535c8243058,1750400908
99c560e6-662d-4b0c-a48b-b232fa52cb88,1-b0f5a5a3-8db9-4cba-ab20-2daab370d9d1,1750397719
99c560e6-662d-4b0c-a48b-b232fa52cb88,1-ea9586fe-9142-4caa-8fce-0b6af6b9886e,1750394812
99c560e6-662d-4b0c-a48b-b232fa52cb88,1-9ccd6345-5cc7-4cec-b8f6-d684da70ad9c,1750392324
99c560e6-662d-4b0c-a48b-b232fa52cb88,1-dcea5ee2-d217-400b-bcf0-df8cb6f106c6,1750125285
99c560e6-662d-4b0c-a48b-b232fa52cb88,1-338d159f-ef0c-4547-ac64-2a05973744a1,1750108730
99c560e6-662d-4b0c-a48b-b232fa52cb88,1-1c7b7916-3e92-4a09-80b1-555ccb5aef38,1750094493
99c560e6-662d-4b0c-a48b-b232fa52cb88,1-158a87e7-48dc-40d0-b3e3-db2a190cd192,1750047047
99c560e6-662d-4b0c-a48b-b232fa52cb88,1-0aba4957-4b50-493b-accd-e08a71d422c9,1750041163
99c560e6-662d-4b0c-a48b-b232fa52cb88,1-2f7fc673-589f-4f7f-9dde-ee0b4d7de57b,1749276656
99c560e6-662d-4b0c-a48b-b232fa52cb88,1-cdd26e55-859c-4367-afc5-4e490630c7a4,1749274250
99c560e6-662d-4b0c-a48b-b232fa52cb88,1-ea7b6dc2-ee5f-48fc-87e2-029d2c6dac18,1749270040
99c560e6-662d-4b0c-a48b-b232fa52cb88,1-19f5fa8d-f06a-4fdc-a305-8f9fb57dbb28,1748757028
99c560e6-662d-4b0c-a48b-b232fa52cb88,1-0c401591-94f7-4cf4-af87-4719c32fa524,1723433940
99c560e6-662d-4b0c-a48b-b232fa52cb88,1-3858bda4-d535-45ee-beac-9d9b57dcf140,1723430662
99c560e6-662d-4b0c-a48b-b232fa52cb88,1-82128dec-36b7-4d0b-9620-f67396a6774a,1723428078
99c560e6-662d-4b0c-a48b-b232fa52cb88,1-314f0fa5-bf52-444c-b574-45d1fa7c1671,1723409800
99c560e6-662d-4b0c-a48b-b232fa52cb88,1-b4e5a6b6-30f1-4103-83dc-a43ad3158e55,1723407398
99c560e6-662d-4b0c-a48b-b232fa52cb88,1-0b420cbf-b361-4a5e-a8f3-f5b13fa1f5f9,1723262738
99c560e6-662d-4b0c-a48b-b232fa52cb88,1-363d4126-abca-445e-9ecd-c8c545251a7a,1723259681
99c560e6-662d-4b0c-a48b-b232fa52cb88,1-97633a41-c8c5-478d-be72-4f8d2e9264b2,1722823732
99c560e6-662d-4b0c-a48b-b232fa52cb88,1-8e129a99-0dbf-4beb-a294-ed56c3085d63,1722820964
99c560e6-662d-4b0c-a48b-b232fa52cb88,1-f264e0b8-d821-4a36-b9ae-1377ecae78c4,1722744417
99c560e6-662d-4b0c-a48b-b232fa52cb88,1-d8a68c70-424f-4bf3-96c8-8d7f7956325c,1722726045
99c560e6-662d-4b0c-a48b-b232fa52cb88,1-e0b43885-8c31-4d07-9bd5-dafbba6c2b42,1722724307
99c560e6-662d-4b0c-a48b-b232fa52cb88,1-0de54b28-31ea-490a-b4a8-70cb684fea54,1721874750
99c560e6-662d-4b0c-a48b-b232fa52cb88,1-cd877b82-f11d-4dfe-a9cd-ab6e7d6c636b,1721604639
99c560e6-662d-4b0c-a48b-b232fa52cb88,1-6a6f1e7d-38f8-4e62-a0aa-fe12235a273b,1721453792
99c560e6-662d-4b0c-a48b-b232fa52cb88,1-48d0ac26-2df9-44cd-a8d2-9bbf20756e72,1721450869
99c560e6-662d-4b0c-a48b-b232fa52cb88,1-43f009b1-344c-4cad-b303-004ae610cd67,1721409210
99c560e6-662d-4b0c-a48b-b232fa52cb88,1-207bc31c-c28f-4d8b-947b-41700cd0c7b9,1721186374
99c560e6-662d-4b0c-a48b-b232fa52cb88,1-a22bb970-5d37-428e-9500-6557d64f2c79,1721183784
99c560e6-662d-4b0c-a48b-b232fa52cb88,1-775d5f1b-dba9-488d-88d4-b0cb5575f7b8,1721095345
99c560e6-662d-4b0c-a48b-b232fa52cb88,1-e4b5045c-60ee-4ab3-b935-3d20a8ffa7e8,1720998852
99c560e6-662d-4b0c-a48b-b232fa52cb88,1-ce3e7419-e339-42bc-8cd0-0ea1f4d7ceb6,1720996698
99c560e6-662d-4b0c-a48b-b232fa52cb88,1-ea6b6480-98c1-4d4e-ba9d-ffb998501844,1720981115
99c560e6-662d-4b0c-a48b-b232fa52cb88,1-a0b76cab-30a6-434b-9186-160ec462c6a3,1720910540
99c560e6-662d-4b0c-a48b-b232fa52cb88,1-7c7460fe-87c8-42bb-bbc3-c11c5912d508,1720904322
99c560e6-662d-4b0c-a48b-b232fa52cb88,1-b99797db-7831-478b-a075-387f37f9bc9c,1720901517
99c560e6-662d-4b0c-a48b-b232fa52cb88,1-56116808-1853-4ae4-8321-a10849f47254,1720844866
99c560e6-662d-4b0c-a48b-b232fa52cb88,1-e866e53d-4d9d-4d02-9a2c-0b263c3fe30c,1720841046
99c560e6-662d-4b0c-a48b-b232fa52cb88,1-e70306ad-5a86-4e95-bf51-cd4d6eb646bf,1720237539
99c560e6-662d-4b0c-a48b-b232fa52cb88,1-87132e26-5a22-4404-bfa1-59db5ecfd395,1720235078
99c560e6-662d-4b0c-a48b-b232fa52cb88,1-cc35fb01-a834-4b28-a255-46309bdf8cfb,1719802099
99c560e6-662d-4b0c-a48b-b232fa52cb88,1-b6f19925-7ff9-4b63-9197-ba47876cd922,1719447130
99c560e6-662d-4b0c-a48b-b232fa52cb88,1-e587b938-6bc4-46e4-8f97-d87b43556a07,1719441247
99c560e6-662d-4b0c-a48b-b232fa52cb88,1-f58681aa-5ffe-49f8-bad0-14f512997b75,1719196781
99c560e6-662d-4b0c-a48b-b232fa52cb88,1-24f985ff-abd0-491e-b44b-0694cf740984,1719180759
99c560e6-662d-4b0c-a48b-b232fa52cb88,1-027177c9-45b6-4c0c-8e48-0018bc8a9784,1719178256
99c560e6-662d-4b0c-a48b-b232fa52cb88,1-1103565f-2bc7-4cf7-bbd6-60c5e5df0542,1719096460
99c560e6-662d-4b0c-a48b-b232fa52cb88,1-f6282d7b-868a-4088-b147-e8030f07250b,1719086615
99c560e6-662d-4b0c-a48b-b232fa52cb88,1-6bc30ede-dc31-4703-a34d-ac9ed1376cf6,1719083655
99c560e6-662d-4b0c-a48b-b232fa52cb88,1-d4303cf4-f789-4abb-97e5-ef8586cb6dd4,1718421823
99c560e6-662d-4b0c-a48b-b232fa52cb88,1-a6cc30fc-ca15-4a13-ac2b-c55824fd1d94,1718419735
99c560e6-662d-4b0c-a48b-b232fa52cb88,1-e25cfcf5-2de3-4efa-9ada-fee4512405e0,1717990667
99c560e6-662d-4b0c-a48b-b232fa52cb88,1-fa9f94e0-d64e-4bed-aae2-8d5510056d9d,1717986948
99c560e6-662d-4b0c-a48b-b232fa52cb88,1-d9e7b0aa-3cd6-46c8-95d6-39828976bf8e,1717972796
99c560e6-662d-4b0c-a48b-b232fa52cb88,1-ee411945-b9d8-4d79-bf4d-d85347d16f05,1717969786
99c560e6-662d-4b0c-a48b-b232fa52cb88,1-43b918de-ccee-4963-9833-c3a32d0f56b8,1717914062
99c560e6-662d-4b0c-a48b-b232fa52cb88,1-0d477ea2-17ac-4cbf-a1f3-10ae4e5e46ea,1717910950
99c560e6-662d-4b0c-a48b-b232fa52cb88,1-94490750-a0d9-400c-a7d6-1b8a149f1e4b,1717906965
99c560e6-662d-4b0c-a48b-b232fa52cb88,1-e023dbcf-5f99-4070-a9d0-ca6931950b93,1717554015
99c560e6-662d-4b0c-a48b-b232fa52cb88,1-6f5f4ac5-3f0b-46b4-9d7b-1ac4993f325b,1717468993
99c560e6-662d-4b0c-a48b-b232fa52cb88,1-3f4fe3fb-4aa8-4981-9d3a-bc6819632a77,1717368316
99c560e6-662d-4b0c-a48b-b232fa52cb88,1-dee469a5-3df8-41bc-a042-de6da2f49410,1717297475
99c560e6-662d-4b0c-a48b-b232fa52cb88,1-42cd8f6c-5f7a-4fe3-a5f4-a77538687efc,1717295059
99c560e6-662d-4b0c-a48b-b232fa52cb88,1-876f28a8-d140-4a32-8fba-42cc0cb892f5,1716418817
99c560e6-662d-4b0c-a48b-b232fa52cb88,1-8c48b348-b19d-4c5b-943a-e486d681fee9,1716170735
99c560e6-662d-4b0c-a48b-b232fa52cb88,1-9c2042c2-cdb9-43a3-8886-a9ca645c5fdb,1716167690
99c560e6-662d-4b0c-a48b-b232fa52cb88,1-b9eea1f3-7a7a-4aa7-a769-167bbd58cae4,1716064551
99c560e6-662d-4b0c-a48b-b232fa52cb88,1-93514652-2a1e-49c5-9e2c-209e05dd3ef1,1715987845
99c560e6-662d-4b0c-a48b-b232fa52cb88,1-dfee58b9-9586-49a7-b587-cbdb422106b6,1715569804
99c560e6-662d-4b0c-a48b-b232fa52cb88,1-25c6b97b-88dc-4984-8edc-8e3d449d9ac9,1715556635
99c560e6-662d-4b0c-a48b-b232fa52cb88,1-271e7105-2455-4eeb-991a-7a930118d6ff,1715548944
99c560e6-662d-4b0c-a48b-b232fa52cb88,1-b40c3aec-6413-410c-8b86-7f36fb345053,1715477458
99c560e6-662d-4b0c-a48b-b232fa52cb88,1-954e0de8-e425-4668-a8b5-a9803072d805,1715466590
99c560e6-662d-4b0c-a48b-b232fa52cb88,1-ca3a5b0c-64c7-4973-aa6b-347780b7813a,1715464156
99c560e6-662d-4b0c-a48b-b232fa52cb88,1-f497336f-a4ec-4a57-adb9-b004c27e1c44,1715407672
99c560e6-662d-4b0c-a48b-b232fa52cb88,1-27425850-ea55-4dd2-b032-dde0b3cf13f8,1715405117
99c560e6-662d-4b0c-a48b-b232fa52cb88,1-ae3d837f-e4e9-41e4-b22a-fbf1ee8e072f,1715380730
99c560e6-662d-4b0c-a48b-b232fa52cb88,1-1b385e98-db98-4a42-8769-bed37178891a,1715378021
99c560e6-662d-4b0c-a48b-b232fa52cb88,1-1731109e-c669-464c-b442-83b746c77512,1715299615
99c560e6-662d-4b0c-a48b-b232fa52cb88,1-f33cca3d-0105-47ae-9eab-b570122edf93,1715297059
99c560e6-662d-4b0c-a48b-b232fa52cb88,1-dbf98fea-c054-43fe-a89e-a6f419d56384,1715213517
99c560e6-662d-4b0c-a48b-b232fa52cb88,1-0e387f03-16de-41b0-813d-16e109d1747d,1715047266
99c560e6-662d-4b0c-a48b-b232fa52cb88,1-90ed5a69-80c6-4214-954a-bda654e844d4,1714882215
99c560e6-662d-4b0c-a48b-b232fa52cb88,1-fe659cf2-a1ed-4360-b00e-3bb4f1692986,1714879885
99c560e6-662d-4b0c-a48b-b232fa52cb88,1-83864aca-1965-4e09-9f28-97aa443322cc,1714347708
99c560e6-662d-4b0c-a48b-b232fa52cb88,1-408ba6dd-b65a-4257-b805-85fa5f6acd7a,1714252973
99c560e6-662d-4b0c-a48b-b232fa52cb88,1-6c4988f4-5578-47ea-9a8e-01ef38e0e099,1714250487
99c560e6-662d-4b0c-a48b-b232fa52cb88,1-13a874ca-099a-410c-9c89-6ae67c7410a1,1714248393
99c560e6-662d-4b0c-a48b-b232fa52cb88,1-1100089b-15e0-473c-818d-4b1d46ac7e5e,1714153622
99c560e6-662d-4b0c-a48b-b232fa52cb88,1-8f9d3dd3-2172-4837-ae09-2be2cd951eb3,1714150343
99c560e6-662d-4b0c-a48b-b232fa52cb88,1-d69e7c64-1738-45b5-86a3-da211ca88a97,1714086248
99c560e6-662d-4b0c-a48b-b232fa52cb88,1-50bb5333-ef5d-4e79-af53-1e5737cfb2e3,1714065198
99c560e6-662d-4b0c-a48b-b232fa52cb88,1-b5e678c6-0ac4-4367-9bbf-851b664df16d,1714004743
99c560e6-662d-4b0c-a48b-b232fa52cb88,1-6a9d1335-dbf4-44af-a750-4063d3caef7f,1714001700
99c560e6-662d-4b0c-a48b-b232fa52cb88,1-01d0f9d3-731c-4ad9-b4f8-13c9bf8d7c8f,1713928176
99c560e6-662d-4b0c-a48b-b232fa52cb88,1-9b9ab231-c4db-4de2-b0fd-20c593ff2cd6,1713920050
99c560e6-662d-4b0c-a48b-b232fa52cb88,1-6b9ecf8a-747a-45dd-adad-475b016cf7f2,1713839697
99c560e6-662d-4b0c-a48b-b232fa52cb88,1-5a8881c4-cece-4f14-a0d7-29068d179dd0,1713587623
99c560e6-662d-4b0c-a48b-b232fa52cb88,1-ec7db2c8-350f-49a7-a9b9-09ff3deaa988,1713583189
99c560e6-662d-4b0c-a48b-b232fa52cb88,1-62d4c5c1-169c-476d-9120-a01500d5c27e,1713494386
99c560e6-662d-4b0c-a48b-b232fa52cb88,1-17ef696b-8c8f-4a7b-af6d-a074ec0af596,1713410030
99c560e6-662d-4b0c-a48b-b232fa52cb88,1-4156fd5c-fb34-401c-ad60-619fe7438370,1713138112
99c560e6-662d-4b0c-a48b-b232fa52cb88,1-ce31ae5a-5e29-48b5-a74f-b9575f6c9e72,1713127828
99c560e6-662d-4b0c-a48b-b232fa52cb88,1-7800eac1-7b5d-4218-9521-62424cc62d1a,1712975870
99c560e6-662d-4b0c-a48b-b232fa52cb88,1-1488a2f6-638a-4b6b-8046-012285816bf7,1712703829
99c560e6-662d-4b0c-a48b-b232fa52cb88,1-73013d0f-d120-444f-a235-43321faf4a11,1712631961
99c560e6-662d-4b0c-a48b-b232fa52cb88,1-e9e8c29b-24e2-4250-8104-61416151dbe6,1712628522
99c560e6-662d-4b0c-a48b-b232fa52cb88,1-0aa368de-7c0b-4803-815c-dea4102d96ca,1712626027
99c560e6-662d-4b0c-a48b-b232fa52cb88,1-73c4bb51-d1ed-4063-8b94-b074d0f68f17,1712440094
99c560e6-662d-4b0c-a48b-b232fa52cb88,1-93521885-b559-40b6-ae83-c1b8fa62cd71,1712197900
99c560e6-662d-4b0c-a48b-b232fa52cb88,1-b75401f2-75f3-445b-b715-fb139049c9c1,1712102241
99c560e6-662d-4b0c-a48b-b232fa52cb88,1-58235279-f86c-4df4-86f5-432f3a32912f,1712087944
99c560e6-662d-4b0c-a48b-b232fa52cb88,1-c5f5cebb-7d83-4d8f-b67c-b628c1050b73,1712085315
99c560e6-662d-4b0c-a48b-b232fa52cb88,1-6b01f262-e99e-4050-8515-341f04efa25a,1711941838
99c560e6-662d-4b0c-a48b-b232fa52cb88,1-0fad2141-264a-46b2-814f-52c28c2d04bd,1711939467
99c560e6-662d-4b0c-a48b-b232fa52cb88,1-7d476610-ca00-415c-b491-4d3849f5f0f0,1711929028
99c560e6-662d-4b0c-a48b-b232fa52cb88,1-dc15db00-f511-4425-bd7c-d1e9d35a73e9,1711828349
99c560e6-662d-4b0c-a48b-b232fa52cb88,1-675b9c46-9ccb-4be5-8d59-969356709de5,1711770820
99c560e6-662d-4b0c-a48b-b232fa52cb88,1-a1386557-7fa9-4099-96ca-2c151eb4b373,1711766971
99c560e6-662d-4b0c-a48b-b232fa52cb88,1-6e47c5ae-1b2f-48d0-a478-97afc5b04e63,1711508944
99c560e6-662d-4b0c-a48b-b232fa52cb88,1-c4484f17-7204-4393-9911-81c48bf996a0,1711422615
99c560e6-662d-4b0c-a48b-b232fa52cb88,1-5b92a472-3631-47cb-885f-7789152fbd4b,1711419714
99c560e6-662d-4b0c-a48b-b232fa52cb88,1-d792f41a-dfc1-4a98-9536-d4d4dd16d2bd,1711335683
99c560e6-662d-4b0c-a48b-b232fa52cb88,1-8bdb69e7-272f-433b-990b-73c84a8522dc,1711326328
99c560e6-662d-4b0c-a48b-b232fa52cb88,1-69059559-d1b0-4070-8703-22b3598a79bb,1711237168
99c560e6-662d-4b0c-a48b-b232fa52cb88,1-47786c1e-41c0-4bdb-aee5-6c9fedfa4aec,1711233703
99c560e6-662d-4b0c-a48b-b232fa52cb88,1-7d193a74-9a47-4bed-82c7-f72ea4101869,1711177260
99c560e6-662d-4b0c-a48b-b232fa52cb88,1-2396af90-151e-4a82-a234-5c3bd85bee0e,1711174940
99c560e6-662d-4b0c-a48b-b232fa52cb88,1-6be8a645-86d5-44f9-a6af-56a1dbcd0dc0,1711075901
99c560e6-662d-4b0c-a48b-b232fa52cb88,1-dcfbed01-35d4-4728-a674-03527fb0be74,1711065732
99c560e6-662d-4b0c-a48b-b232fa52cb88,1-f4eacac5-89e8-48e0-b909-c7cce65d23b7,1710815215
99c560e6-662d-4b0c-a48b-b232fa52cb88,1-84ca0cf9-bacc-4904-b56f-7112e49feb75,1710558653
99c560e6-662d-4b0c-a48b-b232fa52cb88,1-106287c9-1ad5-4e1a-a709-f1b4ffde768a,1710210542
99c560e6-662d-4b0c-a48b-b232fa52cb88,1-b2759049-1f21-4f37-9a66-159640302a5b,1710123161
99c560e6-662d-4b0c-a48b-b232fa52cb88,1-50c9f655-8732-4dc8-8233-b4aa17ad42f7,1710022326
99c560e6-662d-4b0c-a48b-b232fa52cb88,1-939e18b9-2995-4119-b31a-36ddc567077a,1710019322
99c560e6-662d-4b0c-a48b-b232fa52cb88,1-8463e998-94d8-4bc2-a7e7-c86899d56e0d,1710015381
99c560e6-662d-4b0c-a48b-b232fa52cb88,1-cf87c8db-1569-4bb8-abd7-46caa943f089,1709861951
99c560e6-662d-4b0c-a48b-b232fa52cb88,1-772663ec-a98e-445e-9f24-2780554f7c95,1709766562
99c560e6-662d-4b0c-a48b-b232fa52cb88,1-28595bae-06d9-4ec4-9143-c2417d8ec71d,1709684248
99c560e6-662d-4b0c-a48b-b232fa52cb88,1-6ceab050-6289-459a-8e0d-e1773b057da5,1709682282
99c560e6-662d-4b0c-a48b-b232fa52cb88,1-326a03ba-91a3-46a3-9d35-885ec998cb36,1709606294
99c560e6-662d-4b0c-a48b-b232fa52cb88,1-18cd349c-bdca-4021-a44f-bc7eef7378ce,1709595448
99c560e6-662d-4b0c-a48b-b232fa52cb88,1-163782df-553a-44dd-b96e-dda5f169b13a,1709518852
99c560e6-662d-4b0c-a48b-b232fa52cb88,1-ff4e4a13-c23d-44e5-9f31-1799e17aa5b4,1696456724
99c560e6-662d-4b0c-a48b-b232fa52cb88,1-a778321c-830c-406b-9d41-8538da6ae941,1696375532
99c560e6-662d-4b0c-a48b-b232fa52cb88,1-a8e160bb-c164-4542-bca4-34c085c25df6,1696373056
99c560e6-662d-4b0c-a48b-b232fa52cb88,1-7b11c127-a610-461b-919f-994872fb8620,1696370389
99c560e6-662d-4b0c-a48b-b232fa52cb88,1-c488ab43-5396-4254-b6e7-f1ea09e31f73,1696368724
3b3b0662-0a3a-418c-9734-2f2051b049fc,1-ba600ed7-d682-4264-9919-a7c6ae018d1f,1787522950
3b3b0662-0a3a-418c-9734-2f2051b049fc,1-50ef15f6-7dd0-4700-9ac8-19127a76b19a,1787520434
3b3b0662-0a3a-418c-9734-2f2051b049fc,1-ff645fb9-3eb3-4fb8-a059-c7066343c3c4,1787518094
3b3b0662-0a3a-418c-9734-2f2051b049fc,1-d00ca1dd-0676-4065-bdac-160fb7fe1477,1787515681
3b3b0662-0a3a-418c-9734-2f2051b049fc,1-e5752ed0-5abf-449b-aa83-0d65e22f2598,1787513063
3b3b0662-0a3a-418c-9734-2f2051b049fc,1-f32ee7d7-93a7-4a7e-ac97-42c2ac2af067,1787439736
3b3b0662-0a3a-418c-9734-2f2051b049fc,1-8aec2e85-e45f-46d5-a8de-f651f3bf6751,1787437835
3b3b0662-0a3a-418c-9734-2f2051b049fc,1-5892e21b-f8bb-4f68-b802-15315258263f,1787434667
3b3b0662-0a3a-418c-9734-2f2051b049fc,1-000a4040-5366-426a-968a-d28f8fa466dc,1787376769
3b3b0662-0a3a-418c-9734-2f2051b049fc,1-b0208987-ef55-4b81-aee6-b7518aebe2fa,1787373936
3b3b0662-0a3a-418c-9734-2f2051b049fc,1-18422a85-9e52-4101-a8f5-a4315e8006e4,1787371458
3b3b0662-0a3a-418c-9734-2f2051b049fc,1-657c6bdd-c826-4cc7-a980-55f931d3f12e,1787367626
3b3b0662-0a3a-418c-9734-2f2051b049fc,1-f9f0b073-67d7-4444-b66c-8851c6723696,1787107863
3b3b0662-0a3a-418c-9734-2f2051b049fc,1-3c2d500e-7bbd-4dcf-961f-283e93bac3cc,1787104869
3b3b0662-0a3a-418c-9734-2f2051b049fc,1-3e0cb7c4-d75a-48bf-9dff-84d1a7667836,1786944679
3b3b0662-0a3a-418c-9734-2f2051b049fc,1-a3686eff-cd1f-431f-8ce1-294d1c8ab1bc,1786941967
3b3b0662-0a3a-418c-9734-2f2051b049fc,1-82c2eb98-913d-478d-b522-67bbcb768e6c,1786938328
3b3b0662-0a3a-418c-9734-2f2051b049fc,1-c6cc558e-a1c5-4a28-8798-1d005ac9d2a2,1786330032
3b3b0662-0a3a-418c-9734-2f2051b049fc,1-d0013127-fba3-4bbe-a01b-ece8b3b712b1,1786327897
3b3b0662-0a3a-418c-9734-2f2051b049fc,1-09ce02d6-836e-45bf-a619-8c3294e4ef32,1786318860
3b3b0662-0a3a-418c-9734-2f2051b049fc,1-4ad7bd66-b608-4f4d-b3bf-1c8c567dafff,1786316357
3b3b0662-0a3a-418c-9734-2f2051b049fc,1-48b0d32c-207a-40ee-ab0f-144928aa1500,1786313231
3b3b0662-0a3a-418c-9734-2f2051b049fc,1-079e9cf7-c9de-4f85-88d0-6cae3fe6c931,1786310304
3b3b0662-0a3a-418c-9734-2f2051b049fc,1-87425689-70da-472c-b8a7-def88732a9a0,1786306604
3b3b0662-0a3a-418c-9734-2f2051b049fc,1-b58f3cd8-2116-4e53-9f33-4a94d3a620ac,1786303567
3b3b0662-0a3a-418c-9734-2f2051b049fc,1-ff706aa9-1dd4-49e8-be39-3ed485b95029,1786301327
3b3b0662-0a3a-418c-9734-2f2051b049fc,1-2684ac3e-5767-423e-9e42-96b414b00f76,1786299233
3b3b0662-0a3a-418c-9734-2f2051b049fc,1-2bc95098-2cd1-4c64-b112-0f7a4b75f10a,1785727949
3b3b0662-0a3a-418c-9734-2f2051b049fc,1-a93b30ef-2da5-4455-91b9-46a3387f8b9f,1785725248
3b3b0662-0a3a-418c-9734-2f2051b049fc,1-ab125b6d-53f0-4b5d-8f04-f8049b13f1c0,1785722476
3b3b0662-0a3a-418c-9734-2f2051b049fc,1-2a235593-5d6a-49fd-85d7-ddace665289a,1785702837
3b3b0662-0a3a-418c-9734-2f2051b049fc,1-8ff9d783-33df-42b4-b7c9-75ea1447fe86,1785700998
3b3b0662-0a3a-418c-9734-2f2051b049fc,1-bfa3e313-ab37-437a-baf9-1d0aebc8a447,1785698312
3b3b0662-0a3a-418c-9734-2f2051b049fc,1-609f2b9e-2c63-454c-aebb-56e3529788e8,1785108577
3b3b0662-0a3a-418c-9734-2f2051b049fc,1-da4892dd-78b5-4ca5-acd9-edccfe705592,1785105856
3b3b0662-0a3a-418c-9734-2f2051b049fc,1-51fcf27d-7754-4290-9a53-89b8c1c8f2b4,1785099847
3b3b0662-0a3a-418c-9734-2f2051b049fc,1-ce7c4723-fc5e-4d11-b257-e89c814b118b,1785097137
3b3b0662-0a3a-418c-9734-2f2051b049fc,1-2e8f7101-cbfa-45ed-9e4f-7fa352d6a71c,1784956236
3b3b0662-0a3a-418c-9734-2f2051b049fc,1-56aebeff-2a0e-4e7c-8703-00937fcc33a8,1784952374
3b3b0662-0a3a-418c-9734-2f2051b049fc,1-aba1b7a6-5611-4d13-b40e-cb6917d14159,1784948278
3b3b0662-0a3a-418c-9734-2f2051b049fc,1-6a1e5536-590f-496e-b24b-02c5cf8b8994,1784944770
3b3b0662-0a3a-418c-9734-2f2051b049fc,1-f9a060b8-5f67-4bf9-bff4-a78931c69add,1777673125
3b3b0662-0a3a-418c-9734-2f2051b049fc,1-1ea3cb73-fef2-4fcb-9a0e-e850e6238751,1777670446
3b3b0662-0a3a-418c-9734-2f2051b049fc,1-d1ea7c7e-f6f6-4beb-88b2-8b7dec75bda7,1777666981
3b3b0662-0a3a-418c-9734-2f2051b049fc,1-753b8e1b-df24-4d7b-a711-79753c9db0be,1777662874
3b3b0662-0a3a-418c-9734-2f2051b049fc,1-54c5f6e5-312a-486b-8847-94aa0a142741,1777660289
3b3b0662-0a3a-418c-9734-2f2051b049fc,1-f4ce0ad7-1847-4336-ab4b-2064737582eb,1777658061
3b3b0662-0a3a-418c-9734-2f2051b049fc,1-6e56daa8-d4ec-4787-b6ce-a1bfb2209539,1777611922
3b3b0662-0a3a-418c-9734-2f2051b049fc,1-5f2b71db-fca0-4e7d-b15f-99aa6e2425b4,1777609229
3b3b0662-0a3a-418c-9734-2f2051b049fc,1-ffcac222-5fa2-4e2d-b6c2-804f3bde52b7,1777606084
3b3b0662-0a3a-418c-9734-2f2051b049fc,1-8b9b6333-aa8c-4605-8185-6cbaf7b8b060,1777603735
3b3b0662-0a3a-418c-9734-2f2051b049fc,1-160c5aa8-e439-4d14-9f11-ff29e566e5f9,1776652642
3b3b0662-0a3a-418c-9734-2f2051b049fc,1-e9f1ff9c-a7d4-474a-8854-dc0a964fc849,1776650123
3b3b0662-0a3a-418c-9734-2f2051b049fc,1-891a491d-9852-46b0-95f2-9c3d30289cd5,1776640377
3b3b0662-0a3a-418c-9734-2f2051b049fc,1-03e7e4e6-9e44-4fee-a51a-884b479a8375,1776636237
3b3b0662-0a3a-418c-9734-2f2051b049fc,1-9794ec85-087b-4479-8765-a96f47db42fe,1775979421
3b3b0662-0a3a-418c-9734-2f2051b049fc,1-7fbdd69e-f316-459d-9433-6c3311996166,1775977309
3b3b0662-0a3a-418c-9734-2f2051b049fc,1-099e24e7-251d-420d-8fa6-34f011020e3b,1775975310
3b3b0662-0a3a-418c-9734-2f2051b049fc,1-64355f22-5a75-4a60-8bff-0060a831f755,1775971721
3b3b0662-0a3a-418c-9734-2f2051b049fc,1-d6bfacbf-7db0-4092-87d9-f3ba33886fc7,1775969300
3b3b0662-0a3a-418c-9734-2f2051b049fc,1-eba8c46d-e63e-4cf1-96c8-50fc534d4274,1775967136
3b3b0662-0a3a-418c-9734-2f2051b049fc,1-d0c3e858-713e-4d6d-8398-2907abee0469,1775964484
3b3b0662-0a3a-418c-9734-2f2051b049fc,1-40d0d945-b9a8-4a15-b6b8-fafa2b318de0,1768159073
3b3b0662-0a3a-418c-9734-2f2051b049fc,1-3d7f7447-d4d4-432b-a1cb-0b54dd87fd4c,1767466854
3b3b0662-0a3a-418c-9734-2f2051b049fc,1-79a82bff-b5a7-4f44-b7df-9735da5e9f4e,1767464583
3b3b0662-0a3a-418c-9734-2f2051b049fc,1-8d96bad8-4f02-4891-a851-3d7968276dca,1767462675
3b3b0662-0a3a-418c-9734-2f2051b049fc,1-f902666f-4068-4dd5-8cfb-2001fd37a781,1765607022
3b3b0662-0a3a-418c-9734-2f2051b049fc,1-0490df5a-f018-4f5b-9e61-3cb13d27272d,1765605437
3b3b0662-0a3a-418c-9734-2f2051b049fc,1-f6320510-eba1-43da-aeff-c0a063d08bb0,1765602692
3b3b0662-0a3a-418c-9734-2f2051b049fc,1-9915e0c2-4974-4664-912b-12635a48d584,1765598583
3b3b0662-0a3a-418c-9734-2f2051b049fc,1-2d7e223f-17a8-4a55-8826-8ee3ebcb9024,1765596185
3b3b0662-0a3a-418c-9734-2f2051b049fc,1-638c0a1e-89ee-4ca2-91a8-3d842da52126,1765594577
3b3b0662-0a3a-418c-9734-2f2051b049fc,1-831ec6b1-ebc5-4f47-99d2-3c61497dc6cc,1762398311
3b3b0662-0a3a-418c-9734-2f2051b049fc,1-51e9955b-5fe7-422b-88bd-32e4ccb0b21f,1762396036
3b3b0662-0a3a-418c-9734-2f2051b049fc,1-b1b4db3d-dc9f-45b4-abe1-f4fe320581e9,1761364821
3b3b0662-0a3a-418c-9734-2f2051b049fc,1-f100307e-117f-4f7d-85d4-65bf8cf67a62,1755745254
3b3b0662-0a3a-418c-9734-2f2051b049fc,1-21a65bc4-66d2-4634-bfd5-6af6eafbe500,1754018338
3b3b0662-0a3a-418c-9734-2f2051b049fc,1-63cec35a-9d4c-413b-b5fe-1cc9b4d17f58,1754014942
3b3b0662-0a3a-418c-9734-2f2051b049fc,1-20a2f77e-01d5-4abd-b316-43d57d7812f6,1753674670
3b3b0662-0a3a-418c-9734-2f2051b049fc,1-bd986748-7ca9-4739-8f37-446494f03a17,1753592554
3b3b0662-0a3a-418c-9734-2f2051b049fc,1-1ef9c60f-6921-4c2f-9043-4ddd29ecc2e5,1753590027
3b3b0662-0a3a-418c-9734-2f2051b049fc,1-78928835-db95-48b2-b762-ac8a1fb75601,1752912144
3b3b0662-0a3a-418c-9734-2f2051b049fc,1-e5c4077d-5919-40ed-b249-05c9e1f69544,1752910008
3b3b0662-0a3a-418c-9734-2f2051b049fc,1-c251b0f9-225e-4033-9afd-04f2dafc3878,1752906413
3b3b0662-0a3a-418c-9734-2f2051b049fc,1-fca58894-76c4-4e34-b9e5-e1ea003e4e4a,1752903946
3b3b0662-0a3a-418c-9734-2f2051b049fc,1-7b9bea55-9478-44c8-a62f-01d4f5ace5a6,1752899437
3b3b0662-0a3a-418c-9734-2f2051b049fc,1-0d559341-7bfb-40df-a8fa-ac013009c634,1752897222
3b3b0662-0a3a-418c-9734-2f2051b049fc,1-fa095f67-703b-4a3a-a0ba-78fefe433304,1752894927
3b3b0662-0a3a-418c-9734-2f2051b049fc,1-127c6aee-dfa2-47dc-8ec1-4002d48303dd,1752818432
3b3b0662-0a3a-418c-9734-2f2051b049fc,1-d90789e7-0e17-4863-bac7-25f71c059b8d,1752620898
3b3b0662-0a3a-418c-9734-2f2051b049fc,1-f13a8405-dc36-4f47-9aca-ae4d64363de7,1752612818
3b3b0662-0a3a-418c-9734-2f2051b049fc,1-e84d6c05-fb17-42ae-b2fd-8614ee662d53,1752355538
3b3b0662-0a3a-418c-9734-2f2051b049fc,1-b2f74798-da6c-4921-921d-574dd1ee9e11,1752351829
3b3b0662-0a3a-418c-9734-2f2051b049fc,1-740833f4-6502-49b4-af5e-4f92fa03aac3,1752310300
3b3b0662-0a3a-418c-9734-2f2051b049fc,1-cd684f00-5bba-4534-8fcd-c694ac3a772e,1752307296
3b3b0662-0a3a-418c-9734-2f2051b049fc,1-085fce09-6e4c-4290-9396-d0177a69d05b,1752211799
3b3b0662-0a3a-418c-9734-2f2051b049fc,1-af09cb44-7f2b-44d7-99df-bf31a13a2de6,1752209016
3b3b0662-0a3a-418c-9734-2f2051b049fc,1-8e91fb87-1154-4af7-b4e9-a1acf1e726d1,1752206789
3b3b0662-0a3a-418c-9734-2f2051b049fc,1-5715793f-6cee-49c6-8fa6-ad6474599655,1752102682
3b3b0662-0a3a-418c-9734-2f2051b049fc,1-4f2b7d82-303f-4b5f-b44c-bc15a72ef09a,1752099722
3b3b0662-0a3a-418c-9734-2f2051b049fc,1-020cd7ee-674c-456f-9064-d4eb8554e9b6,1752044201
3b3b0662-0a3a-418c-9734-2f2051b049fc,1-c1b7262c-8cf7-4aac-848d-7e9171665114,1752041239
3b3b0662-0a3a-418c-9734-2f2051b049fc,1-7d9fc3c2-963b-452a-8a64-bbfaa1a8fcfc,1752038728
3b3b0662-0a3a-418c-9734-2f2051b049fc,1-59205372-74c6-4f93-8d54-86bc253c56c5,1752036147
3b3b0662-0a3a-418c-9734-2f2051b049fc,1-7110c2d3-2133-4cf8-9683-ac0d8921498e,1752033719
3b3b0662-0a3a-418c-9734-2f2051b049fc,1-cd4879dc-dcdb-4407-91a3-2c2994d353e7,1752030645
3b3b0662-0a3a-418c-9734-2f2051b049fc,1-9c546e47-9c92-48fb-8d55-6aed292319a8,1752027452
3b3b0662-0a3a-418c-9734-2f2051b049fc,1-5bfb1b99-a7d1-43c4-a7a1-97d2450eb471,1751932923
3b3b0662-0a3a-418c-9734-2f2051b049fc,1-66421305-a788-450b-98f8-90d1d7816b02,1751930566
3b3b0662-0a3a-418c-9734-2f2051b049fc,1-0946a8a6-b250-4a54-9e17-4865593f42eb,1751928425
3b3b0662-0a3a-418c-9734-2f2051b049fc,1-557031ab-8a9e-4e70-b091-5b91434188e2,1751862847
3b3b0662-0a3a-418c-9734-2f2051b049fc,1-866e0a7e-acbb-428b-9fd9-acebe5d57f18,1751859139
3b3b0662-0a3a-418c-9734-2f2051b049fc,1-15ee0bf0-62fc-49bf-8633-b9c746bc09aa,1751856898
3b3b0662-0a3a-418c-9734-2f2051b049fc,1-3f8ba78a-bd25-4bd1-b24e-9458dab00fb9,1751853310
3b3b0662-0a3a-418c-9734-2f2051b049fc,1-c708385c-22a0-472a-b463-6769bd23eaa5,1751849176
3b3b0662-0a3a-418c-9734-2f2051b049fc,1-241574f6-af76-4201-974d-ac6bed0b3834,1751847871
3b3b0662-0a3a-418c-9734-2f2051b049fc,1-ee13b8b2-cf60-4031-bb74-4dec0e1060a9,1751845501
3b3b0662-0a3a-418c-9734-2f2051b049fc,1-1f0881cd-fbc0-414d-bb22-1d48071fad30,1751842347
3b3b0662-0a3a-418c-9734-2f2051b049fc,1-5516af2b-8cc6-42f8-82ce-ba9a18316d07,1751839526
3b3b0662-0a3a-418c-9734-2f2051b049fc,1-dc13598f-6341-4712-9689-847603ff48b5,1751837715
3b3b0662-0a3a-418c-9734-2f2051b049fc,1-b9996e58-d5b5-45b3-8716-e1e46bbf9527,1751834955
3b3b0662-0a3a-418c-9734-2f2051b049fc,1-9001431a-8c7c-4717-b0e0-e50bc1ce5688,1751513899
3b3b0662-0a3a-418c-9734-2f2051b049fc,1-f8bd9358-9b00-47a2-aacf-73674521179b,1751510724
3b3b0662-0a3a-418c-9734-2f2051b049fc,1-e307c059-604e-4cdc-864e-a484ae2e8a7f,1751497835
3b3b0662-0a3a-418c-9734-2f2051b049fc,1-329a8163-f294-4b10-9b03-0d75948c34d1,1751493643
3b3b0662-0a3a-418c-9734-2f2051b049fc,1-ac956235-9476-467d-a164-99aa6674b669,1751491354
3b3b0662-0a3a-418c-9734-2f2051b049fc,1-ef0721db-3ffb-4640-82d1-7389b8f447a9,1751488997
3b3b0662-0a3a-418c-9734-2f2051b049fc,1-0d763745-4163-4e42-b8f8-7e859aac4192,1751485482
3b3b0662-0a3a-418c-9734-2f2051b049fc,1-1950cf67-85b2-426b-a50b-aed328ee77b0,1751144848
3b3b0662-0a3a-418c-9734-2f2051b049fc,1-09cdd48f-273b-4ec5-90f1-a53b7947934d,1751080772
3b3b0662-0a3a-418c-9734-2f2051b049fc,1-c41913bc-330c-4f6d-966e-a1d3ae909ba1,1751078285
3b3b0662-0a3a-418c-9734-2f2051b049fc,1-1d440f12-92a4-4ab7-8973-7b3a702101da,1751067407
3b3b0662-0a3a-418c-9734-2f2051b049fc,1-c434c952-043f-4b78-b457-5e4153148050,1751064906
3b3b0662-0a3a-418c-9734-2f2051b049fc,1-9a4fa3d0-2b81-4398-a174-6130c608ede8,1751061163
3b3b0662-0a3a-418c-9734-2f2051b049fc,1-f5acbdb4-961b-48e3-b0a6-0c12e765cca0,1750975041
3b3b0662-0a3a-418c-9734-2f2051b049fc,1-63f3b1ca-ea1b-42dc-a2e1-edca04164f59,1750973273
3b3b0662-0a3a-418c-9734-2f2051b049fc,1-d2593e51-cea1-498b-aa47-5db5d16027d2,1750891265
3b3b0662-0a3a-418c-9734-2f2051b049fc,1-5d370bcb-5d9f-49c2-8f20-3713bed0dbce,1750875767
3b3b0662-0a3a-418c-9734-2f2051b049fc,1-2088f0b0-4bb7-406b-899c-36a5b5b0d4a3,1750873118
3b3b0662-0a3a-418c-9734-2f2051b049fc,1-7e105c2a-b2f1-4e06-934e-a907c4bd9204,1750871280
3b3b0662-0a3a-418c-9734-2f2051b049fc,1-5d87e311-7d04-4118-af5c-6f07df09b324,1750572723
3b3b0662-0a3a-418c-9734-2f2051b049fc,1-37d6db5e-6f82-4e74-a84a-0ecb0d401bea,1750570906
3b3b0662-0a3a-418c-9734-2f2051b049fc,1-14ec4eb2-a370-4253-8cae-31c698e2994c,1750565717
3b3b0662-0a3a-418c-9734-2f2051b049fc,1-16425a6d-bcc9-4556-9d2d-28ac86472581,1750562826
3b3b0662-0a3a-418c-9734-2f2051b049fc,1-aa6806d5-dca5-429b-bc50-c0f64f194df1,1750560874
3b3b0662-0a3a-418c-9734-2f2051b049fc,1-807712c8-36af-4e57-a21d-f2547f024526,1749559520
3b3b0662-0a3a-418c-9734-2f2051b049fc,1-f4483a8e-c561-49dd-a50a-9279fdef3845,1748196414
3b3b0662-0a3a-418c-9734-2f2051b049fc,1-8a25d746-4b8a-4c02-8781-b8f0480c9c4d,1748193990
3b3b0662-0a3a-418c-9734-2f2051b049fc,1-985b3094-2ca4-4298-a275-92712bce0860,1748189065
3b3b0662-0a3a-418c-9734-2f2051b049fc,1-94a2fda0-8b02-47ca-b17e-22e8a3096f64,1746848582
3b3b0662-0a3a-418c-9734-2f2051b049fc,1-446a8237-b5e4-4227-9879-6714a655707a,1746844296
3b3b0662-0a3a-418c-9734-2f2051b049fc,1-a5e40ed2-6af9-4302-9572-07a958fb48a0,1746823268
3b3b0662-0a3a-418c-9734-2f2051b049fc,1-7ab270fb-7139-4ae9-b7e0-0aa8cc8bbff3,1746818398
3b3b0662-0a3a-418c-9734-2f2051b049fc,1-777814bd-f85f-4d0a-ab4c-a1c0f19386b8,1746811325
3b3b0662-0a3a-418c-9734-2f2051b049fc,1-3431d851-9e17-4155-824c-c683aa23afbe,1746634016
3b3b0662-0a3a-418c-9734-2f2051b049fc,1-a71518f3-6ca1-4f41-96c1-0004095b2979,1746631488
3b3b0662-0a3a-418c-9734-2f2051b049fc,1-40f19a46-b0e4-4615-9d67-765c69a27d48,1746629382
3b3b0662-0a3a-418c-9734-2f2051b049fc,1-459f459f-4589-4a50-aed8-b107ed8793f0,1746475768
3b3b0662-0a3a-418c-9734-2f2051b049fc,1-4bbafeec-3797-4727-998d-ee1e4e305bd5,1746052611
3b3b0662-0a3a-418c-9734-2f2051b049fc,1-21d714e1-84cb-4f45-b8c0-dcffbf4719b3,1745968707
3b3b0662-0a3a-418c-9734-2f2051b049fc,1-72080de2-e637-4215-a827-cd78d52fb15b,1745963473
3b3b0662-0a3a-418c-9734-2f2051b049fc,1-29a605e9-3f27-4642-be62-c82ff81bdd7c,1745881592
3b3b0662-0a3a-418c-9734-2f2051b049fc,1-b33e37cf-6d2c-484b-afb1-217f95162df3,1745876947
3b3b0662-0a3a-418c-9734-2f2051b049fc,1-f96e307b-907e-40af-86b2-900ce34db328,1745777012
3b3b0662-0a3a-418c-9734-2f2051b049fc,1-84b7b8ac-eca5-449d-b06d-30f821752d68,1745773756
3b3b0662-0a3a-418c-9734-2f2051b049fc,1-8b8f5418-48cb-42d1-b22a-b41f9588091e,1745739985
3b3b0662-0a3a-418c-9734-2f2051b049fc,1-44236de4-3e06-4367-a40c-c4aaf391455c,1745737388
3b3b0662-0a3a-418c-9734-2f2051b049fc,1-fead91ae-7d39-494c-b095-1b5183435662,1745734883
3b3b0662-0a3a-418c-9734-2f2051b049fc,1-a1e16d21-fa64-463a-8eee-e81e1b319b91,1745732661
3b3b0662-0a3a-418c-9734-2f2051b049fc,1-cdc9a225-a306-4290-8efb-14562aacead6,1745730328
3b3b0662-0a3a-418c-9734-2f2051b049fc,1-968a1823-34b3-424a-8339-6f4c176efb49,1745727499
3b3b0662-0a3a-418c-9734-2f2051b049fc,1-d247f286-72fa-4fa1-9d75-44a65f3cd209,1745724624
3b3b0662-0a3a-418c-9734-2f2051b049fc,1-bc379199-3628-4fe0-9694-2819fa2fce1a,1745722634
3b3b0662-0a3a-418c-9734-2f2051b049fc,1-75928ced-c37c-4217-91cd-2c2a3f26124b,1745616585
3b3b0662-0a3a-418c-9734-2f2051b049fc,1-88411b8e-0b57-42a2-9f0e-72ccc17aee1d,1745613547
3b3b0662-0a3a-418c-9734-2f2051b049fc,1-e68ad6b4-50cd-43e4-8b38-655d2aecf77d,1745611523
3b3b0662-0a3a-418c-9734-2f2051b049fc,1-3b0e9138-5988-42bd-886c-0b088636f685,1745608809
3b3b0662-0a3a-418c-9734-2f2051b049fc,1-be4548f9-8741-4da6-b211-932d0f7e2f28,1745551055
3b3b0662-0a3a-418c-9734-2f2051b049fc,1-5d2e4e13-23ba-4d00-afbb-67801849c3e0,1745548996
3b3b0662-0a3a-418c-9734-2f2051b049fc,1-2c630f51-9fa5-4550-acca-31c59ecfd1b3,1745531133
3b3b0662-0a3a-418c-9734-2f2051b049fc,1-5312ca2d-be1b-4bfe-92ed-374becb9ef03,1745528198
3b3b0662-0a3a-418c-9734-2f2051b049fc,1-a87c1f34-05c5-44b0-8a9e-233524b4dd74,1745526320
3b3b0662-0a3a-418c-9734-2f2051b049fc,1-93bc6cca-d581-4809-8fe0-064570091b43,1745459567
3b3b0662-0a3a-418c-9734-2f2051b049fc,1-8f2eef41-cb04-48bb-8e9c-d895e5a88e8c,1745452925
3b3b0662-0a3a-418c-9734-2f2051b049fc,1-6356cc92-a47a-4ba5-86d3-7bc0907afa2d,1745449625
3b3b0662-0a3a-418c-9734-2f2051b049fc,1-8eac5a45-cc59-4b15-b774-5ff8d36e684b,1745447150
3b3b0662-0a3a-418c-9734-2f2051b049fc,1-7fb4bb79-7332-4660-9065-fba2a08e5ea5,1745434678
3b3b0662-0a3a-418c-9734-2f2051b049fc,1-065e76dc-c037-4c93-a213-bcfe334a3b91,1745431383
3b3b0662-0a3a-418c-9734-2f2051b049fc,1-fa48aa69-49bd-4c59-ab8c-3043d0319f79,1745378706
3b3b0662-0a3a-418c-9734-2f2051b049fc,1-85dbc94b-fe02-40bd-bc0f-fcc048f99576,1745375709
3b3b0662-0a3a-418c-9734-2f2051b049fc,1-9be2b4d9-d2f3-4cb9-a7bf-94c91745a733,1745366754
3b3b0662-0a3a-418c-9734-2f2051b049fc,1-32d7487e-4d44-4889-b8de-a8ac701c5539,1745364841
3b3b0662-0a3a-418c-9734-2f2051b049fc,1-fa12cf85-d108-4348-9670-0a0a5d9ecab8,1745354851
3b3b0662-0a3a-418c-9734-2f2051b049fc,1-b70804f5-3200-403f-be5b-947e24592c13,1745352156
3b3b0662-0a3a-418c-9734-2f2051b049fc,1-b8369802-c897-44de-8b4b-2cdd16ab1d0c,1745293242
3b3b0662-0a3a-418c-9734-2f2051b049fc,1-3e8f893e-4893-4117-a4b0-c95344bfc18b,1745290111
3b3b0662-0a3a-418c-9734-2f2051b049fc,1-56d499b0-96f3-4128-9beb-62a0cb0e4c79,1745209177
3b3b0662-0a3a-418c-9734-2f2051b049fc,1-04151600-e99b-4023-b794-5ef5444faa17,1745206834
3b3b0662-0a3a-418c-9734-2f2051b049fc,1-75024447-1055-483a-bbfb-8434f7e89d06,1745204236
3b3b0662-0a3a-418c-9734-2f2051b049fc,1-bad3e1e1-0dc0-4d89-a6c9-f9c20793f858,1745202244
3b3b0662-0a3a-418c-9734-2f2051b049fc,1-e4f68886-d662-4e45-8ea7-632367a68fb0,1745199297
3b3b0662-0a3a-418c-9734-2f2051b049fc,1-523e5003-a0ea-4749-a184-a0b4bea55a72,1745190326
3b3b0662-0a3a-418c-9734-2f2051b049fc,1-d8038dbe-f877-4e79-af97-dd8220cfef9a,1745180968
3b3b0662-0a3a-418c-9734-2f2051b049fc,1-65491fd8-e7da-4a70-b34a-21878d96372b,1745178840
3b3b0662-0a3a-418c-9734-2f2051b049fc,1-5c345c44-10da-4a4e-8925-921ab700ae1a,1745176018
3b3b0662-0a3a-418c-9734-2f2051b049fc,1-1d2bb56c-6893-4e56-b11e-df5cab6cfdd0,1745173193
3b3b0662-0a3a-418c-9734-2f2051b049fc,1-3a4878f6-7f93-4da2-95d4-c6d25c2bcd81,1745093472
3b3b0662-0a3a-418c-9734-2f2051b049fc,1-acfab2b6-dd25-4762-b743-1c72b2c52e01,1745089149
3b3b0662-0a3a-418c-9734-2f2051b049fc,1-e9481f8a-f6f0-4b6b-91e7-4eec3b7700fa,1745086470
3b3b0662-0a3a-418c-9734-2f2051b049fc,1-21cebdee-bad4-4c7e-9cb5-4f6d94f55d3f,1745082760
3b3b0662-0a3a-418c-9734-2f2051b049fc,1-7cb42fd8-945a-448d-b4db-b40ff189d203,1745078684
3b3b0662-0a3a-418c-9734-2f2051b049fc,1-b88204b1-7814-4e61-b3ce-a517ec1523ef,1745038072
3b3b0662-0a3a-418c-9734-2f2051b049fc,1-bc61abe0-04b9-44d1-80dc-2fdb77b70c55,1744959687
3b3b0662-0a3a-418c-9734-2f2051b049fc,1-3c71e7d7-6a32-45e8-a6c7-1790b73d51b4,1744957376
3b3b0662-0a3a-418c-9734-2f2051b049fc,1-d26c7614-4531-4ca1-8577-9a6ed5c99860,1744954800
3b3b0662-0a3a-418c-9734-2f2051b049fc,1-e4f12975-b0b6-47d2-b8c7-4cebd586fa36,1744951872
3b3b0662-0a3a-418c-9734-2f2051b049fc,1-c5bcb501-26b7-43ed-974b-c276bc3d5a7d,1744949536
3b3b0662-0a3a-418c-9734-2f2051b049fc,1-25775400-03ae-4224-8b0b-05a388cd1857,1744947037
3b3b0662-0a3a-418c-9734-2f2051b049fc,1-24a318c5-a301-49e0-a133-b911953b1713,1744944388
3b3b0662-0a3a-418c-9734-2f2051b049fc,1-cc563e38-7013-449a-87fb-24e0954b71c2,1744942259
3b3b0662-0a3a-418c-9734-2f2051b049fc,1-f3e734e5-b2ef-4306-940b-339c1d58f5f4,1744938981
3b3b0662-0a3a-418c-9734-2f2051b049fc,1-fe26bdd9-5df4-476d-b824-dcae4b11b4d6,1744778868
3b3b0662-0a3a-418c-9734-2f2051b049fc,1-ea82f9c5-1d68-4ffa-a9f5-0fed48dff319,1744776148
3b3b0662-0a3a-418c-9734-2f2051b049fc,1-074d79d4-889a-4a83-af33-ad5310139f1a,1744772239
3b3b0662-0a3a-418c-9734-2f2051b049fc,1-2df1d653-2473-4c68-94db-ef075218da5f,1744769329
3b3b0662-0a3a-418c-9734-2f2051b049fc,1-c2535114-a812-40c7-9f8d-d10e128bed20,1744499959
3b3b0662-0a3a-418c-9734-2f2051b049fc,1-27a56e17-007e-4a85-acd8-99f5e355137f,1744497085
3b3b0662-0a3a-418c-9734-2f2051b049fc,1-60f52aa8-66ed-459d-b2b5-ab1b24144ab0,1744493867
3b3b0662-0a3a-418c-9734-2f2051b049fc,1-b3f3afda-76da-40d2-9209-8792be92d630,1744491272
3b3b0662-0a3a-418c-9734-2f2051b049fc,1-a1b6b7d2-ea20-4805-9366-1b4bc310afbb,1744488320
3b3b0662-0a3a-418c-9734-2f2051b049fc,1-f3871324-6840-48e7-b3c0-38ac52c073d5,1744485258
3b3b0662-0a3a-418c-9734-2f2051b049fc,1-b855a3bc-a66b-4c99-8f9a-8c77e4ff20bf,1720835738
3b3b0662-0a3a-418c-9734-2f2051b049fc,1-1e20a9d1-d26e-4b22-b153-698ec059cd81,1719286933
3b3b0662-0a3a-418c-9734-2f2051b049fc,1-b03a6839-f67b-4fa8-a5ce-946de801f56b,1719284117
3b3b0662-0a3a-418c-9734-2f2051b049fc,1-8c936505-d4a2-4b89-a0f5-231cc804feca,1719280920
3b3b0662-0a3a-418c-9734-2f2051b049fc,1-cbb30fa8-a153-4097-8af4-19ab147072ff,1719193706
3b3b0662-0a3a-418c-9734-2f2051b049fc,1-1629860d-893c-46dd-b03d-807c557aa055,1719191315
3b3b0662-0a3a-418c-9734-2f2051b049fc,1-a719d552-9333-4cf1-91db-e43e74883a2e,1719165517
3b3b0662-0a3a-418c-9734-2f2051b049fc,1-60060378-8fb7-4674-85ef-4916e3e276f7,1718996865
3b3b0662-0a3a-418c-9734-2f2051b049fc,1-11f2d93b-a380-4923-ae06-48b451143635,1718993233
3b3b0662-0a3a-418c-9734-2f2051b049fc,1-5df5d9f9-65ae-4fc4-beab-d5d4d2d63c7c,1718906706
3b3b0662-0a3a-418c-9734-2f2051b049fc,1-2accd5a9-247e-48df-8c10-79223b977b9b,1718822064
3b3b0662-0a3a-418c-9734-2f2051b049fc,1-c4e91c61-7f2e-4dec-9fe7-8016267671f2,1718818949
3b3b0662-0a3a-418c-9734-2f2051b049fc,1-bf18fd9e-554f-445e-ab08-2142d7e887ed,1718403489
3b3b0662-0a3a-418c-9734-2f2051b049fc,1-47ffb7de-eaa5-4771-9a3f-40b8c3e5147c,1718402576
3b3b0662-0a3a-418c-9734-2f2051b049fc,1-8b98e2cb-a40e-4692-bc24-c76b957784f5,1718246040
3b3b0662-0a3a-418c-9734-2f2051b049fc,1-29b1ddf3-310c-41ac-9d6e-15111472064e,1718242497
3b3b0662-0a3a-418c-9734-2f2051b049fc,1-d76bcf63-403d-43d2-8338-503740126574,1717980383
3b3b0662-0a3a-418c-9734-2f2051b049fc,1-08ff222a-91d2-4762-9c4e-43e508cb6965,1717977776
3b3b0662-0a3a-418c-9734-2f2051b049fc,1-3d8ff317-32eb-4e50-ae34-87ea9a66eade,1717875187
3b3b0662-0a3a-418c-9734-2f2051b049fc,1-95dae9e6-087e-4a4b-89c4-098c4e38681b,1717871890
3b3b0662-0a3a-418c-9734-2f2051b049fc,1-8be8be69-7e66-46c3-bb73-ae0e5cff36c3,1717869856
3b3b0662-0a3a-418c-9734-2f2051b049fc,1-c7b8794d-0b94-4bdc-9dd3-0de8ed403670,1717719383
3b3b0662-0a3a-418c-9734-2f2051b049fc,1-6e8380cf-a0e3-45bd-a7ba-9ea11da26fb3,1717715873
3b3b0662-0a3a-418c-9734-2f2051b049fc,1-569f6981-30e9-47de-a0ba-f0abc7f49c62,1717713355
3b3b0662-0a3a-418c-9734-2f2051b049fc,1-1df5d0bb-ec99-4de6-ae8b-3dbf0a1841c7,1717709168
1acb8f8e-b15e-49c2-8a91-88bf299f0f99,1-090ef5fc-b5d5-433a-b948-9cc43f64a3df,1787019635
1acb8f8e-b15e-49c2-8a91-88bf299f0f99,1-d6240447-993b-4266-bf86-d937d86ad411,1787016799
1acb8f8e-b15e-49c2-8a91-88bf299f0f99,1-9ef3e4b8-77cd-4888-a233-9c1bf8770fd8,1787007094
1acb8f8e-b15e-49c2-8a91-88bf299f0f99,1-3e0cb7c4-d75a-48bf-9dff-84d1a7667836,1786944679
1acb8f8e-b15e-49c2-8a91-88bf299f0f99,1-a3686eff-cd1f-431f-8ce1-294d1c8ab1bc,1786941967
1acb8f8e-b15e-49c2-8a91-88bf299f0f99,1-f264ee0c-8d09-42e6-b04b-69c85a526e8b,1786911223
1acb8f8e-b15e-49c2-8a91-88bf299f0f99,1-4cda300b-48c1-4293-a6fc-2df7fcfee79b,1786906317
1acb8f8e-b15e-49c2-8a91-88bf299f0f99,1-0f78f1ac-cf3b-4457-9684-3fac608d52ac,1786903484
1acb8f8e-b15e-49c2-8a91-88bf299f0f99,1-50148440-7997-447d-9548-e0fe2c85744d,1786768930
1acb8f8e-b15e-49c2-8a91-88bf299f0f99,1-d73a44f0-461b-4c66-b3d2-fdfae2174dd0,1786765544
1acb8f8e-b15e-49c2-8a91-88bf299f0f99,1-59f8e0bb-c982-4679-b474-a3c0f73744ea,1786762983
1acb8f8e-b15e-49c2-8a91-88bf299f0f99,1-cbd21561-2c01-40f5-b96e-1b69de64750b,1786677496
1acb8f8e-b15e-49c2-8a91-88bf299f0f99,1-ee589f3b-fae3-4104-970f-b55e0642db6d,1786675127
1acb8f8e-b15e-49c2-8a91-88bf299f0f99,1-096bbea9-3230-4060-bb70-b6c453f27895,1786588466
1acb8f8e-b15e-49c2-8a91-88bf299f0f99,1-f168b3b8-e04b-46be-b8fe-f8fe81e7a054,1786585919
1acb8f8e-b15e-49c2-8a91-88bf299f0f99,1-192c1e76-52de-4d67-b43d-5e543975005f,1786504018
1acb8f8e-b15e-49c2-8a91-88bf299f0f99,1-8290cc35-b6d7-443d-81ca-e59b785d531f,1786500901
1acb8f8e-b15e-49c2-8a91-88bf299f0f99,1-73cbc55a-ec62-408b-b5e7-95368febd8b8,1786331317
1acb8f8e-b15e-49c2-8a91-88bf299f0f99,1-1cc51f4b-e5ad-4158-8459-1158d57cd750,1786327746
1acb8f8e-b15e-49c2-8a91-88bf299f0f99,1-87425689-70da-472c-b8a7-def88732a9a0,1786306604
1acb8f8e-b15e-49c2-8a91-88bf299f0f99,1-b58f3cd8-2116-4e53-9f33-4a94d3a620ac,1786303567
1acb8f8e-b15e-49c2-8a91-88bf299f0f99,1-ff706aa9-1dd4-49e8-be39-3ed485b95029,1786301327
1acb8f8e-b15e-49c2-8a91-88bf299f0f99,1-2684ac3e-5767-423e-9e42-96b414b00f76,1786299233
1acb8f8e-b15e-49c2-8a91-88bf299f0f99,1-bf08a822-ac97-4b6d-8cea-f93ff0002a45,1786164275
1acb8f8e-b15e-49c2-8a91-88bf299f0f99,1-c1997be6-69bb-49c0-8d51-10128a8670b0,1786162020
1acb8f8e-b15e-49c2-8a91-88bf299f0f99,1-d3c374ad-f64d-4be4-9ba5-d837ea2004e7,1786159664
1acb8f8e-b15e-49c2-8a91-88bf299f0f99,1-bab30a3c-e3b3-4a8c-9ec1-f7c3d3074d20,1786157243
1acb8f8e-b15e-49c2-8a91-88bf299f0f99,1-5deafa2d-fb1f-4c9a-8be7-ca5c689d2aa5,1786155381
1acb8f8e-b15e-49c2-8a91-88bf299f0f99,1-faa519eb-b245-49be-b15f-959100e869ea,1786126171
1acb8f8e-b15e-49c2-8a91-88bf299f0f99,1-335609c8-3000-4db5-9c59-85f13d5cb55c,1786073394
1acb8f8e-b15e-49c2-8a91-88bf299f0f99,1-9f5cabdc-0e53-4d22-9b03-45b3c86475c3,1786071294
1acb8f8e-b15e-49c2-8a91-88bf299f0f99,1-73673eb3-0e22-4654-81ac-c976a81b9481,1786069062
1acb8f8e-b15e-49c2-8a91-88bf299f0f99,1-1d061802-99ca-4147-855d-ab4664e3cb89,1786038846
1acb8f8e-b15e-49c2-8a91-88bf299f0f99,1-935fcd28-654d-4fa7-a8df-f2e8d46db1c2,1786036232
1acb8f8e-b15e-49c2-8a91-88bf299f0f99,1-8fede02f-7ee2-4303-bfc9-564872dce163,1786033951
1acb8f8e-b15e-49c2-8a91-88bf299f0f99,1-449bf88b-04e7-4776-ac9e-34c494fd0ae4,1785973708
1acb8f8e-b15e-49c2-8a91-88bf299f0f99,1-666d6b39-4098-48a1-8851-641758788143,1785971103
1acb8f8e-b15e-49c2-8a91-88bf299f0f99,1-2bc95098-2cd1-4c64-b112-0f7a4b75f10a,1785727949
1acb8f8e-b15e-49c2-8a91-88bf299f0f99,1-a93b30ef-2da5-4455-91b9-46a3387f8b9f,1785725248
1acb8f8e-b15e-49c2-8a91-88bf299f0f99,1-ab125b6d-53f0-4b5d-8f04-f8049b13f1c0,1785722476
1acb8f8e-b15e-49c2-8a91-88bf299f0f99,1-2a235593-5d6a-49fd-85d7-ddace665289a,1785702837
1acb8f8e-b15e-49c2-8a91-88bf299f0f99,1-8ff9d783-33df-42b4-b7c9-75ea1447fe86,1785700998
1acb8f8e-b15e-49c2-8a91-88bf299f0f99,1-bfa3e313-ab37-437a-baf9-1d0aebc8a447,1785698312
1acb8f8e-b15e-49c2-8a91-88bf299f0f99,1-596fdca1-f0e8-4fb2-9887-ad7d23216297,1785380556
1acb8f8e-b15e-49c2-8a91-88bf299f0f99,1-45830e6f-da2f-4f19-ad9c-cde198b6e603,1785377870
1acb8f8e-b15e-49c2-8a91-88bf299f0f99,1-71d594c8-793c-4ced-b5b1-a94e45342df0,1785294380
1acb8f8e-b15e-49c2-8a91-88bf299f0f99,1-7a8b01dd-56e6-44b1-9b22-24d223f071c3,1785291861
1acb8f8e-b15e-49c2-8a91-88bf299f0f99,1-609f2b9e-2c63-454c-aebb-56e3529788e8,1785108577
1acb8f8e-b15e-49c2-8a91-88bf299f0f99,1-51fcf27d-7754-4290-9a53-89b8c1c8f2b4,1785099847
1acb8f8e-b15e-49c2-8a91-88bf299f0f99,1-ce7c4723-fc5e-4d11-b257-e89c814b118b,1785097137
1acb8f8e-b15e-49c2-8a91-88bf299f0f99,1-0e623404-9783-4c2f-a6f1-b16749f1b0b5,1785094603
1acb8f8e-b15e-49c2-8a91-88bf299f0f99,1-cb9952c0-e02b-45e3-a04c-2bd0163b61f0,1785091838
1acb8f8e-b15e-49c2-8a91-88bf299f0f99,1-3acdc288-8ebf-4040-ba93-36ec7d614e85,1785089865
1acb8f8e-b15e-49c2-8a91-88bf299f0f99,1-2e8f7101-cbfa-45ed-9e4f-7fa352d6a71c,1784956236
1acb8f8e-b15e-49c2-8a91-88bf299f0f99,1-56aebeff-2a0e-4e7c-8703-00937fcc33a8,1784952374
1acb8f8e-b15e-49c2-8a91-88bf299f0f99,1-801fc71b-d0c7-4876-84df-b11a64102e6d,1784948971
1acb8f8e-b15e-49c2-8a91-88bf299f0f99,1-534fea71-910a-4ba4-b481-01b2b872fffe,1784946297
1acb8f8e-b15e-49c2-8a91-88bf299f0f99,1-40f9ce03-a573-48a7-ac6e-1f71a7fa83bc,1784779870
1acb8f8e-b15e-49c2-8a91-88bf299f0f99,1-d98038ec-508b-49d7-a86f-48bca72b853d,1784777005
1acb8f8e-b15e-49c2-8a91-88bf299f0f99,1-b251500a-73c4-4197-afbb-d28d7bcad357,1784439951
1acb8f8e-b15e-49c2-8a91-88bf299f0f99,1-1638dc3a-6cc4-49b5-b3d0-e1c7c9a2f21f,1784259189
1acb8f8e-b15e-49c2-8a91-88bf299f0f99,1-74ae544c-cd27-401c-9d6c-2f745a064a41,1784257087
1acb8f8e-b15e-49c2-8a91-88bf299f0f99,1-78182523-279e-49cb-88c1-64e13f8e5ed6,1784086700
1acb8f8e-b15e-49c2-8a91-88bf299f0f99,1-dc518002-43a3-49ce-a678-ffab52d43d47,1784084546
1acb8f8e-b15e-49c2-8a91-88bf299f0f99,1-d9f6df3f-6f69-495c-8f6f-37f6317fceda,1784081720
1acb8f8e-b15e-49c2-8a91-88bf299f0f99,1-3f67abb1-578b-4bc8-8bea-0f1f6b494ad4,1783999418
1acb8f8e-b15e-49c2-8a91-88bf299f0f99,1-f4835fc0-1b31-4b7e-9dec-cf20d7e6b6e7,1783995822
1acb8f8e-b15e-49c2-8a91-88bf299f0f99,1-5e660c63-8fd5-403a-8c90-070b015bcab4,1783280974
1acb8f8e-b15e-49c2-8a91-88bf299f0f99,1-1e431e41-bafe-4519-8f90-8e10352caa29,1783278057
1acb8f8e-b15e-49c2-8a91-88bf299f0f99,1-7e20ed80-ca7a-4ef6-91ed-878b71e074da,1783275587
1acb8f8e-b15e-49c2-8a91-88bf299f0f99,1-1d6c1210-3d34-4660-b16e-916f816c4777,1782792987
1acb8f8e-b15e-49c2-8a91-88bf299f0f99,1-432e191e-e4c4-4066-9f3a-cff5a4594faf,1782788092
1acb8f8e-b15e-49c2-8a91-88bf299f0f99,1-f34b84d8-14c4-49ff-b284-891d03a293f8,1782785373
1acb8f8e-b15e-49c2-8a91-88bf299f0f99,1-f4f20610-a339-43d6-8348-d29a1dff35d2,1782703566
1acb8f8e-b15e-49c2-8a91-88bf299f0f99,1-0b809420-79d7-492b-b199-1455385bcfda,1782700489
1acb8f8e-b15e-49c2-8a91-88bf299f0f99,1-c25cb064-af5a-4b80-89c4-216a5d5f792a,1782625326
1acb8f8e-b15e-49c2-8a91-88bf299f0f99,1-92efc8e8-9458-4332-b042-b35d089f0043,1782623364
1acb8f8e-b15e-49c2-8a91-88bf299f0f99,1-76a70a3d-8544-4ece-bdb5-e8d9f3e5d372,1782541570
1acb8f8e-b15e-49c2-8a91-88bf299f0f99,1-d20091cf-e75b-4461-a0a3-91f2dcdc9a68,1782538524
1acb8f8e-b15e-49c2-8a91-88bf299f0f99,1-415f9250-bbe4-4497-98c2-03bcaa9525f9,1782536466
1acb8f8e-b15e-49c2-8a91-88bf299f0f99,1-5124e6b9-941f-4464-a743-70976e01423c,1782446969
1acb8f8e-b15e-49c2-8a91-88bf299f0f99,1-1970b5f4-cc03-44c6-bb0e-ee8d465f595b,1782443844
1acb8f8e-b15e-49c2-8a91-88bf299f0f99,1-daea6530-a641-46d2-883f-4294f2f4da6e,1782441355
1acb8f8e-b15e-49c2-8a91-88bf299f0f99,1-8648f2a1-8b1c-4a4a-84e2-15e0168208d1,1782438795
1acb8f8e-b15e-49c2-8a91-88bf299f0f99,1-2fccf106-754a-4596-ba59-1c7270165052,1782359247
1acb8f8e-b15e-49c2-8a91-88bf299f0f99,1-5cb67f10-83aa-41b3-b907-982cbe365eb2,1782356693
1acb8f8e-b15e-49c2-8a91-88bf299f0f99,1-560d4446-ccc1-49df-ac55-bf70c7445f84,1782354085
1acb8f8e-b15e-49c2-8a91-88bf299f0f99,1-3910a1b2-d4f1-40f2-a511-bcfda065286e,1782351800
1acb8f8e-b15e-49c2-8a91-88bf299f0f99,1-09b44161-aab5-4710-b542-5cdca12355f2,1782099638
1acb8f8e-b15e-49c2-8a91-88bf299f0f99,1-49c3c7b6-b427-4d64-9913-9ecfc12259bd,1782094629
1acb8f8e-b15e-49c2-8a91-88bf299f0f99,1-009f7a51-ab39-47f3-a609-347ca44faf6b,1782022509
1acb8f8e-b15e-49c2-8a91-88bf299f0f99,1-13e870b7-c329-4b4b-a39d-88243dbf2128,1782018419
1acb8f8e-b15e-49c2-8a91-88bf299f0f99,1-616dfae6-d8f0-48e5-bf83-0e16b54e0f6b,1782015597
1acb8f8e-b15e-49c2-8a91-88bf299f0f99,1-ee5d6768-bbea-4bbe-b2fd-632a6de972cb,1781491319
1acb8f8e-b15e-49c2-8a91-88bf299f0f99,1-0a1247e8-8117-412f-822e-f03066b290d4,1781489135
1acb8f8e-b15e-49c2-8a91-88bf299f0f99,1-e27ab75e-449e-42fe-b79d-0cfea9e5571b,1780624229
1acb8f8e-b15e-49c2-8a91-88bf299f0f99,1-79f31d30-42c7-46d3-8f8c-a5b0d6c4fabc,1780364649
1acb8f8e-b15e-49c2-8a91-88bf299f0f99,1-75826009-838c-447a-b929-f56d6c9be349,1780202802
1acb8f8e-b15e-49c2-8a91-88bf299f0f99,1-bcba0f56-2baa-4b41-bbe6-df8f7e946bd3,1780200145
1acb8f8e-b15e-49c2-8a91-88bf299f0f99,1-7d9ef87d-3b6c-409e-aac3-caf396324f82,1780198040
1acb8f8e-b15e-49c2-8a91-88bf299f0f99,1-9fd54d96-b13a-4705-83c3-ebe3a64dd0be,1779418814
1acb8f8e-b15e-49c2-8a91-88bf299f0f99,1-fd11d0e1-002b-4960-ab1b-838b53504b59,1779416171
1acb8f8e-b15e-49c2-8a91-88bf299f0f99,1-e8a2ba1f-e601-4ead-9428-678d95ac5033,1779388525
1acb8f8e-b15e-49c2-8a91-88bf299f0f99,1-141e755e-9cf7-4944-9993-03d3f2250aeb,1779385852
1acb8f8e-b15e-49c2-8a91-88bf299f0f99,1-3279c358-826e-474a-afc2-86298520b4d9,1779317776
1acb8f8e-b15e-49c2-8a91-88bf299f0f99,1-ff922198-c859-42ae-b9a3-f22a5339bc7d,1779315693
1acb8f8e-b15e-49c2-8a91-88bf299f0f99,1-c2dd17db-9e58-47b3-aefb-2b45811efcdf,1779213351
1acb8f8e-b15e-49c2-8a91-88bf299f0f99,1-9931d7e6-9200-45e1-9113-148a863b3293,1779162771
1acb8f8e-b15e-49c2-8a91-88bf299f0f99,1-4999fc49-bb0f-4e4c-808b-f11b477912ba,1779073409
1acb8f8e-b15e-49c2-8a91-88bf299f0f99,1-43270bc8-a2fb-474c-88ce-b7844ab45129,1779070867
1acb8f8e-b15e-49c2-8a91-88bf299f0f99,1-8278e191-ca87-421a-a090-f1fc99b09d7c,1779048411
1acb8f8e-b15e-49c2-8a91-88bf299f0f99,1-9292c63b-448d-4d39-9d3c-7d3e7243a1a2,1779045160
1acb8f8e-b15e-49c2-8a91-88bf299f0f99,1-5ef42c2c-9fb7-4471-8dc1-41f11619f5ee,1779042856
1acb8f8e-b15e-49c2-8a91-88bf299f0f99,1-8a3eb2ae-c5f8-419d-9f81-5b93f1774dad,1778725651
1acb8f8e-b15e-49c2-8a91-88bf299f0f99,1-ca0d47eb-6b20-4dba-b44e-5f8de5dd61ba,1778717210
1acb8f8e-b15e-49c2-8a91-88bf299f0f99,1-bd53d72f-40cb-40f8-a22b-7cb513c0ccd0,1778715215
1acb8f8e-b15e-49c2-8a91-88bf299f0f99,1-a9da9787-de5f-4b0e-9b53-f18e13820bba,1764037673
1acb8f8e-b15e-49c2-8a91-88bf299f0f99,1-8c66a7b2-251f-4419-a523-b08d7ed1a4d2,1764006492
1acb8f8e-b15e-49c2-8a91-88bf299f0f99,1-9eed607c-b307-45c1-879d-ef5f8fb2789a,1764004016
1acb8f8e-b15e-49c2-8a91-88bf299f0f99,1-7df63cde-44d2-4ebe-9371-f1ab69e4e14c,1763949919
1acb8f8e-b15e-49c2-8a91-88bf299f0f99,1-0c061006-5667-4fd4-bfee-07c44e22b875,1763947819
1acb8f8e-b15e-49c2-8a91-88bf299f0f99,1-5897a460-3e81-4e66-bc19-b23c835fdb9f,1763601477
1acb8f8e-b15e-49c2-8a91-88bf299f0f99,1-7d1dc9a6-8508-4416-bcd5-708bcb9e8262,1763516500
1acb8f8e-b15e-49c2-8a91-88bf299f0f99,1-a2d57e17-01a1-4f6c-aec4-9d0e0aa38d67,1763317747
1acb8f8e-b15e-49c2-8a91-88bf299f0f99,1-ed72c568-597c-46bc-821d-4af22b887312,1762554014
1acb8f8e-b15e-49c2-8a91-88bf299f0f99,1-5d278a2f-daee-4518-b505-911e54eece85,1762551809
1acb8f8e-b15e-49c2-8a91-88bf299f0f99,1-831ec6b1-ebc5-4f47-99d2-3c61497dc6cc,1762398311
1acb8f8e-b15e-49c2-8a91-88bf299f0f99,1-51e9955b-5fe7-422b-88bd-32e4ccb0b21f,1762396036
1acb8f8e-b15e-49c2-8a91-88bf299f0f99,1-f8fda964-d242-4784-a2c2-2f5abafabdcd,1762112153
1acb8f8e-b15e-49c2-8a91-88bf299f0f99,1-debed4e5-4306-4745-8c76-d221401bf50f,1762110141
1acb8f8e-b15e-49c2-8a91-88bf299f0f99,1-c2dbc52e-8a6f-408c-812e-5f09282af8eb,1762107431
1acb8f8e-b15e-49c2-8a91-88bf299f0f99,1-0987ade6-8b69-475d-8fad-675f7520acd8,1761973634
1acb8f8e-b15e-49c2-8a91-88bf299f0f99,1-570d52e4-61ad-416b-9166-90571ef69503,1761971487
1acb8f8e-b15e-49c2-8a91-88bf299f0f99,1-f0e18ec1-3da9-4233-9709-e274c0b90589,1761966553
1acb8f8e-b15e-49c2-8a91-88bf299f0f99,1-eea10fdb-c0c5-4bad-9fe7-00bee2c31d9e,1761935813
1acb8f8e-b15e-49c2-8a91-88bf299f0f99,1-b35d093f-49b4-4eed-a336-4704315f6989,1761933625
1acb8f8e-b15e-49c2-8a91-88bf299f0f99,1-a3dba6ad-7662-49c1-8ee0-8fdcf1ecb62c,1761931336
1acb8f8e-b15e-49c2-8a91-88bf299f0f99,1-ff56386b-a21d-485d-b00b-98e1c25b715f,1761845618
1acb8f8e-b15e-49c2-8a91-88bf299f0f99,1-36bcd936-59b5-4c3f-948c-7a9ecc750775,1761843535
1acb8f8e-b15e-49c2-8a91-88bf299f0f99,1-dbecce4b-9eb9-4e19-96d7-e9c56244c226,1761804243
1acb8f8e-b15e-49c2-8a91-88bf299f0f99,1-bb628819-46d0-4469-b985-d7a3fc9b3d34,1761796696
1acb8f8e-b15e-49c2-8a91-88bf299f0f99,1-6d02e50c-ac82-4bbd-9c23-7f87656e8bf1,1761627247
1acb8f8e-b15e-49c2-8a91-88bf299f0f99,1-f88eb659-b42c-4899-b8af-0c51f0c0066f,1757985423
1acb8f8e-b15e-49c2-8a91-88bf299f0f99,1-79988fb0-eb95-4a2c-95cd-1cfc74c4d5df,1757717322
1acb8f8e-b15e-49c2-8a91-88bf299f0f99,1-175a8500-8817-4ad2-89e6-766640cc23a4,1757712516
1acb8f8e-b15e-49c2-8a91-88bf299f0f99,1-2438abde-4bcf-44ab-b76b-9567a6d1a29f,1757647488
1acb8f8e-b15e-49c2-8a91-88bf299f0f99,1-d1b54085-72a4-42d0-ade1-cccd214ee778,1757389485
1acb8f8e-b15e-49c2-8a91-88bf299f0f99,1-b7beda47-51ac-41a6-ae86-5e587f60860d,1757224835
1acb8f8e-b15e-49c2-8a91-88bf299f0f99,1-41147a9c-7744-4eda-8a58-e6b0e15554d4,1757222290
1acb8f8e-b15e-49c2-8a91-88bf299f0f99,1-5d7073b0-1a4f-43bb-b55a-255da0e433c1,1757134448
1acb8f8e-b15e-49c2-8a91-88bf299f0f99,1-272dc8b5-853d-4488-8db8-9092ea020560,1757130842
1acb8f8e-b15e-49c2-8a91-88bf299f0f99,1-0acb3db5-ca2c-4c06-9a05-6e3ebf510a7c,1757040981
1acb8f8e-b15e-49c2-8a91-88bf299f0f99,1-b9fc3ab0-fb82-4fc8-92e2-a7d614867314,1756521499
1acb8f8e-b15e-49c2-8a91-88bf299f0f99,1-10c539de-cf21-49ca-b679-ebc59b45a9e2,1756355761
1acb8f8e-b15e-49c2-8a91-88bf299f0f99,1-ee0bc740-c800-4a24-9021-237a4a4fd512,1756353688
1acb8f8e-b15e-49c2-8a91-88bf299f0f99,1-f100307e-117f-4f7d-85d4-65bf8cf67a62,1755745254
1acb8f8e-b15e-49c2-8a91-88bf299f0f99,1-21b8e5b1-37e2-4316-80c5-4ea103657aef,1755742933
1acb8f8e-b15e-49c2-8a91-88bf299f0f99,1-3b7d72f3-caf9-4fae-9909-7c1ce30a6f19,1755457126
1acb8f8e-b15e-49c2-8a91-88bf299f0f99,1-6f43f7ae-2e0b-4fe7-b83c-6c64f39efecc,1755454215
1acb8f8e-b15e-49c2-8a91-88bf299f0f99,1-317f8a2e-0d42-4dbb-ad5d-40ac3e8552b7,1755451653
1acb8f8e-b15e-49c2-8a91-88bf299f0f99,1-0a21b182-7f85-4891-84b5-9c5ec411bef6,1755314634
1acb8f8e-b15e-49c2-8a91-88bf299f0f99,1-b9435b26-4d37-43f5-8113-481bd687c95c,1755311481
1acb8f8e-b15e-49c2-8a91-88bf299f0f99,1-5e4dfba9-0ffe-45db-8bda-760e14937a11,1755298426
1acb8f8e-b15e-49c2-8a91-88bf299f0f99,1-5acbc7bd-f7af-4ce1-9fb9-7556deeff112,1755147844
1acb8f8e-b15e-49c2-8a91-88bf299f0f99,1-a7fb5f9c-ddb4-4fd8-8922-1de4c6c2dae4,1755144804
1acb8f8e-b15e-49c2-8a91-88bf299f0f99,1-2a8dc357-e84a-41a2-9537-ed94b392b714,1755142352
1acb8f8e-b15e-49c2-8a91-88bf299f0f99,1-34f462a8-0bd5-4df4-9f11-f1178c5303e8,1754970578
1acb8f8e-b15e-49c2-8a91-88bf299f0f99,1-aad92697-05cb-49a5-813f-a7e20c453d16,1754804922
1acb8f8e-b15e-49c2-8a91-88bf299f0f99,1-fa095f67-703b-4a3a-a0ba-78fefe433304,1752894927
1acb8f8e-b15e-49c2-8a91-88bf299f0f99,1-d440a9c3-5d9e-46ad-a93a-9c12935a876a,1752552963
1acb8f8e-b15e-49c2-8a91-88bf299f0f99,1-4dd3fdfd-9566-4973-b9f8-3f9a402f4ab6,1752550641
1acb8f8e-b15e-49c2-8a91-88bf299f0f99,1-42820726-2dec-4631-8968-e025c3746acf,1752548624
1acb8f8e-b15e-49c2-8a91-88bf299f0f99,1-f4483a8e-c561-49dd-a50a-9279fdef3845,1748196414
1acb8f8e-b15e-49c2-8a91-88bf299f0f99,1-8a25d746-4b8a-4c02-8781-b8f0480c9c4d,1748193990
1acb8f8e-b15e-49c2-8a91-88bf299f0f99,1-e4e9f2a3-87c9-470f-a650-88a492b3ffeb,1747014342
1acb8f8e-b15e-49c2-8a91-88bf299f0f99,1-7a4e2ec6-b9f4-4691-8c75-49760c6f71c5,1745467353
1acb8f8e-b15e-49c2-8a91-88bf299f0f99,1-0866733d-9c68-4e14-a005-a1abca12b70f,1745462004
1acb8f8e-b15e-49c2-8a91-88bf299f0f99,1-da931e54-0275-4bc3-9b0b-06adc282ab10,1745459232
1acb8f8e-b15e-49c2-8a91-88bf299f0f99,1-3a9525bf-3ff6-4db0-bd7b-c9ae4fb82876,1745456519
1acb8f8e-b15e-49c2-8a91-88bf299f0f99,1-8c5d09e5-3f32-43ee-8679-113775071692,1745376934
1acb8f8e-b15e-49c2-8a91-88bf299f0f99,1-f02a2b51-8793-4bee-bb82-c8105553dd63,1745374280
1acb8f8e-b15e-49c2-8a91-88bf299f0f99,1-1a5d6347-a7a2-4579-bc01-b9a26b679d32,1745293827
1acb8f8e-b15e-49c2-8a91-88bf299f0f99,1-415aa74d-3c51-4b0c-9a10-8c928f78604f,1745291505
1acb8f8e-b15e-49c2-8a91-88bf299f0f99,1-da227185-ee66-46c2-8a5d-5ea8a8fb7fd3,1745287816
1acb8f8e-b15e-49c2-8a91-88bf299f0f99,1-07636088-f237-4841-9f0e-5d844f2e96a8,1745204819
1acb8f8e-b15e-49c2-8a91-88bf299f0f99,1-4ed6dc89-b5e2-4afd-bae2-82f62e9a2ae6,1745202520
1acb8f8e-b15e-49c2-8a91-88bf299f0f99,1-e4f68886-d662-4e45-8ea7-632367a68fb0,1745199297
1acb8f8e-b15e-49c2-8a91-88bf299f0f99,1-e4f12975-b0b6-47d2-b8c7-4cebd586fa36,1744951872
1acb8f8e-b15e-49c2-8a91-88bf299f0f99,1-c5bcb501-26b7-43ed-974b-c276bc3d5a7d,1744949536
1acb8f8e-b15e-49c2-8a91-88bf299f0f99,1-25775400-03ae-4224-8b0b-05a388cd1857,1744947037
1acb8f8e-b15e-49c2-8a91-88bf299f0f99,1-24a318c5-a301-49e0-a133-b911953b1713,1744944388
1acb8f8e-b15e-49c2-8a91-88bf299f0f99,1-cc563e38-7013-449a-87fb-24e0954b71c2,1744942259
1acb8f8e-b15e-49c2-8a91-88bf299f0f99,1-f3e734e5-b2ef-4306-940b-339c1d58f5f4,1744938981
1acb8f8e-b15e-49c2-8a91-88bf299f0f99,1-fe26bdd9-5df4-476d-b824-dcae4b11b4d6,1744778868
1acb8f8e-b15e-49c2-8a91-88bf299f0f99,1-ea82f9c5-1d68-4ffa-a9f5-0fed48dff319,1744776148
1acb8f8e-b15e-49c2-8a91-88bf299f0f99,1-074d79d4-889a-4a83-af33-ad5310139f1a,1744772239
1acb8f8e-b15e-49c2-8a91-88bf299f0f99,1-2df1d653-2473-4c68-94db-ef075218da5f,1744769329
1acb8f8e-b15e-49c2-8a91-88bf299f0f99,1-d6fe0648-27b7-42c3-ab0c-20d07e5e9aa7,1719957344
1acb8f8e-b15e-49c2-8a91-88bf299f0f99,1-fd9808ec-0524-4513-acd8-c106094d2791,1719868441
1acb8f8e-b15e-49c2-8a91-88bf299f0f99,1-1efecb3c-4774-4702-bc33-24346ef52c73,1719506211
1acb8f8e-b15e-49c2-8a91-88bf299f0f99,1-f7180502-9f57-4381-92ab-b9d3929e6d7d,1719355224
1acb8f8e-b15e-49c2-8a91-88bf299f0f99,1-e6c70f97-4ce5-4c6f-b60a-174c7e8521fc,1719351421
1acb8f8e-b15e-49c2-8a91-88bf299f0f99,1-1e20a9d1-d26e-4b22-b153-698ec059cd81,1719286933
1acb8f8e-b15e-49c2-8a91-88bf299f0f99,1-b03a6839-f67b-4fa8-a5ce-946de801f56b,1719284117
1acb8f8e-b15e-49c2-8a91-88bf299f0f99,1-33765d40-6165-493c-a154-617d29d4ffe5,1719279706
1acb8f8e-b15e-49c2-8a91-88bf299f0f99,1-b27e562b-38a3-402b-b92b-b47aa3e04357,1719276483
1acb8f8e-b15e-49c2-8a91-88bf299f0f99,1-8589e7ab-95b7-49df-9e28-f1d32530a156,1719262785
1acb8f8e-b15e-49c2-8a91-88bf299f0f99,1-af705874-57d7-4b8a-90e3-ce029bbf0808,1719259358
1acb8f8e-b15e-49c2-8a91-88bf299f0f99,1-02aa5b31-24b8-4062-968b-46e58accc68b,1719167396
1acb8f8e-b15e-49c2-8a91-88bf299f0f99,1-a719d552-9333-4cf1-91db-e43e74883a2e,1719165517
1acb8f8e-b15e-49c2-8a91-88bf299f0f99,1-a8bef62b-f9e3-47a2-8a8c-086054f9ff6f,1719082303
1acb8f8e-b15e-49c2-8a91-88bf299f0f99,1-60060378-8fb7-4674-85ef-4916e3e276f7,1718996865
1acb8f8e-b15e-49c2-8a91-88bf299f0f99,1-11f2d93b-a380-4923-ae06-48b451143635,1718993233
1acb8f8e-b15e-49c2-8a91-88bf299f0f99,1-3bfaa47c-bb44-4d14-b0cf-747beb139eb0,1718924212
1acb8f8e-b15e-49c2-8a91-88bf299f0f99,1-e900e9a9-c1c8-44b7-84ff-78e856d76da1,1718922001
1acb8f8e-b15e-49c2-8a91-88bf299f0f99,1-1a53d332-9d44-4d1f-87ce-71722fab14d7,1718909824
1acb8f8e-b15e-49c2-8a91-88bf299f0f99,1-5df5d9f9-65ae-4fc4-beab-d5d4d2d63c7c,1718906706
1acb8f8e-b15e-49c2-8a91-88bf299f0f99,1-eae16719-905b-40e2-af22-b421bf984111,1718835049
1acb8f8e-b15e-49c2-8a91-88bf299f0f99,1-2accd5a9-247e-48df-8c10-79223b977b9b,1718822064
1acb8f8e-b15e-49c2-8a91-88bf299f0f99,1-c4e91c61-7f2e-4dec-9fe7-8016267671f2,1718818949
1acb8f8e-b15e-49c2-8a91-88bf299f0f99,1-7b0f30d5-2999-4bf5-9f30-4b818979ea5f,1717434802
4482a031-efdb-4c3a-899f-6e5c22310547,1-79de7678-6ef4-48b1-95fe-883221e22495,1787713433
4482a031-efdb-4c3a-899f-6e5c22310547,1-8e5de1df-4266-4124-aa7e-ec1dfb320439,1787279608
4482a031-efdb-4c3a-899f-6e5c22310547,1-b3602a46-85a1-4561-8579-84af44f262de,1787277386
4482a031-efdb-4c3a-899f-6e5c22310547,1-1716ee4e-a1e7-4a8c-9569-742e566feab3,1787097087
4482a031-efdb-4c3a-899f-6e5c22310547,1-47bc5210-1c37-4153-821f-ebf9b506bf63,1786992402
4482a031-efdb-4c3a-899f-6e5c22310547,1-59f8e0bb-c982-4679-b474-a3c0f73744ea,1786762983
4482a031-efdb-4c3a-899f-6e5c22310547,1-83e4b310-485b-443d-9d0b-fbcdc142db67,1786731125
4482a031-efdb-4c3a-899f-6e5c22310547,1-b93ab8ff-6913-41e2-9b50-d900ff6d90c0,1786728783
4482a031-efdb-4c3a-899f-6e5c22310547,1-096bbea9-3230-4060-bb70-b6c453f27895,1786588466
4482a031-efdb-4c3a-899f-6e5c22310547,1-f168b3b8-e04b-46be-b8fe-f8fe81e7a054,1786585919
4482a031-efdb-4c3a-899f-6e5c22310547,1-afc2a01e-2656-46ee-afb5-c43dd63b57c7,1786498161
4482a031-efdb-4c3a-899f-6e5c22310547,1-c6cc558e-a1c5-4a28-8798-1d005ac9d2a2,1786330032
4482a031-efdb-4c3a-899f-6e5c22310547,1-d0013127-fba3-4bbe-a01b-ece8b3b712b1,1786327897
4482a031-efdb-4c3a-899f-6e5c22310547,1-faa519eb-b245-49be-b15f-959100e869ea,1786126171
4482a031-efdb-4c3a-899f-6e5c22310547,1-4aa96cb1-fbda-4bf0-827b-e1a25cd9a319,1785455942
4482a031-efdb-4c3a-899f-6e5c22310547,1-910779e6-4489-40bc-9805-66ce13c9e847,1785360329
4482a031-efdb-4c3a-899f-6e5c22310547,1-de96bacc-0380-4e10-b866-8b0241dd8c13,1784914648
4482a031-efdb-4c3a-899f-6e5c22310547,1-68f66dc3-f991-4c7b-ae73-da3937441986,1784912034
4482a031-efdb-4c3a-899f-6e5c22310547,1-552be20b-25e9-489f-bced-91bb34c557e7,1740623945
4482a031-efdb-4c3a-899f-6e5c22310547,1-3924c022-f31f-488c-abe6-e0fb16f2ceae,1740621055
4482a031-efdb-4c3a-899f-6e5c22310547,1-60eac524-4210-468a-9d37-ea78f09531e9,1740543661
4482a031-efdb-4c3a-899f-6e5c22310547,1-102625c1-c74c-490c-b7f8-07fe7c567254,1740540591
4482a031-efdb-4c3a-899f-6e5c22310547,1-faaa95f8-5e55-44d8-8fb0-d3883d40773d,1740536987
4482a031-efdb-4c3a-899f-6e5c22310547,1-be6c6a4a-2c02-41f1-899f-932a10601225,1739843011
4482a031-efdb-4c3a-899f-6e5c22310547,1-3ab48a20-9d6f-4b92-9b3a-2468810736c7,1715975195
4482a031-efdb-4c3a-899f-6e5c22310547,1-99150a64-accb-45c9-a32e-627f0677e858,1715875293
4482a031-efdb-4c3a-899f-6e5c22310547,1-fbfd32b3-31e5-4ec6-8bff-9ef433b3c8eb,1715825138
4482a031-efdb-4c3a-899f-6e5c22310547,1-58f3f595-57a0-43cc-973e-4dbcd559a553,1715805700
4482a031-efdb-4c3a-899f-6e5c22310547,1-1faef6a3-cccf-4c67-8ee6-98a06de14259,1715789369
4482a031-efdb-4c3a-899f-6e5c22310547,1-475840e0-ad0f-4e25-be91-39cd6df8bb82,1715738282
4482a031-efdb-4c3a-899f-6e5c22310547,1-9f719310-ffa1-46f3-ba58-bfbfbf287aa0,1715711769
4482a031-efdb-4c3a-899f-6e5c22310547,1-8d4bb8a9-40e5-4eb9-acb6-e06704dca441,1715661395
4482a031-efdb-4c3a-899f-6e5c22310547,1-bbdb1674-f8a0-49c7-92c1-3ae7ce5e8209,1715658957
b10cd2ba-fdaf-46bf-aba0-7397bde298e9,1-b9f3ca4d-2d6e-4ad9-bfe0-f755106539b8,1787943074
b10cd2ba-fdaf-46bf-aba0-7397bde298e9,1-530034d1-fbdc-415a-8ac1-31682aa55884,1787941592
b10cd2ba-fdaf-46bf-aba0-7397bde298e9,1-65c103cf-f992-4f6e-9835-1a815ed33f2b,1787892034
b10cd2ba-fdaf-46bf-aba0-7397bde298e9,1-db9b628a-b6ab-47db-acc3-1cab2fb08175,1787859466
b10cd2ba-fdaf-46bf-aba0-7397bde298e9,1-cd24cd60-0993-4bd0-8d01-2126e1cc8d75,1787856677
b10cd2ba-fdaf-46bf-aba0-7397bde298e9,1-ba466636-17f6-4e88-98cd-8065244b7bdb,1787769109
b10cd2ba-fdaf-46bf-aba0-7397bde298e9,1-a95fb5cd-ccba-48a7-8753-b8c434e5b7d5,1787766193
b10cd2ba-fdaf-46bf-aba0-7397bde298e9,1-4e438dc6-e5d3-4f62-9547-26680450592d,1787716168
b10cd2ba-fdaf-46bf-aba0-7397bde298e9,1-000a4040-5366-426a-968a-d28f8fa466dc,1787376769
b10cd2ba-fdaf-46bf-aba0-7397bde298e9,1-b0208987-ef55-4b81-aee6-b7518aebe2fa,1787373936
b10cd2ba-fdaf-46bf-aba0-7397bde298e9,1-18422a85-9e52-4101-a8f5-a4315e8006e4,1787371458
b10cd2ba-fdaf-46bf-aba0-7397bde298e9,1-657c6bdd-c826-4cc7-a980-55f931d3f12e,1787367626
b10cd2ba-fdaf-46bf-aba0-7397bde298e9,1-787df509-1a44-4049-9324-4d7c0d451522,1787338367
b10cd2ba-fdaf-46bf-aba0-7397bde298e9,1-d4da3b71-a414-4a19-b79c-f582ba23a082,1787333420
b10cd2ba-fdaf-46bf-aba0-7397bde298e9,1-1af617e3-8a00-49a8-98eb-cbcd1d422328,1787286865
b10cd2ba-fdaf-46bf-aba0-7397bde298e9,1-57657342-bea7-4020-a244-3f059fc7444a,1787249771
b10cd2ba-fdaf-46bf-aba0-7397bde298e9,1-9fc17cdd-2505-4834-a416-e89e5f73b44a,1787247315
b10cd2ba-fdaf-46bf-aba0-7397bde298e9,1-a8310356-bf04-4c4d-87e7-b36cf00f2dcb,1787193841
b10cd2ba-fdaf-46bf-aba0-7397bde298e9,1-d12126cb-a55c-411f-bb80-e015ab217928,1787169722
b10cd2ba-fdaf-46bf-aba0-7397bde298e9,1-fa220221-9ba4-49a4-b29b-3c68b2aae770,1787167554
b10cd2ba-fdaf-46bf-aba0-7397bde298e9,1-55fea078-97b3-43c3-b9d8-d5ce59b07826,1787162488
b10cd2ba-fdaf-46bf-aba0-7397bde298e9,1-d0d095ef-497c-4001-ac72-c212104ddbd5,1787160052
b10cd2ba-fdaf-46bf-aba0-7397bde298e9,1-c0248240-cdf2-471f-bdcf-9d8898016b69,1787001059
b10cd2ba-fdaf-46bf-aba0-7397bde298e9,1-3e0cb7c4-d75a-48bf-9dff-84d1a7667836,1786944679
b10cd2ba-fdaf-46bf-aba0-7397bde298e9,1-a3686eff-cd1f-431f-8ce1-294d1c8ab1bc,1786941967
b10cd2ba-fdaf-46bf-aba0-7397bde298e9,1-82c2eb98-913d-478d-b522-67bbcb768e6c,1786938328
b10cd2ba-fdaf-46bf-aba0-7397bde298e9,1-57ee773f-e4a9-4613-9638-bee8e61ad9ec,1786934922
b10cd2ba-fdaf-46bf-aba0-7397bde298e9,1-f264ee0c-8d09-42e6-b04b-69c85a526e8b,1786911223
b10cd2ba-fdaf-46bf-aba0-7397bde298e9,1-2d01a6c6-1475-4092-90cd-b0fee0428332,1786833996
b10cd2ba-fdaf-46bf-aba0-7397bde298e9,1-dc2b08b4-391e-4e78-b2e5-7f554428773e,1786773960
b10cd2ba-fdaf-46bf-aba0-7397bde298e9,1-daa74421-6d43-4e48-aa9f-68d744229521,1786772332
b10cd2ba-fdaf-46bf-aba0-7397bde298e9,1-9dcdd306-7cbd-4bb2-b0ef-f827ee288607,1786769368
b10cd2ba-fdaf-46bf-aba0-7397bde298e9,1-c5658a5b-be42-4dd7-b6c7-c4a7d784fb02,1786767653
b10cd2ba-fdaf-46bf-aba0-7397bde298e9,1-d73a44f0-461b-4c66-b3d2-fdfae2174dd0,1786765544
b10cd2ba-fdaf-46bf-aba0-7397bde298e9,1-59f8e0bb-c982-4679-b474-a3c0f73744ea,1786762983
b10cd2ba-fdaf-46bf-aba0-7397bde298e9,1-83e4b310-485b-443d-9d0b-fbcdc142db67,1786731125
b10cd2ba-fdaf-46bf-aba0-7397bde298e9,1-b93ab8ff-6913-41e2-9b50-d900ff6d90c0,1786728783
b10cd2ba-fdaf-46bf-aba0-7397bde298e9,1-0600c9eb-ab17-418a-9d7b-925a7f0c4d08,1786643015
b10cd2ba-fdaf-46bf-aba0-7397bde298e9,1-096bbea9-3230-4060-bb70-b6c453f27895,1786588466
b10cd2ba-fdaf-46bf-aba0-7397bde298e9,1-f168b3b8-e04b-46be-b8fe-f8fe81e7a054,1786585919
b10cd2ba-fdaf-46bf-aba0-7397bde298e9,1-0b99c4be-3c3c-4d8f-86a0-e16df12a20de,1786567722
b10cd2ba-fdaf-46bf-aba0-7397bde298e9,1-543268a8-e991-40ef-a0df-9f831c76953b,1786565335
b10cd2ba-fdaf-46bf-aba0-7397bde298e9,1-2bbf5d77-b1d0-459b-a426-bf2c56102656,1786558532
b10cd2ba-fdaf-46bf-aba0-7397bde298e9,1-36ee503b-6540-4a9a-9966-b975d2fb8151,1786507375
b10cd2ba-fdaf-46bf-aba0-7397bde298e9,1-192c1e76-52de-4d67-b43d-5e543975005f,1786504018
b10cd2ba-fdaf-46bf-aba0-7397bde298e9,1-8290cc35-b6d7-443d-81ca-e59b785d531f,1786500901
b10cd2ba-fdaf-46bf-aba0-7397bde298e9,1-108906b5-cb49-4eff-9648-a2ccc56014dd,1786489761
b10cd2ba-fdaf-46bf-aba0-7397bde298e9,1-72f42aa6-8d69-48c1-95c7-058aaffe6b2e,1786485766
b10cd2ba-fdaf-46bf-aba0-7397bde298e9,1-8ee5fec7-6769-45df-ab54-ef9ec638d51b,1786474501
b10cd2ba-fdaf-46bf-aba0-7397bde298e9,1-1635c7a9-a4d4-494e-911c-9224e3704eaf,1786471574
b10cd2ba-fdaf-46bf-aba0-7397bde298e9,1-c6cc558e-a1c5-4a28-8798-1d005ac9d2a2,1786330032
b10cd2ba-fdaf-46bf-aba0-7397bde298e9,1-d0013127-fba3-4bbe-a01b-ece8b3b712b1,1786327897
b10cd2ba-fdaf-46bf-aba0-7397bde298e9,1-4ad7bd66-b608-4f4d-b3bf-1c8c567dafff,1786316357
b10cd2ba-fdaf-46bf-aba0-7397bde298e9,1-48b0d32c-207a-40ee-ab0f-144928aa1500,1786313231
b10cd2ba-fdaf-46bf-aba0-7397bde298e9,1-079e9cf7-c9de-4f85-88d0-6cae3fe6c931,1786310304
b10cd2ba-fdaf-46bf-aba0-7397bde298e9,1-87425689-70da-472c-b8a7-def88732a9a0,1786306604
b10cd2ba-fdaf-46bf-aba0-7397bde298e9,1-b58f3cd8-2116-4e53-9f33-4a94d3a620ac,1786303567
b10cd2ba-fdaf-46bf-aba0-7397bde298e9,1-ff706aa9-1dd4-49e8-be39-3ed485b95029,1786301327
b10cd2ba-fdaf-46bf-aba0-7397bde298e9,1-2684ac3e-5767-423e-9e42-96b414b00f76,1786299233
b10cd2ba-fdaf-46bf-aba0-7397bde298e9,1-bf08a822-ac97-4b6d-8cea-f93ff0002a45,1786164275
b10cd2ba-fdaf-46bf-aba0-7397bde298e9,1-c1997be6-69bb-49c0-8d51-10128a8670b0,1786162020
b10cd2ba-fdaf-46bf-aba0-7397bde298e9,1-d3c374ad-f64d-4be4-9ba5-d837ea2004e7,1786159664
b10cd2ba-fdaf-46bf-aba0-7397bde298e9,1-bab30a3c-e3b3-4a8c-9ec1-f7c3d3074d20,1786157243
b10cd2ba-fdaf-46bf-aba0-7397bde298e9,1-5deafa2d-fb1f-4c9a-8be7-ca5c689d2aa5,1786155381
b10cd2ba-fdaf-46bf-aba0-7397bde298e9,1-faa519eb-b245-49be-b15f-959100e869ea,1786126171
b10cd2ba-fdaf-46bf-aba0-7397bde298e9,1-61705934-2c47-4f12-86b7-a31b6d065a7f,1786058628
b10cd2ba-fdaf-46bf-aba0-7397bde298e9,1-7d884da0-67f1-4991-b6bc-051be2de49fc,1786055558
b10cd2ba-fdaf-46bf-aba0-7397bde298e9,1-1d061802-99ca-4147-855d-ab4664e3cb89,1786038846
b10cd2ba-fdaf-46bf-aba0-7397bde298e9,1-935fcd28-654d-4fa7-a8df-f2e8d46db1c2,1786036232
b10cd2ba-fdaf-46bf-aba0-7397bde298e9,1-09befcc7-60a9-4cc9-bb61-d0a949763e90,1785958013
b10cd2ba-fdaf-46bf-aba0-7397bde298e9,1-2bc95098-2cd1-4c64-b112-0f7a4b75f10a,1785727949
b10cd2ba-fdaf-46bf-aba0-7397bde298e9,1-a93b30ef-2da5-4455-91b9-46a3387f8b9f,1785725248
b10cd2ba-fdaf-46bf-aba0-7397bde298e9,1-ab125b6d-53f0-4b5d-8f04-f8049b13f1c0,1785722476
b10cd2ba-fdaf-46bf-aba0-7397bde298e9,1-2a235593-5d6a-49fd-85d7-ddace665289a,1785702837
b10cd2ba-fdaf-46bf-aba0-7397bde298e9,1-8ff9d783-33df-42b4-b7c9-75ea1447fe86,1785700998
b10cd2ba-fdaf-46bf-aba0-7397bde298e9,1-bfa3e313-ab37-437a-baf9-1d0aebc8a447,1785698312
b10cd2ba-fdaf-46bf-aba0-7397bde298e9,1-67612f03-0666-4d0c-b7fd-db0f5e13574f,1785613392
b10cd2ba-fdaf-46bf-aba0-7397bde298e9,1-823511fc-991d-412e-85c7-28440eba8447,1785556348
b10cd2ba-fdaf-46bf-aba0-7397bde298e9,1-ed6583b6-e2a9-4831-a693-e7425d6e93ec,1785554841
b10cd2ba-fdaf-46bf-aba0-7397bde298e9,1-fd85aa74-df19-426a-9a67-ed2da98d3263,1785459605
b10cd2ba-fdaf-46bf-aba0-7397bde298e9,1-968a5f32-3b05-4148-a464-bda4b71568c7,1785435225
b10cd2ba-fdaf-46bf-aba0-7397bde298e9,1-063caaf6-e25f-45a8-a14f-e20f037818b9,1785431934
b10cd2ba-fdaf-46bf-aba0-7397bde298e9,1-596fdca1-f0e8-4fb2-9887-ad7d23216297,1785380556
b10cd2ba-fdaf-46bf-aba0-7397bde298e9,1-45830e6f-da2f-4f19-ad9c-cde198b6e603,1785377870
b10cd2ba-fdaf-46bf-aba0-7397bde298e9,1-71d594c8-793c-4ced-b5b1-a94e45342df0,1785294380
b10cd2ba-fdaf-46bf-aba0-7397bde298e9,1-7a8b01dd-56e6-44b1-9b22-24d223f071c3,1785291861
b10cd2ba-fdaf-46bf-aba0-7397bde298e9,1-c2064980-1eb2-4e66-8fdf-3af1c0ed4b87,1785288794
b10cd2ba-fdaf-46bf-aba0-7397bde298e9,1-e084f3fd-a602-4185-8b03-d2c148f38b62,1785268820
b10cd2ba-fdaf-46bf-aba0-7397bde298e9,1-0e2dae17-8ace-4386-baea-4747c169f9ed,1785266138
b10cd2ba-fdaf-46bf-aba0-7397bde298e9,1-d09d9152-e67b-421f-81e2-04391399b6d9,1785263505
b10cd2ba-fdaf-46bf-aba0-7397bde298e9,1-d0ff7eed-37c9-447e-b86c-7818afe8cb01,1785119814
b10cd2ba-fdaf-46bf-aba0-7397bde298e9,1-51fcf27d-7754-4290-9a53-89b8c1c8f2b4,1785099847
b10cd2ba-fdaf-46bf-aba0-7397bde298e9,1-ce7c4723-fc5e-4d11-b257-e89c814b118b,1785097137
b10cd2ba-fdaf-46bf-aba0-7397bde298e9,1-0e623404-9783-4c2f-a6f1-b16749f1b0b5,1785094603
b10cd2ba-fdaf-46bf-aba0-7397bde298e9,1-cb9952c0-e02b-45e3-a04c-2bd0163b61f0,1785091838
b10cd2ba-fdaf-46bf-aba0-7397bde298e9,1-3acdc288-8ebf-4040-ba93-36ec7d614e85,1785089865
b10cd2ba-fdaf-46bf-aba0-7397bde298e9,1-67aeb8b5-203c-40da-8e94-37dc79d3cf1e,1785034649
b10cd2ba-fdaf-46bf-aba0-7397bde298e9,1-3d71a01a-4ed2-4803-b083-91fa114dc3aa,1785032472
b10cd2ba-fdaf-46bf-aba0-7397bde298e9,1-2e8f7101-cbfa-45ed-9e4f-7fa352d6a71c,1784956236
b10cd2ba-fdaf-46bf-aba0-7397bde298e9,1-56aebeff-2a0e-4e7c-8703-00937fcc33a8,1784952374
b10cd2ba-fdaf-46bf-aba0-7397bde298e9,1-aba1b7a6-5611-4d13-b40e-cb6917d14159,1784948278
b10cd2ba-fdaf-46bf-aba0-7397bde298e9,1-6a1e5536-590f-496e-b24b-02c5cf8b8994,1784944770
b10cd2ba-fdaf-46bf-aba0-7397bde298e9,1-7e2a6624-a594-42bb-af15-7af1c23a2c91,1784923446
b10cd2ba-fdaf-46bf-aba0-7397bde298e9,1-7d6b1e8c-e93c-4d53-ad99-450bb06e60fc,1784921215
b10cd2ba-fdaf-46bf-aba0-7397bde298e9,1-de96bacc-0380-4e10-b866-8b0241dd8c13,1784914648
b10cd2ba-fdaf-46bf-aba0-7397bde298e9,1-68f66dc3-f991-4c7b-ae73-da3937441986,1784912034
b10cd2ba-fdaf-46bf-aba0-7397bde298e9,1-49403ed2-4873-44ec-bdae-56b9930f9d2c,1784828969
b10cd2ba-fdaf-46bf-aba0-7397bde298e9,1-e12f093d-8a80-48e5-b457-1bb2c1ff8415,1784827284
b10cd2ba-fdaf-46bf-aba0-7397bde298e9,1-40f9ce03-a573-48a7-ac6e-1f71a7fa83bc,1784779870
b10cd2ba-fdaf-46bf-aba0-7397bde298e9,1-6a72ae6b-abd3-4de1-bf72-00e53581ba63,1784313336
b10cd2ba-fdaf-46bf-aba0-7397bde298e9,1-c2f62a3c-b4ab-4721-a024-67d46626a439,1784308985
b10cd2ba-fdaf-46bf-aba0-7397bde298e9,1-78182523-279e-49cb-88c1-64e13f8e5ed6,1784086700
b10cd2ba-fdaf-46bf-aba0-7397bde298e9,1-dc518002-43a3-49ce-a678-ffab52d43d47,1784084546
b10cd2ba-fdaf-46bf-aba0-7397bde298e9,1-d9f6df3f-6f69-495c-8f6f-37f6317fceda,1784081720
b10cd2ba-fdaf-46bf-aba0-7397bde298e9,1-3f67abb1-578b-4bc8-8bea-0f1f6b494ad4,1783999418
b10cd2ba-fdaf-46bf-aba0-7397bde298e9,1-7d2e4c97-2a54-4aa5-98fa-68a66e69f8cf,1783552604
b10cd2ba-fdaf-46bf-aba0-7397bde298e9,1-91a28050-143a-4267-96d6-689d28837db5,1783549798
b10cd2ba-fdaf-46bf-aba0-7397bde298e9,1-5e660c63-8fd5-403a-8c90-070b015bcab4,1783280974
b10cd2ba-fdaf-46bf-aba0-7397bde298e9,1-1e431e41-bafe-4519-8f90-8e10352caa29,1783278057
b10cd2ba-fdaf-46bf-aba0-7397bde298e9,1-15fb2785-2861-42fd-8325-a58c8c8d01ec,1783143118
b10cd2ba-fdaf-46bf-aba0-7397bde298e9,1-9e45f708-d71d-489d-b61f-94e53e6872c6,1783140335
b10cd2ba-fdaf-46bf-aba0-7397bde298e9,1-0d8192e9-ac94-4fc4-9d51-8eae6f347d24,1783136714
b10cd2ba-fdaf-46bf-aba0-7397bde298e9,1-09f96c6a-fe6c-4105-a2c7-3f525849b5be,1783133155
b10cd2ba-fdaf-46bf-aba0-7397bde298e9,1-81c39b85-29dd-43a1-8c2b-8ea3effde13c,1783052830
b10cd2ba-fdaf-46bf-aba0-7397bde298e9,1-a4b40a22-bb8a-4916-9420-5912175e93b2,1783049522
b10cd2ba-fdaf-46bf-aba0-7397bde298e9,1-445079d3-2c6c-43a8-a178-e9c97935cda6,1782962457
b10cd2ba-fdaf-46bf-aba0-7397bde298e9,1-ad40c6b0-376b-4377-b923-e27d407bae4b,1782872382
b10cd2ba-fdaf-46bf-aba0-7397bde298e9,1-952a25fc-8e57-4ce9-8ade-3f30e23f9674,1782869816
b10cd2ba-fdaf-46bf-aba0-7397bde298e9,1-1d6c1210-3d34-4660-b16e-916f816c4777,1782792987
b10cd2ba-fdaf-46bf-aba0-7397bde298e9,1-432e191e-e4c4-4066-9f3a-cff5a4594faf,1782788092
b10cd2ba-fdaf-46bf-aba0-7397bde298e9,1-f34b84d8-14c4-49ff-b284-891d03a293f8,1782785373
b10cd2ba-fdaf-46bf-aba0-7397bde298e9,1-f4f20610-a339-43d6-8348-d29a1dff35d2,1782703566
b10cd2ba-fdaf-46bf-aba0-7397bde298e9,1-0b809420-79d7-492b-b199-1455385bcfda,1782700489
b10cd2ba-fdaf-46bf-aba0-7397bde298e9,1-a944a1eb-566f-4966-9477-7cf9a5feb891,1782632718
b10cd2ba-fdaf-46bf-aba0-7397bde298e9,1-e3e8e680-4ac6-4e13-afdb-45fe383d60a3,1782630188
b10cd2ba-fdaf-46bf-aba0-7397bde298e9,1-e919ebb9-57b1-4efb-a30f-bd8f06a5384a,1782627651
b10cd2ba-fdaf-46bf-aba0-7397bde298e9,1-c25cb064-af5a-4b80-89c4-216a5d5f792a,1782625326
b10cd2ba-fdaf-46bf-aba0-7397bde298e9,1-92efc8e8-9458-4332-b042-b35d089f0043,1782623364
b10cd2ba-fdaf-46bf-aba0-7397bde298e9,1-76a70a3d-8544-4ece-bdb5-e8d9f3e5d372,1782541570
b10cd2ba-fdaf-46bf-aba0-7397bde298e9,1-d20091cf-e75b-4461-a0a3-91f2dcdc9a68,1782538524
b10cd2ba-fdaf-46bf-aba0-7397bde298e9,1-415f9250-bbe4-4497-98c2-03bcaa9525f9,1782536466
b10cd2ba-fdaf-46bf-aba0-7397bde298e9,1-ab383e75-f1ed-402c-af63-a8fffbe43b81,1782532103
b10cd2ba-fdaf-46bf-aba0-7397bde298e9,1-e904cb9d-dd09-4a86-995d-d6bcd58e6ff7,1782529277
b10cd2ba-fdaf-46bf-aba0-7397bde298e9,1-2fccf106-754a-4596-ba59-1c7270165052,1782359247
b10cd2ba-fdaf-46bf-aba0-7397bde298e9,1-5cb67f10-83aa-41b3-b907-982cbe365eb2,1782356693
b10cd2ba-fdaf-46bf-aba0-7397bde298e9,1-560d4446-ccc1-49df-ac55-bf70c7445f84,1782354085
b10cd2ba-fdaf-46bf-aba0-7397bde298e9,1-3910a1b2-d4f1-40f2-a511-bcfda065286e,1782351800
b10cd2ba-fdaf-46bf-aba0-7397bde298e9,1-42060785-e7b9-4bb6-aad9-7ff8756e1bc2,1782269618
b10cd2ba-fdaf-46bf-aba0-7397bde298e9,1-99317f81-b2bf-43e7-9bf9-957f8a9643f1,1782266748
b10cd2ba-fdaf-46bf-aba0-7397bde298e9,1-74969066-82ac-4661-a5a3-4fa842ebfc78,1782258488
b10cd2ba-fdaf-46bf-aba0-7397bde298e9,1-4daeafd0-4b13-45b6-8561-8db210a7f819,1782256438
b10cd2ba-fdaf-46bf-aba0-7397bde298e9,1-eeb12d3d-9e14-41cb-b082-8211059c2a1b,1782253021
b10cd2ba-fdaf-46bf-aba0-7397bde298e9,1-8c74be19-21d4-4c88-91bf-d0e7b3dc80e2,1782184038
b10cd2ba-fdaf-46bf-aba0-7397bde298e9,1-612097d1-1dd1-4301-a29f-86308e82af37,1782181522
b10cd2ba-fdaf-46bf-aba0-7397bde298e9,1-ac75bdb7-bd3e-4a74-9e3e-8c83b7fe83c6,1782179833
b10cd2ba-fdaf-46bf-aba0-7397bde298e9,1-0d5dd713-9bf3-4779-963e-660e8cfb0f8f,1782172569
b10cd2ba-fdaf-46bf-aba0-7397bde298e9,1-09b44161-aab5-4710-b542-5cdca12355f2,1782099638
b10cd2ba-fdaf-46bf-aba0-7397bde298e9,1-49c3c7b6-b427-4d64-9913-9ecfc12259bd,1782094629
b10cd2ba-fdaf-46bf-aba0-7397bde298e9,1-64c6f34e-19d1-4ec8-b271-291286e4962d,1780032179
b10cd2ba-fdaf-46bf-aba0-7397bde298e9,1-f501fa22-9942-4baa-a6d9-9aa6dafe1c68,1779683052
b10cd2ba-fdaf-46bf-aba0-7397bde298e9,1-1b134a68-221f-429b-93b4-b7e2b9a24acc,1776370201
b10cd2ba-fdaf-46bf-aba0-7397bde298e9,1-613ef07b-9b09-4d61-bc72-c2e4c2ae6b43,1776317956
b10cd2ba-fdaf-46bf-aba0-7397bde298e9,1-6f05334a-842d-4faa-ab6b-05d9ed100b87,1776314947
b10cd2ba-fdaf-46bf-aba0-7397bde298e9,1-42b8dbaa-01f6-4f4d-800c-9e42981e04ef,1776312665
b10cd2ba-fdaf-46bf-aba0-7397bde298e9,1-6cdee529-ab56-4c0f-9b64-d0bd699c7734,1776295912
b10cd2ba-fdaf-46bf-aba0-7397bde298e9,1-5c78fb51-7d75-4bda-9e7b-e74dec3083df,1776293095
b10cd2ba-fdaf-46bf-aba0-7397bde298e9,1-a24c5323-1a92-4775-be1c-9de9dbcbf1f5,1776290937
b10cd2ba-fdaf-46bf-aba0-7397bde298e9,1-92c427ac-5a23-465b-89dc-67ba3b2ab7b3,1776234205
b10cd2ba-fdaf-46bf-aba0-7397bde298e9,1-5422da4d-109d-4b57-bd34-bee28f0397f3,1776231908
b10cd2ba-fdaf-46bf-aba0-7397bde298e9,1-db6b4580-7d3a-4f50-879c-f7e6d610fca7,1776227229
b10cd2ba-fdaf-46bf-aba0-7397bde298e9,1-0661ca65-04db-480c-9a70-25a926cf9c75,1775631683
b10cd2ba-fdaf-46bf-aba0-7397bde298e9,1-5d91c240-7102-41d6-bd61-cf78f5ea56a8,1774240952
b10cd2ba-fdaf-46bf-aba0-7397bde298e9,1-24a026fb-19e3-4ecc-8c5f-240acd6d4e11,1765050529
b10cd2ba-fdaf-46bf-aba0-7397bde298e9,1-8406ad9b-5820-4a44-a31f-fed599c4d9df,1765048351
b10cd2ba-fdaf-46bf-aba0-7397bde298e9,1-8b871876-c95a-4a2b-9104-456d3ac81aa4,1765045661
b10cd2ba-fdaf-46bf-aba0-7397bde298e9,1-66a404d7-7c7d-4edb-b154-f461c97fb445,1762495822
b10cd2ba-fdaf-46bf-aba0-7397bde298e9,1-4fe5b1ee-8b77-47d2-807c-261569b8a018,1762493792
b10cd2ba-fdaf-46bf-aba0-7397bde298e9,1-4b83c291-1058-43fa-b148-5cda9cdf4818,1762408318
b10cd2ba-fdaf-46bf-aba0-7397bde298e9,1-15eae770-589e-41a0-8ba1-29e0ebabbcbb,1761377051
b10cd2ba-fdaf-46bf-aba0-7397bde298e9,1-bd98523e-e653-4954-8e5f-af1762fc87bd,1760672971
b10cd2ba-fdaf-46bf-aba0-7397bde298e9,1-d71ba918-6f28-4047-8966-ad0e80ff30b7,1760669954
b10cd2ba-fdaf-46bf-aba0-7397bde298e9,1-aec2f448-19d3-4515-96f6-7fc657f0bc1d,1760667716
b10cd2ba-fdaf-46bf-aba0-7397bde298e9,1-addbc11b-eb4b-4534-a0b5-080a141753db,1760591592
b10cd2ba-fdaf-46bf-aba0-7397bde298e9,1-748e34be-1c6c-4e74-b076-7e3f29325459,1760072583
b10cd2ba-fdaf-46bf-aba0-7397bde298e9,1-5ed6e83a-1692-447e-a40a-600204569c50,1760070548
b10cd2ba-fdaf-46bf-aba0-7397bde298e9,1-b9222995-52ae-4e13-932b-032b149ad3ca,1759985041
b10cd2ba-fdaf-46bf-aba0-7397bde298e9,1-9a4a39ea-5104-4cda-b83f-f266152277ee,1759896541
b10cd2ba-fdaf-46bf-aba0-7397bde298e9,1-dffc5611-427b-4df7-8989-95ee6894ff66,1759892880
b10cd2ba-fdaf-46bf-aba0-7397bde298e9,1-dad604b8-2d65-45bc-99b0-8b8648f6f4a0,1759807323
b10cd2ba-fdaf-46bf-aba0-7397bde298e9,1-22f53552-a8b1-4223-9a0d-62427bac5bc2,1759727113
b10cd2ba-fdaf-46bf-aba0-7397bde298e9,1-3e899b0f-7808-4e47-be8d-ae237998c3e5,1759724364
b10cd2ba-fdaf-46bf-aba0-7397bde298e9,1-f873db09-be44-4c14-9bb2-92bcae0a5402,1759701418
